PSNR,MSE,SSIM,TSI,WS,CS,KL,HistI,HistC,CPL,SSS,VAE_RE,VIF,label
9.290871715010953,7655.8460087159865,0.8361020372354557,0.0,88.39311627382337,0.656223475933075,10.749403953552246,0.05201689898967743,-0.10014989835645367,0.16259805858135223,0.76708984375,0.011157111264765263,15.508111000061035,0
12.267781291510646,3857.4671091092687,0.9081466975978539,0.0,55.18488915474504,0.38528889417648315,7.6302924156188965,0.40216439962387085,0.06509891322552974,0.23331668972969055,0.171844482421875,0.011764821596443653,11.008185386657715,0
14.685011794197735,2210.9513246704932,0.8757879681675846,0.0,41.1622091145336,0.6897016763687134,10.01862621307373,0.3337850868701935,0.043632807544828456,0.15939979255199432,0.9802398681640625,0.010047903750091791,14.453824043273926,0
11.732441004862299,4363.512861394558,0.7076120979088023,-0.004394112602563986,36.43644373054243,0.33972635865211487,3.381321907043457,0.24956154823303223,0.28892988205702397,0.22305241227149963,1.0,0.008692122297361493,4.878216743469238,0
17.077421034220812,1274.4953563456634,0.7966287082855479,0.6936187384860346,34.62936476249706,0.8235718607902527,1.9049181938171387,0.6395487785339355,0.07296914561799471,0.16019569337368011,0.9009552001953125,0.02716461569070816,2.748216390609741,0
10.855513226367687,5339.849762170493,0.966546128148984,0.2768047688757355,12.361328264302829,0.4825572967529297,0.6724966764450073,0.6420400142669678,0.59850509453659,0.3881340026855469,0.68695068359375,0.021185414865612984,0.970207691192627,0
18.28675305009301,964.7283827593537,0.8784996729951906,0.0,23.1520647292286,0.6664348840713501,7.445248603820801,0.3936144709587097,0.185170627994068,0.15850381553173065,0.9522781372070312,0.009199050022289157,10.74122428894043,0
17.96476534527161,1038.971958705357,0.9485434765767476,0.4057514933506851,16.23969639864024,0.8237752318382263,2.506560802459717,0.7044403553009033,0.7647958882153731,0.1246759444475174,0.9930038452148438,0.014450059738010168,3.616203784942627,0
17.44886235861054,1170.0222616390306,0.8036782931161064,0.0,19.940290237149117,0.3408622443675995,16.994617462158203,0.05171795189380646,0.10775089105228705,0.11413715779781342,0.8281707763671875,0.007311576046049595,24.518049240112305,0
12.288624441495129,3838.9982727465986,0.7917378156880577,0.0,46.707110963668995,0.5702868103981018,5.936826705932617,0.2359095960855484,0.1223781843657276,0.2575768530368805,0.03363800048828125,0.011496556922793388,8.565030097961426,0
18.624075557549354,892.6327261373299,0.7775264970154205,0.0,22.3001435142503,0.44190990924835205,11.359582901000977,0.31028780341148376,0.5200547042918201,0.16297303140163422,1.0,0.006861936068162322,16.388412475585938,0
12.171951634390082,3943.5304395195576,0.9281912422508628,0.4761071325837807,13.696647867602834,0.6012066602706909,0.23860594630241394,0.7640306353569031,0.7206308786990628,0.24461524188518524,0.20964813232421875,0.013303740881383419,0.34423571825027466,0
16.00210523137702,1632.5625797193877,0.5320453901398078,0.0,29.49384171157952,0.18776701390743256,17.064720153808594,0.05540497228503227,0.1158018848381482,0.43571969866752625,0.2572784423828125,0.012627182877622545,24.619186401367188,0
10.123689798630549,6319.9170918367345,0.7493840246618865,0.27530808735075707,74.47771834878218,0.6192153692245483,2.328253746032715,0.4280133843421936,-0.1197923892580797,0.29367414116859436,0.8586273193359375,0.022965360432863235,3.3589606285095215,0
10.235554947571577,6159.207934736394,0.7380358020024457,0.0,74.35255871598629,0.6112990975379944,9.26403522491455,0.35118386149406433,0.19727675473410197,0.26571351289749146,0.9889259338378906,0.014687158167362213,13.365179061889648,0
22.407011856757563,373.5761785182823,0.8488205408412169,0.17482186346296835,2.888592209526789,0.41949036717414856,0.1335863173007965,0.8255141973495483,0.6545500292231095,0.3071960210800171,0.8493270874023438,0.016004121862351894,0.1927242875099182,0
25.63418336683313,177.6896059204932,0.9696217297322873,0.5614088979527484,6.05927157386118,0.9238817691802979,0.2326841652393341,0.8790856599807739,0.9982209643019289,0.030754759907722473,0.9908714294433594,0.023223339579999447,0.3356921076774597,0
19.004933196882135,817.6869021045918,0.8417666647923044,0.0,22.49288494280155,0.43844786286354065,1.0801777839660645,0.6324537992477417,0.7083864266756744,0.2723301947116852,0.5833549499511719,0.007151947822421789,1.5583670139312744,0
14.193705758494593,2475.767086522109,0.8224782663322071,0.0,28.270647341192166,0.49944236874580383,7.682065963745117,0.5288783311843872,0.44396175264633847,0.3902945816516876,0.7974357604980469,0.014546697493642569,11.082878112792969,0
13.597990050250075,2839.7581579506805,0.590651283073744,0.0,46.65365914464006,0.38390952348709106,16.189300537109375,0.0789620503783226,-0.018269471450857104,0.3618864119052887,0.8019447326660156,0.00989939272403717,23.356224060058594,1
8.979901250067847,8224.135097789116,0.7415718428776605,-0.001111097610759788,75.70316492274394,0.3476797640323639,4.050251007080078,0.32772645354270935,0.08502437547024001,0.3521016538143158,0.6324081420898438,0.009789652656763792,5.843276500701904,0
8.357862568038806,9490.609494579081,0.6060550982470921,0.0,88.07764657779178,0.33660486340522766,12.413227081298828,0.1316964328289032,-0.27316463494208104,0.307783305644989,0.21338653564453125,0.01444053603336215,17.90850257873535,0
23.159828190283775,314.121412627551,0.9509244121812154,0.2192372158101945,11.12218987769844,0.8366277813911438,1.6831127405166626,0.6696628332138062,0.5020938546727597,0.15290726721286774,0.6286849975585938,0.015561286825686693,2.428218364715576,0
9.562315241778487,7191.986055750425,0.600664017355783,0.0,70.48012976354516,0.31252968311309814,12.492708206176758,0.23313936591148376,-0.4185078731220091,0.43188318610191345,0.7358169555664062,0.018545896280556917,18.023170471191406,0
8.74071714764616,8689.77729060374,0.6352841778182402,0.0,90.14566708228439,0.3584626317024231,7.9715118408203125,0.35704320669174194,-0.10757676885427855,0.3675658404827118,1.0,0.01999998651444912,11.500460624694824,1
21.034759537941472,512.3944382440476,0.9457829069627178,0.0,2.4664781207566118,0.42244216799736023,0.07617107033729553,0.8419363498687744,0.9033621248979016,0.2195049673318863,1.0,0.00816363631747663,0.10989148914813995,0
18.72247479353144,872.635509672619,0.9631009802222215,0.28836034161521534,6.529974460749552,0.7596843838691711,0.1811266392469406,0.7602239847183228,0.8174413386506001,0.14914679527282715,0.9780693054199219,0.012630109675228596,0.26131048798561096,0
19.459832136194144,736.3717979379252,0.9674706107820557,0.666961240420688,5.085917649385722,0.7027304768562317,0.03352174907922745,0.89644455909729,0.9409993773310411,0.28683117032051086,0.8226585388183594,0.022256452590227127,0.04836165904998779,0
13.433786044291132,2949.183235012755,0.8435224123809227,0.1907357719854922,46.95057407917497,0.4573066234588623,6.85165548324585,0.4132254421710968,0.2832661226064741,0.2105877548456192,0.9862899780273438,0.011691610794514418,9.884849548339844,0
15.198542661238568,1964.3826729910713,0.7613917580044176,0.6409690555659682,40.39716212606156,0.6788097620010376,2.4933087825775146,0.3927774131298065,0.1383835445302798,0.11441732943058014,0.8804740905761719,0.014859438873827457,3.5970840454101562,0
4.685918162650202,22104.899493781886,0.5418010445169553,0.0,102.52782205070693,0.2562403082847595,15.300729751586914,0.14572705328464508,-0.2746574916361373,0.2853844165802002,0.363006591796875,0.019453844521194696,22.07428550720215,0
17.35113143872805,1196.650197969813,0.860779028373437,0.0,6.588787235104668,0.49696630239486694,0.14085593819618225,0.8113440871238708,0.7592915236825207,0.19396929442882538,1.0,0.011952215805649757,0.20321215689182281,0
16.70754703037481,1387.7960844494048,0.880868030880846,0.0,16.349111099692145,0.6988021731376648,4.44863224029541,0.6229273080825806,0.6322533532036404,0.18347014486789703,0.7662124633789062,0.012188258115202188,6.4180192947387695,0
19.191056554083506,783.3840149340987,0.8083599363558795,-0.0030562970448364314,1.0188735013277452,0.30306610465049744,0.025937775149941444,0.9233697056770325,0.9671788490951634,0.5289513468742371,0.3860282897949219,0.018505019135773182,0.03742029890418053,1
13.156664418651863,3143.503288424745,0.9092547570515913,0.5414289969109081,52.87605624049479,0.6016433835029602,1.4321315288543701,0.5193917751312256,0.11937015194581922,0.23953640460968018,0.22407150268554688,0.01663041952997446,2.066129446029663,0
13.573515960879403,2855.8064147534014,0.8912980098349623,0.0,26.12525915927914,0.5613431930541992,3.3447537422180176,0.6303811073303223,0.5102138435310676,0.18712568283081055,0.9778366088867188,0.02295245323330164,4.825459957122803,0
20.97158230444325,519.9027689200681,0.8899982189616705,0.5904361282938717,16.91814913552776,0.8557896018028259,0.7365108132362366,0.6987603902816772,0.7908945238852805,0.10657741129398346,0.7190208435058594,0.020008930936455727,1.0625605583190918,1
6.189215018822373,15637.195252710459,0.5817412586656782,0.0,111.53904254584874,0.10911735147237778,17.72791290283203,0.0,-0.08890040980749624,0.2563237249851227,0.8461570739746094,0.007003892911598086,25.575969696044922,0
16.871529876742834,1336.3720171662414,0.7769830035917835,0.03990500310542708,3.8657723767937218,0.30711427330970764,0.0873071551322937,0.8599928617477417,0.868503368825186,0.45019713044166565,0.5257911682128906,0.016923648305237293,0.12595760822296143,1
8.351108754420327,9505.380042251276,0.8670981144776475,0.0,30.66159099789241,0.4879293143749237,3.747206687927246,0.4759446680545807,0.614596324289624,0.2051052451133728,0.9971923828125,0.015685633290559053,5.406076431274414,0
10.436812780381842,5880.2945764243195,0.4508157379710124,0.0,66.63151704705359,0.31952103972435,16.94306755065918,0.04125478118658066,-0.1360976453738485,0.35001155734062195,0.9139633178710938,0.007643215358257294,24.44367790222168,0
7.009155756971216,12946.869937818878,0.5584194981179046,0.08426490226812976,114.78340242273867,0.3199225068092346,7.735522270202637,0.067940853536129,-0.44894370735301287,0.3421376943588257,0.7552261352539062,0.012906443327665329,11.159998893737793,0
12.986777709314829,3268.907186702806,0.9715783102107003,0.0,12.774155061126198,0.6094284653663635,0.6656188368797302,0.5214245915412903,0.542283695138309,0.13538554310798645,0.9495658874511719,0.013289636466652155,0.9602850079536438,0
17.163440126620713,1249.500252444728,0.9589983021505407,0.0,7.285275793824351,0.5149921178817749,0.25610172748565674,0.77152419090271,0.7683134211045248,0.23318354785442352,0.6140098571777344,0.0075998189859092236,0.36947664618492126,0
8.75303004632472,8665.175362723214,0.5151544393671562,0.0,82.23230230107256,0.4007161259651184,17.168996810913086,0.03706951439380646,-0.29316207267021516,0.2954067587852478,0.8475074768066406,0.011789953336119652,24.76962661743164,0
10.597542323315242,5666.6465973108,0.6206954531953136,0.0,55.84777562641581,0.37772154808044434,9.216652870178223,0.41954320669174194,-0.12297931272927427,0.2302207499742508,0.9521865844726562,0.008432410191744566,13.296819686889648,0
14.080625090732966,2541.077155080782,0.8650892433384534,0.19971248438804604,39.14638504401116,0.47630035877227783,7.555331707000732,0.31281888484954834,0.0539847785675152,0.2993434965610504,0.920135498046875,0.013355601113289595,10.900039672851562,0
8.374375630452523,9454.592122395834,0.44612274210050507,0.0,79.00472330250767,0.46192246675491333,13.364628791809082,0.20402184128761292,0.053754549149262705,0.2865871489048004,1.0,0.0109985307790339,19.281082153320312,1
16.067977470593917,1607.9872980442176,0.831107181079159,0.0,23.162607561643135,0.5421411991119385,2.6461968421936035,0.5649116039276123,0.6882365752064417,0.22020168602466583,0.8362808227539062,0.010517439572140574,3.817655086517334,0
26.249555109995562,154.21437207695578,0.9626175453054705,0.6887480925015962,1.8277066108256275,0.6948086023330688,0.02896818518638611,0.9235690236091614,0.9709724430870387,0.1139293685555458,1.0,0.009569630492478609,0.04179225489497185,0
14.156689534349029,2496.958977731718,0.9705167412159352,0.3664187522885413,9.855847476805032,0.5733171105384827,0.0907883420586586,0.8430724143981934,0.6637024285009697,0.3310607671737671,0.21015167236328125,0.019774055108428,0.13097989559173584,0
15.31300427998303,1913.286172672194,0.7542635590774396,0.0,22.752590871959868,0.1975346952676773,13.705896377563477,0.24047353863716125,0.08700352983626904,0.5179837346076965,0.611724853515625,0.006375954020768404,19.773426055908203,0
10.893571485365154,5293.2598254145405,0.5455758620727905,0.0,54.54657607196859,0.22021980583667755,12.599259376525879,0.24284519255161285,0.1259534601818365,0.5910049080848694,0.27577972412109375,0.01130134193226695,18.176889419555664,0
25.92798538677648,166.06641953656464,0.9636726507705491,0.41989376903690895,1.1127033177481103,0.6735204458236694,0.02138424664735794,0.9239676594734192,0.939619212042499,0.2312508523464203,0.9350776672363281,0.013310072012245655,0.030850939452648163,0
25.218936074648294,195.51800329506804,0.9513571625017486,0.0,2.092374858167146,0.5532299876213074,0.06758996099233627,0.8963449001312256,0.9647341205434838,0.17330804467201233,1.0,0.011071958113461733,0.09751170873641968,0
7.571654457967945,11374.04429076318,0.5563303075939883,0.0009304469000570088,100.10080506570216,0.32574930787086487,10.764545440673828,0.061045121401548386,-0.4246554463395361,0.35452666878700256,0.4862937927246094,0.020177816972136497,15.529956817626953,0
15.954608204671546,1650.5152463329082,0.9262405142772001,0.7061668332178719,15.606345722771968,0.6711115837097168,0.469426691532135,0.7531090378761292,-0.07684147944996415,0.33926090598106384,0.5338211059570312,0.03312179632484913,0.6772394776344299,0
13.565731119589985,2860.930112670068,0.5354115222292435,0.022841141288674115,10.104492190739236,0.1737988442182541,0.5952596068382263,0.5787228941917419,0.2161954964546639,0.6564683318138123,0.3965797424316406,0.019598286598920822,0.8587782382965088,0
28.415610941989698,93.65247661564626,0.9626083606904228,0.4941387351244256,0.5904615950854161,0.7702593803405762,0.024624019861221313,0.927754282951355,0.9516791755498234,0.16835686564445496,1.0,0.015452941413968801,0.03552494943141937,0
11.878798144599488,4218.912773703231,0.8658184449412476,0.26300942775232133,11.904177253483638,0.4815724492073059,0.14461944997310638,0.8053053617477417,0.6929279541119252,0.5388864874839783,0.8809967041015625,0.02026601182296872,0.20864175260066986,0
16.417678958373973,1483.5851070897108,0.781315234887329,0.0,26.417231413479122,0.6306947469711304,8.281891822814941,0.47951212525367737,0.41958838876542903,0.1621231883764267,0.9564247131347656,0.011986466124653816,11.948244094848633,0
25.260436584751666,193.6585618622449,0.9592611346193942,0.0,2.7312261185996087,0.6547584533691406,0.038087643682956696,0.9045161008834839,0.9423086531343864,0.18184508383274078,0.15561294555664062,0.009022098500281572,0.054948847740888596,0
8.197879454988815,9846.738746279761,0.8175014833839361,0.06041779958623892,18.507652908953347,0.3086424767971039,0.2582539916038513,0.7426259517669678,0.7696398186338316,0.49297034740448,0.003253936767578125,0.03343157842755318,0.3725817799568176,0
13.065116973436549,3210.4703510310374,0.7567029526404152,0.30475426040658926,48.198162507148155,0.587807834148407,9.357561111450195,0.40230390429496765,0.11803459110555461,0.2565464377403259,0.9769744873046875,0.01643462060019374,13.500107765197754,0
12.573685622573388,3595.1068173363096,0.725822229983182,0.0,28.153180623593855,0.5881985425949097,8.471497535705566,0.4410076439380646,0.09746339138744893,0.25546929240226746,0.02752685546875,0.012881128117442131,12.221787452697754,0
14.788263915580021,2159.0065967793366,0.8609574049024469,0.7146035558354149,42.488141680965974,0.5652820467948914,2.0495057106018066,0.3924984037876129,-0.14110491479750328,0.23268429934978485,0.8095436096191406,0.011189883574843407,2.9568114280700684,0
16.057856409759705,1611.7390186543366,0.9696720554368191,0.3274955719525614,13.276167945600864,0.6334156394004822,6.177809238433838,0.6117267608642578,0.020718179013422936,0.21741215884685516,0.5838050842285156,0.01664847321808338,8.912694931030273,0
6.460848228135737,14689.111859587585,0.6983019483078685,0.06184506709563744,119.38964831808822,0.6942622065544128,7.972696781158447,0.05004384368658066,-0.17148149593278525,0.21959662437438965,1.0,0.010382665786892176,11.50217056274414,0
17.472781181402507,1163.5960618622448,0.9833461711097288,0.6526388824829417,5.425940648823557,0.6797847151756287,0.187602698802948,0.8171037435531616,0.49088217536083417,0.26936817169189453,0.4304237365722656,0.035964976996183395,0.27065348625183105,0
19.123314400924432,795.699198820153,0.7694823615685767,0.0,21.49776790449259,0.5939518809318542,8.804009437561035,0.33129385113716125,0.4036869805608602,0.15939170122146606,0.9964981079101562,0.009576223674230278,12.701502799987793,1
5.957301309914565,16494.92061941964,0.4965555096732902,0.02277132603694856,125.93457022574913,0.4137503504753113,14.260079383850098,0.046356819570064545,-0.17797015709635278,0.36957642436027527,0.8146591186523438,0.055482037365436554,20.572948455810547,0
14.14577626290567,2503.2414102359694,0.7660809398247344,0.0,31.5958824057223,0.4129999279975891,10.545978546142578,0.35592713952064514,0.4338441625926469,0.265158474445343,0.410247802734375,0.010023203445598483,15.214631080627441,0
12.629634259254775,3549.0893654336733,0.7446919332325991,0.0,54.74862486157732,0.6718390583992004,15.959734916687012,0.10222017765045166,-0.2599309476404609,0.26247337460517883,0.5922927856445312,0.006898191990330815,23.025028228759766,0
5.460265999051119,18494.97552614796,0.4607328104884334,0.17798480422434143,101.38014183411495,0.4490578770637512,10.478663444519043,0.3838687539100647,-0.3320493340802193,0.4979005753993988,0.4508209228515625,0.045120177790522575,15.117514610290527,0
13.904245417887406,2646.4020182291665,0.85889163937566,0.0,49.15298136856508,0.7064667344093323,5.02014684677124,0.5703722834587097,0.24494347390515894,0.22607074677944183,0.01908111572265625,0.016300657764077187,7.242541790008545,0
18.925435778473663,832.7924572172619,0.8800475629105885,0.2741887926397864,4.466238955926873,0.4165605306625366,0.22080597281455994,0.8338050246238708,0.9081194223750514,0.2733786702156067,0.43515777587890625,0.012585129123181105,0.31855568289756775,0
17.87608607194186,1060.4049678465135,0.9367006117677342,0.4394761115626709,5.2397561044384116,0.6112682223320007,0.18726710975170135,0.8010403513908386,0.7200816779147875,0.3701523244380951,0.8835334777832031,0.0247799102216959,0.27016934752464294,0
19.93422936091855,660.1724928252551,0.9100963739008965,-0.0007045610544645333,5.3945114210688665,0.514969527721405,0.037960976362228394,0.9088408350944519,0.9631327715550969,0.19959582388401031,0.6385421752929688,0.014487660955637693,0.05476611107587814,0
20.082713947103315,637.9827938988095,0.910186451760251,0.19254667190001024,21.49270574565221,0.8469835519790649,4.388304233551025,0.5650510191917419,0.1701331158979473,0.13108952343463898,0.9432296752929688,0.017723381519317627,6.330984592437744,0
18.317833205547313,957.8489782631802,0.9496867069328436,0.0,14.559789513314488,0.7423529624938965,6.565089225769043,0.47716039419174194,0.41495999649236837,0.09022533148527145,1.0,0.0074149316642433405,9.47142219543457,0
18.002058298126997,1030.0884818771258,0.8625998860755821,0.3019222359832266,14.802415513985075,0.7757200598716736,3.1374449729919434,0.7418287992477417,0.5376996361931861,0.2090374231338501,0.9515457153320312,0.024087732657790184,4.526376724243164,0
17.524670859532932,1149.776094812925,0.8187944385114312,0.0,28.713508391681053,0.6347787380218506,7.856957912445068,0.38717716932296753,0.3331970411042342,0.10493702441453934,1.0,0.010383361717686057,11.33519458770752,0
17.202537829104873,1238.302010257228,0.8958282894941476,0.0,18.856365525785595,0.6484341621398926,3.9923648834228516,0.6697226166725159,0.8749424699043913,0.2246270626783371,0.7777900695800781,0.011078552110120654,5.759764671325684,0
23.685300048804404,278.3238068664966,0.9486622019428574,0.48728993132981846,2.904297015810906,0.7659140229225159,0.055374789983034134,0.9004703760147095,0.8767572866509087,0.22320576012134552,0.7755966186523438,0.04071485437452793,0.07988892495632172,0
6.958352315850307,13099.210744844813,0.6508855744446204,0.17077062233363766,105.23646787519672,0.4149216413497925,10.99984359741211,0.15543287992477417,-0.2510795321952058,0.5465959906578064,0.9895896911621094,0.019653652794659138,15.869421005249023,0
24.617512462237258,224.55830144557822,0.9762922394474352,0.0,6.5582350193731695,0.7799245119094849,2.4588546752929688,0.7449178695678711,0.8545320535295754,0.123021699488163,1.0,0.005529023939743638,3.547377586364746,0
7.224998138785588,12319.144431600766,0.6795100253859008,0.18582659114086758,99.24011480152119,0.33006539940834045,6.8134918212890625,0.11577247083187103,-0.04263967869753421,0.5210947394371033,0.9308700561523438,0.02140047587454319,9.829792022705078,0
22.58594878730065,358.496964019983,0.8693565273152959,0.2884937663084189,2.8965839425624855,0.5413516759872437,0.034906961023807526,0.9134646058082581,0.9155975170836377,0.3488977253437042,0.5927162170410156,0.029167172499001026,0.050359927117824554,0
3.840732398036436,26853.884772268284,0.36950482685846225,0.0,165.443698477257,0.19364602863788605,18.04389190673828,0.000737404334358871,-0.11824200449909572,0.387652724981308,0.6782875061035156,0.012534287758171558,26.031831741333008,0
10.269678689420928,6111.0029296875,0.9879364607507841,0.0,17.63562270340158,0.4195069372653961,1.8733493089675903,0.41619500517845154,0.05179977701566237,0.14961102604866028,0.523834228515625,0.009441385045647621,2.702672004699707,0
9.3666335349859,7523.449451264881,0.7223151918743496,0.0,62.70653320285118,0.3347795605659485,13.003012657165527,0.2332589328289032,-0.11555856680840611,0.3282221853733063,0.9800224304199219,0.011035842821002007,18.759384155273438,0
13.18864152194583,3120.4426751169217,0.7505658354752633,0.0,21.888691811587023,0.27341607213020325,13.364688873291016,0.1865234375,0.32218613708539967,0.2667350769042969,1.0,0.010166336549445987,19.281171798706055,0
15.661491263916545,1765.7582110969388,0.9882150478515344,0.5964366882755421,4.758649709742103,0.6756250262260437,0.1697983294725418,0.8197146058082581,0.674685033044784,0.24583570659160614,0.6299400329589844,0.022252870723605156,0.24496722221374512,1
17.64243983282646,1119.0162096088436,0.9677429798926331,0.27030789651732884,6.543765920980273,0.7155556678771973,0.7232540845870972,0.8451849818229675,0.8876232550698527,0.20682741701602936,0.6702499389648438,0.017250805161893368,1.043434977531433,0
17.92199793650706,1049.2538398171769,0.8999066725050848,0.0,18.233577747967132,0.6849565505981445,3.747323989868164,0.7072305679321289,0.650900214916715,0.2308977097272873,0.9187355041503906,0.01816004328429699,5.406245708465576,0
9.284295706744295,7667.447132759354,0.6177702642703665,0.0,61.40551218921222,0.4723224341869354,8.867335319519043,0.4008091688156128,0.2733830514831527,0.23261871933937073,0.8357009887695312,0.011371733387932181,12.792861938476562,0
28.62296864802604,89.286026519983,0.9183800630530464,0.7819459872202162,1.6094547837283297,0.5509976148605347,0.06761198490858078,0.8754982352256775,0.9290688096317924,0.17866982519626617,1.0,0.013836867175996304,0.09754346311092377,0
21.409414744842145,470.0444036989796,0.9512855607029709,0.0,13.484155808845411,0.6855272650718689,2.4673609733581543,0.7135881781578064,0.6769979747802989,0.20795179903507233,0.9493026733398438,0.014128506183624268,3.5596494674682617,0
16.41503836072659,1484.4874309098639,0.637701932654628,0.0,10.140844203794213,0.2717408239841461,0.47639796137809753,0.6231864094734192,0.4239608430775929,0.37176036834716797,0.9996871948242188,0.015564394649118185,0.687296986579895,0
17.153810124860797,1252.2739556760205,0.8689768971861952,0.36330356104069905,7.01468829581341,0.6963337063789368,6.553437232971191,0.5946069955825806,0.17446203044676334,0.17270411550998688,0.9328956604003906,0.012968977447599173,9.454609870910645,0
16.16932730662225,1570.8967102465986,0.8091874037461586,0.0,27.32888233482116,0.38116753101348877,4.026205062866211,0.46440526843070984,0.36664393108724097,0.24244417250156403,1.0,0.012077204883098602,5.808586120605469,0
5.00416310314362,20543.00872262968,0.3762887527914011,0.26284947650745116,137.428152969641,0.4169432520866394,14.497828483581543,0.1572265774011612,-0.3028530043040448,0.4768718183040619,0.6440505981445312,0.023553810082376003,20.91594696044922,0
14.964630120571623,2073.0861434417516,0.6675154337593275,0.0,33.69391736912784,0.4280841052532196,12.422830581665039,0.26566484570503235,0.3927232578661662,0.2888999283313751,0.7126617431640625,0.010937455808743834,17.9223575592041,1
13.649102276942514,2806.5328709608843,0.8851919738907941,0.0,18.85885680881092,0.48931336402893066,9.538445472717285,0.3656528890132904,0.2705706507866601,0.19198216497898102,1.0,0.00864171190187335,13.761068344116211,0
8.211487712500755,9815.933095503826,0.5745318704904671,0.2789730754257047,95.75581931627735,0.46814095973968506,6.910449028015137,0.4408282935619354,-0.5907151592752179,0.5313847661018372,0.906463623046875,0.037183716893196106,9.969669342041016,0
11.530167582747662,4571.551352572279,0.48707178487520275,0.0,53.337930608182745,0.25876981019973755,15.042060852050781,0.12890625,-0.29046059188063117,0.42406296730041504,0.3330116271972656,0.010510006453841925,21.701107025146484,0
8.398371203402625,9402.497801073554,0.7363360608140131,0.17459714291691844,87.00490272926871,0.37947630882263184,5.652439117431641,0.29398518800735474,-0.2468156516059717,0.3198656439781189,0.840423583984375,0.02235588151961565,8.154746055603027,0
12.042232137939443,4063.09659332483,0.8347882574478119,0.0,14.324358187322755,0.421454519033432,0.1447720229625702,0.8114637136459351,0.8720562938268388,0.20849445462226868,1.0,0.014259743504226208,0.20886185765266418,0
16.585104528579393,1427.4795918367347,0.9692325789194881,0.0,27.048130665164024,0.7919543385505676,1.6282976865768433,0.28115037083625793,0.144883824573515,0.14529402554035187,0.9844131469726562,0.006855666870251298,2.3491370677948,0
14.45000959115867,2333.884725765306,0.5840221328673775,0.0,26.531907715301017,0.3363015651702881,12.33199691772461,0.24724969267845154,0.5065213453458329,0.31190285086631775,0.7065658569335938,0.01043133670464158,17.791311264038086,0
5.706668796825333,17474.850991177722,0.5466067495170573,0.0,103.98734448548838,0.2260671705007553,15.63827133178711,0.11573261767625809,-0.30202420037307315,0.5678538084030151,0.07045364379882812,0.021561330184340477,22.561256408691406,1
19.234068986681578,775.6636904761905,0.8401293198125723,0.10999978338603883,5.396982649696626,0.44070062041282654,0.041082024574279785,0.9088010191917419,0.9720073132417576,0.2981567978858948,0.37909698486328125,0.011111891362816095,0.05926894769072533,0
21.601279466802993,449.730575042517,0.9802332820566559,0.5694617300622805,10.71412589076261,0.7104966640472412,5.328253746032715,0.5704519748687744,-0.00972054568533116,0.14733046293258667,1.0,0.026362266391515732,7.687044143676758,0
10.877991824942244,5312.282698235545,0.9076519423575841,0.2422192762206237,41.92924921712651,0.5175063610076904,0.7689422369003296,0.6355428695678711,0.29605731047580164,0.47452065348625183,0.4015960693359375,0.027935661375522614,1.109349012374878,0
13.837829517663318,2687.18402556335,0.7596689087968326,0.22334979724856344,41.606584705811855,0.6156600117683411,2.3839735984802246,0.5290776491165161,0.37625945739743255,0.28994157910346985,0.6468162536621094,0.01919079851359129,3.4393470287323,0
21.284439360566253,483.7672061011905,0.9699248883039393,0.354025020496838,9.134745527513676,0.7440809607505798,1.3028537034988403,0.706074595451355,0.6478127782750915,0.18627867102622986,0.9128494262695312,0.018402041867375374,1.8796205520629883,0
19.808163128941832,679.6167091836735,0.9653957061179189,0.5150698290180235,4.476522698596776,0.7128384113311768,0.08077070116996765,0.859375,0.8898226228578194,0.14712263643741608,1.0,0.015439499635249376,0.1165274977684021,0
8.585137553265634,9006.71883636267,0.7838484135265138,0.0,90.67803333583406,0.4246830940246582,6.600918292999268,0.26672112941741943,-0.14785873504962016,0.4185373783111572,0.8082008361816406,0.015286253299564123,9.523111343383789,0
9.11789023122995,7966.936171343537,0.7139870370801434,0.34633872015875766,73.23844102121305,0.47095632553100586,9.178886413574219,0.3778699040412903,-0.24442407929541707,0.20844893157482147,1.0,0.0183105799369514,13.24233341217041,0
11.59958117784495,4499.064745429422,0.8784427345390295,0.4976568488172116,47.919662767774696,0.6483326554298401,2.0883238315582275,0.4074457883834839,0.02367509445714597,0.5183351039886475,0.4067726135253906,0.020339112728834152,3.0128140449523926,0
12.592890543160845,3579.2440077593537,0.8682517590341742,0.29140496912635067,52.060387584497505,0.40577226877212524,4.269898891448975,0.11246412992477417,-0.0902473377684521,0.201208233833313,1.0,0.0060992438811808825,6.160161972045898,0
14.670447703842477,2218.3782087053573,0.6217683642418182,0.0,34.03601318456256,0.2958959639072418,14.931057929992676,0.14126275479793549,0.26322054027084535,0.2893660068511963,0.9914283752441406,0.009748020209372044,21.54096221923828,0
10.335565045517178,6018.99325042517,0.6302618429892195,0.23754321451636698,68.33193157952329,0.43974602222442627,8.257523536682129,0.2655452787876129,-0.12236035785760956,0.24864278733730316,0.5201377868652344,0.012714354321360588,11.913087844848633,0
26.91788928611009,132.21825839710885,0.8792057800243182,0.10695865988302926,1.5391819753672946,0.4763500690460205,0.06456810235977173,0.8731664419174194,0.7915733358976986,0.275244802236557,1.0,0.01863520499318838,0.09315209090709686,0
18.787943750498822,859.5793739370748,0.9372743609424241,0.184377722178946,5.0032883394877326,0.4818904399871826,0.7039644718170166,0.5986328125,0.19310508898373122,0.3380122184753418,0.5027351379394531,0.011768146883696318,1.0156060457229614,0
13.36211750620427,2998.255301339286,0.7344012660743032,0.0,40.53077169973129,0.5508752465248108,9.897956848144531,0.39373406767845154,0.09054672134710728,0.24240173399448395,0.847625732421875,0.009767941199243069,14.279732704162598,0
22.788479909219884,342.1624681122449,0.8032507984952847,0.18243718071586884,1.8179208389262835,0.3283444344997406,0.051831454038619995,0.8996930718421936,0.9172066167360732,0.4012884199619293,0.757781982421875,0.011930468492209911,0.07477696985006332,1
12.119546049289067,3991.4046223958335,0.8806772813483154,0.0,40.65547272450026,0.5364840030670166,4.362857818603516,0.5128547549247742,0.22740604029227665,0.17955920100212097,0.8209609985351562,0.010083532426506281,6.294272422790527,0
14.768972738125903,2168.618144132653,0.9390026105820742,0.39417461958566496,9.696707470249574,0.5197267532348633,0.08395367860794067,0.8553491830825806,0.878934591830659,0.33318737149238586,0.8614578247070312,0.024135008454322815,0.12111955136060715,0
7.475646665020339,11628.285720928996,0.6073783458861824,0.0,98.79858889925372,0.3650442659854889,8.926520347595215,0.1479392647743225,-0.27081423045763214,0.44509077072143555,0.4536285400390625,0.015100623480975628,12.87824535369873,0
8.920452859678877,8337.48517883716,0.9687946266359201,0.4533050123586683,19.81234057718589,0.42773181200027466,0.9602956175804138,0.6304408311843872,0.544471596251294,0.39981475472450256,0.9999809265136719,0.012474496383219957,1.3854138851165771,0
17.91043369710403,1052.051478794643,0.9840572516409747,0.6315428681470596,7.528380208367355,0.675931453704834,0.20382072031497955,0.8355588316917419,0.865320631139099,0.2686290740966797,0.9635009765625,0.021589110605418682,0.2940511107444763,0
16.56077797138855,1435.4979073660713,0.845212824538041,0.024878420607132096,5.870117160785496,0.3444076478481293,0.07244712859392166,0.8694993257522583,0.8999534932675309,0.3549554646015167,0.7294502258300781,0.012912041507661343,0.10451911389827728,0
5.303030190362891,19176.853117028062,0.3918019568104242,0.0,128.47177925564222,0.20243307948112488,15.78268814086914,0.10401387512683868,-0.3221449610499367,0.33354222774505615,0.49106597900390625,0.008831761311739683,22.769607543945312,0
18.799396164534556,857.3156356292517,0.8246069692001717,0.0,4.535873745600652,0.43905341625213623,0.19328439235687256,0.8082947731018066,0.7645243143775697,0.2870117723941803,0.9918785095214844,0.012951117940247059,0.27885040640830994,1
28.745122890060454,86.80966331845238,0.9868804736789879,0.0,0.41320552130782434,0.6873031854629517,0.00833102222532034,0.9522281289100647,0.989575145523069,0.14719650149345398,0.9996185302734375,0.01084193866699934,0.012019128538668156,0
22.12896678540231,398.27558328018705,0.9289321607371267,0.19001571455306124,3.993961350467899,0.5666009783744812,0.11268298327922821,0.8589564561843872,0.9381834963355795,0.2164851576089859,0.8646049499511719,0.009304419159889221,0.16256718337535858,0
5.2946938092931255,19213.69887329932,0.4796252910435722,-0.003425495850995971,126.11021211772629,0.20862410962581635,12.770896911621094,0.051279496401548386,-0.25352382246633265,0.3597566485404968,1.0,0.011106065940111876,18.424509048461914,1
8.784761747039385,8602.094042304421,0.7374398963736444,0.0,91.10935510353555,0.5594967603683472,15.283733367919922,0.09038186073303223,-0.34402329415951965,0.3135782778263092,0.829620361328125,0.0114560816437006,22.049768447875977,0
22.822916764697936,339.4600605867347,0.9737661908740528,0.3448828087110704,10.917410618700025,0.858887791633606,1.992389440536499,0.7769850492477417,0.6866992842634526,0.16670234501361847,0.04852294921875,0.012779064942151308,2.8744101524353027,0
16.063819210280194,1609.527642697704,0.8513036202624443,0.0,36.19174510691915,0.687005341053009,13.595597267150879,0.24019451439380646,-0.016240548905048054,0.1243295967578888,1.0,0.005342804011888802,19.614301681518555,1
18.927729516746165,832.3527317176871,0.8756775393238401,0.21991251721831379,4.832668971533437,0.45484909415245056,0.10368622094392776,0.8649154901504517,0.9036885953843851,0.2890622317790985,0.8252182006835938,0.015414443798363209,0.14958757162094116,0
20.844913876176214,535.289806547619,0.960516032834082,0.3810069912967865,9.584143732558005,0.7372270226478577,3.308499336242676,0.6625677347183228,0.1145420221275238,0.16065344214439392,0.9849853515625,0.015168781392276287,4.773155689239502,0
23.53113789109813,288.3809523809524,0.9881620592306142,0.6021072448397745,7.505799881205933,0.8718690872192383,2.015501022338867,0.7387396097183228,0.1949261007394165,0.09293375164270401,0.184783935546875,0.02363491617143154,2.9077534675598145,0
6.628688000817665,14132.258111447703,0.4883400333397358,0.013722709957730611,114.17701687240807,0.3975999653339386,14.428448677062988,0.16778936982154846,-0.259664896437239,0.3878209888935089,0.8149909973144531,0.013127495534718037,20.815853118896484,0
16.35833570093441,1503.9963794111395,0.677799567061074,0.0,31.19557158138766,0.3380255103111267,15.925323486328125,0.10919563472270966,0.06651811219480841,0.2899216115474701,0.27794647216796875,0.009323308011516929,22.975383758544922,0
13.770533186495694,2729.1477133822277,0.8609236004980396,0.02615000255832964,10.670639247832899,0.34193718433380127,0.10281208157539368,0.857441782951355,0.8636296688048077,0.3268648087978363,0.9958763122558594,0.022506413981318474,0.14832629263401031,0
16.30461436568553,1522.7160461840986,0.9183086628236866,0.32029260870886606,5.223274096090947,0.454237699508667,0.06299707293510437,0.8742227554321289,0.9100142906381672,0.22917887568473816,0.9989089965820312,0.022412738762795925,0.09088556468486786,0
14.73753240049029,2184.374614689626,0.8812031926666495,0.4998406780964456,26.71175439671878,0.6234593391418457,0.5572028160095215,0.7095224857330322,0.10669811254266956,0.5121470093727112,0.5164909362792969,0.027645375579595566,0.8038737177848816,0
19.46369877731183,735.716477997449,0.9945144521846707,0.5396406780689698,5.207848332055558,0.640177845954895,0.04832956939935684,0.8959861397743225,0.970368981533878,0.132431298494339,0.24483108520507812,0.01156536489725113,0.06972482800483704,0
6.196460408484921,15611.129271630527,0.38391066863119855,0.012400978507669268,102.81004861954044,0.24397240579128265,4.433175086975098,0.3664301633834839,-0.12187959273098954,0.7160881161689758,0.088592529296875,0.03734378702938557,6.3957200050354,0
5.848943006084186,16911.653047937925,0.4799060626378879,0.0,127.28629216169253,0.3516271114349365,16.519798278808594,0.05791613459587097,-0.4021492651568796,0.24869310855865479,1.0,0.011200855486094952,23.833030700683594,0
12.60034234550772,3573.1078603316328,0.867726055982714,0.0,33.65547269954381,0.5149927139282227,9.6688232421875,0.3340441584587097,0.0010775683678299333,0.33590760827064514,0.187652587890625,0.016985659021884203,13.949164390563965,1
17.67907284517777,1109.616935055272,0.763221731491468,0.05980448008460302,6.890086969405094,0.46439653635025024,0.03893830627202988,0.8964444994926453,0.9267046451046217,0.371717631816864,0.7574615478515625,0.023468502797186375,0.056176092475652695,0
9.345438059849132,7560.256928943452,0.9658458104107545,0.0,19.23272104551575,0.6021186709403992,4.347969055175781,0.29657605290412903,-0.00292823062686077,0.1826317459344864,0.9858818054199219,0.014528192579746246,6.272793769836426,0
6.114578862269813,15908.252464657739,0.5551615416860792,-0.004027458267849506,120.26895328189799,0.2309470772743225,15.200935363769531,0.0383649542927742,-0.35608208569667205,0.39208856225013733,0.9729194641113281,0.016111284494400024,21.930315017700195,0
17.529610452468344,1148.4691020939626,0.8395263946188,0.0,22.784139786509545,0.520700991153717,4.875482082366943,0.5043447017669678,0.5131404477073443,0.19639462232589722,0.977691650390625,0.011443326715379953,7.033833980560303,0
13.692050927935275,2778.915032419218,0.5733848148708169,0.0,34.98656720637106,0.28436189889907837,8.929500579833984,0.33882731199264526,0.1805021807302435,0.38396671414375305,0.133941650390625,0.012930382043123245,12.882546424865723,0
5.018326964064778,20476.11992453231,0.788767172858133,0.0,60.40593109818847,0.3244260251522064,10.352116584777832,0.18590562045574188,-0.1923059149060438,0.33872300386428833,0.002368927001953125,0.01516053732484579,14.934946060180664,0
14.13854272583287,2507.4142418686224,0.6531504695890681,0.0,38.99798715789822,0.5158267617225647,13.815652847290039,0.19870057702064514,0.09876347568060669,0.21699956059455872,0.963134765625,0.00969416438601911,19.931774139404297,1
18.419462708898234,935.6945285926871,0.9771432997821249,0.7150230891495725,19.30052227854557,0.7846233248710632,0.959801971912384,0.743144154548645,0.35546982251124515,0.1904149353504181,0.9139595031738281,0.018482190556824207,1.3847014904022217,1
14.597707484509598,2255.8468524128402,0.9498549521903196,0.567347717945096,38.013532435672666,0.7078518867492676,0.830129861831665,0.5113600492477417,0.15635515361414817,0.2211068570613861,0.7805213928222656,0.0276252469047904,1.1976243257522583,0
17.599452395548283,1130.147480867347,0.8540450493344165,0.0,26.585299678218995,0.7742570042610168,9.77598762512207,0.40202486515045166,0.1914659486434939,0.05546722561120987,1.0,0.006891598808579147,14.103768348693848,0
17.823333603628022,1073.363938934949,0.9870371772629389,0.5954607155468924,4.864636492944097,0.6348615288734436,0.03857425972819328,0.9064891934394836,0.9522220593292282,0.23673588037490845,0.84033203125,0.017322644591331482,0.05565088614821434,0
20.47683807133749,582.634978210034,0.8896618474252553,0.3150669196535044,4.537587421414516,0.5780432820320129,0.09835484623908997,0.8717115521430969,0.6672208303288515,0.3132968842983246,0.7567634582519531,0.04477902315557003,0.141896054148674,1
12.78955778910452,3420.7755699936224,0.8266397187583068,0.0,16.96819198661732,0.5742325186729431,3.4165167808532715,0.7237125039100647,0.8540593066913286,0.17169809341430664,0.4863548278808594,0.015696858055889606,4.92899227142334,0
23.72372407141461,275.87220982142856,0.9432728108757827,0.535817847269035,1.9077646518740816,0.7331295013427734,0.022988563403487206,0.9236088991165161,0.9317944740912167,0.30862948298454285,0.8282546997070312,0.05148423835635185,0.03316549211740494,0
6.42079141673306,14825.222470238095,0.5335872282651738,0.0,106.24091192051804,0.3426659405231476,10.730596542358398,0.29761239886283875,-0.28430498111860697,0.47408783435821533,0.33200836181640625,0.014590382110327482,15.480978012084961,0
8.583602834852718,9009.902210884355,0.6495316024349341,0.0,88.77885839708853,0.36562860012054443,13.156193733215332,0.2319236397743225,-0.11387587890588356,0.3597925901412964,0.7513961791992188,0.014035861007869244,18.980375289916992,0
27.15713166810207,125.13165656887755,0.6296786977693267,0.6269055431612303,8.790218435872951,0.950454592704773,9.183087348937988,0.4681122601032257,0.0024868093552610116,0.03224419429898262,0.38814544677734375,0.015313637908548117,13.248394012451172,0
13.572207350862563,2856.667051977041,0.9222531153030772,0.5646028196773144,25.88596102132392,0.5654756426811218,3.895329713821411,0.7283362150192261,0.2308699948930311,0.3118332028388977,0.9968452453613281,0.023793982341885567,5.6197733879089355,1
11.085433188314955,5064.505440848215,0.8546354904401816,0.5867695283909521,28.547413315386393,0.5092385411262512,3.152431011199951,0.6426976919174194,0.4398578643642101,0.3976441025733948,0.6881752014160156,0.023537831380963326,4.547996520996094,0
8.601657060447755,8972.524540284863,0.7020413766049692,0.20661726172529768,63.9200216002708,0.36404621601104736,5.10453987121582,0.307896226644516,-0.2081475753017674,0.3952995240688324,0.24007415771484375,0.02235985267907381,7.364294528961182,0
9.650616303351345,7047.234620801446,0.7437042410616995,0.3520278084935476,73.97568535535845,0.5268500447273254,2.1787497997283936,0.4467872977256775,-0.3406090993571716,0.36760270595550537,0.5395545959472656,0.03719387762248516,3.1432714462280273,1
12.11522171823589,3995.380899234694,0.6674435604365124,0.0,44.04761239411589,0.2200765609741211,17.573413848876953,0.02704480290412903,-0.026871618311775966,0.2964686453342438,1.0,0.009192964527755976,25.35307502746582,0
30.913854732875635,52.6859587585034,0.9218607599313137,0.4428027329404068,1.6813616004110008,0.7665948867797852,0.40195903182029724,0.6843311786651611,0.4719611261275648,0.15200722217559814,0.6811752319335938,0.03439691290259361,0.5799042582511902,0
6.8898804524213775,13307.372555272108,0.4902895601000474,0.13850745041852752,108.52088633026749,0.26098722219467163,9.458383560180664,0.11429768055677414,-0.2621886683644713,0.47974899411201477,0.85137939453125,0.015571791213005781,13.645564079284668,0
16.464017200953172,1467.839737457483,0.9619342486961104,0.0,8.15802373373679,0.568142294883728,0.8029912710189819,0.7532883882522583,0.8479714298533914,0.18598335981369019,0.8034934997558594,0.008069487288594246,1.1584712266921997,0
15.906943969021759,1668.7295785501701,0.9728501168249933,0.6888789271152401,17.589126362760318,0.7183911204338074,0.168369323015213,0.8297193646430969,0.7532064254338993,0.3371362090110779,0.8915214538574219,0.03327577840536833,0.2429056167602539,0
15.030685990156291,2041.793241124575,0.744213336808552,0.0,35.941127176417154,0.5789843797683716,12.119813919067383,0.2794961631298065,0.22219799968734325,0.36654654145240784,0.4520912170410156,0.017163718584924936,17.48519515991211,0
8.674056306525877,8824.18755314626,0.46913423783464187,0.0,89.60249927480194,0.2781660258769989,18.101911544799805,0.014309629797935486,-0.17750542519274543,0.3097917437553406,0.9848175048828125,0.0071734897792339325,26.115535736083984,0
14.172944414522332,2487.6307663690477,0.745415880164823,0.0,17.251215582745992,0.6088743209838867,3.8116602897644043,0.6531808376312256,0.8454855975303034,0.1534617692232132,0.9967231750488281,0.016815184149891138,5.499063491821289,1
8.576339021857443,9024.984375,0.6101089154515609,0.0,86.79960535256089,0.4662185311317444,18.17486572265625,0.024314414709806442,-0.15866377140408924,0.2729076147079468,0.9013710021972656,0.009069600608199835,26.220787048339844,0
6.622053933724646,14153.862344547193,0.7029320570569787,0.0,113.15419732386444,0.4653588533401489,14.70610237121582,0.026865432038903236,-0.3272849603385275,0.25799497961997986,1.0,0.02094986941665411,21.216421127319336,0
20.622650964965118,563.3979525403912,0.9765139435030976,0.4181818181818174,3.017059933065453,0.7227311730384827,0.10669316351413727,0.8673270344734192,0.8082480077175951,0.26591935753822327,0.9421119689941406,0.020517250522971153,0.15392570197582245,0
16.461552152837548,1468.6731172937925,0.68915045718551,0.10464102253298259,10.698421731426158,0.2834323048591614,0.43856558203697205,0.6786311864852905,0.19316360604184993,0.4456626772880554,0.6535301208496094,0.015003034844994545,0.6327165365219116,0
16.88980590590126,1330.7600977891157,0.9226928577724927,0.0,21.30994900146486,0.689032256603241,2.3254361152648926,0.6925622224807739,0.758765832194064,0.27111876010894775,0.8198280334472656,0.01334485225379467,3.35489559173584,0
19.2595620244177,771.1238905718537,0.7417266858648616,0.0,20.45952254234396,0.28757378458976746,13.056962966918945,0.2195870578289032,0.5206549505757739,0.186313197016716,1.0,0.005712599842809141,18.837215423583984,0
5.823833047766928,17009.715747236394,0.48233366767454877,0.0031145666515912506,117.34394928223466,0.18358677625656128,10.097480773925781,0.06170280650258064,-0.43919725089586625,0.3766363859176636,0.9829902648925781,0.020849830470979214,14.567586898803711,0
17.82444612435178,1073.0890133397108,0.981418212619973,0.3289166161609063,10.707947838684973,0.7067564129829407,0.9584848284721375,0.8771324753761292,0.8880701034812161,0.2950800955295563,0.954681396484375,0.01957543846219778,1.3828012943267822,0
3.1020816712864057,31832.60598692602,0.28072025314440807,0.0,172.41505911437108,0.3319278359413147,16.960124969482422,0.06343670189380646,-0.1356009268530595,0.22226154804229736,0.42259979248046875,0.00745319458656013,24.46828842163086,0
21.771655395772633,432.4290098852041,0.8806360521759526,0.0,15.832549418554345,0.7428767085075378,3.8673317432403564,0.6233657598495483,0.8242948173279098,0.2805842459201813,0.43740081787109375,0.010748559609055519,5.579380989074707,0
9.397990717448693,7469.323840082908,0.7486439037539777,0.24468375273152124,76.82435860984168,0.538594126701355,3.6152217388153076,0.40654897689819336,-0.03766189907346998,0.35715800523757935,0.9434890747070312,0.02694876678287983,5.215662479400635,0
11.69218689958084,4404.145627391582,0.6405686424933849,0.0,57.9501554995746,0.23730900883674622,14.000864028930664,0.14283721148967743,-0.20292684883008727,0.28953829407691956,0.9990310668945312,0.011677476577460766,20.198978424072266,0
13.699584334364287,2774.0988188244046,0.8548573358838023,0.1477713569336615,29.42679766713988,0.6608356237411499,5.390668869018555,0.5354153513908386,0.29324267738716453,0.17709830403327942,0.8913307189941406,0.015289937611669302,7.777090549468994,0
16.433957254768977,1478.0347177933672,0.8983651518216617,0.21225442674353262,11.82529497938379,0.5892986059188843,1.2717517614364624,0.7679368853569031,0.8932898014584435,0.25895994901657104,0.8077430725097656,0.016635031905025244,1.8347499370574951,0
16.811786337325273,1354.882792570153,0.8074808922062938,0.0,19.58850832450519,0.38999637961387634,3.432560920715332,0.5883091688156128,0.7007333731285637,0.2814198136329651,0.509490966796875,0.008459842763841152,4.952138423919678,0
14.572271685537508,2269.097682823129,0.6496093771076636,0.0,43.157485555884115,0.5439714789390564,15.074213027954102,0.1404057741165161,-0.1573273112842004,0.24340388178825378,0.6369438171386719,0.012648186064325273,21.74749183654785,0
12.444752787411069,3703.438031462585,0.8028674857637941,0.0,52.36063070788134,0.6385037899017334,9.162435531616211,0.35349568724632263,0.12298179525785459,0.1631118208169937,0.9850006103515625,0.010548744350671768,13.218599319458008,1
15.357701851030576,1893.6956247342687,0.8195966626462727,0.0,33.122907383222795,0.5804571509361267,7.69939661026001,0.5,0.5427063053565095,0.24880194664001465,0.939605712890625,0.009565730579197407,11.107881546020508,0
14.783716154327873,2161.2686078337583,0.6872966551052959,0.0,32.388113849388304,0.5123757719993591,10.96379280090332,0.3233219087123871,0.4983039957565661,0.23634810745716095,0.9370918273925781,0.013060254976153374,15.81740951538086,0
15.430140084902204,1862.3716517857142,0.9474458688543735,0.0,20.440090842197343,0.36878466606140137,1.6251230239868164,0.5315090417861938,0.5127504757809108,0.30870795249938965,0.8140296936035156,0.009314050432294607,2.344557046890259,0
15.24318483121839,1944.2937393707482,0.9141197847806044,0.0,34.56110498491434,0.7974191308021545,4.689850807189941,0.5503029227256775,0.16984876081206468,0.10779822617769241,0.9863357543945312,0.010682821273803711,6.766024589538574,1
7.046512617948904,12835.98199006165,0.5989193390784976,0.0,109.90106828264439,0.4156859219074249,10.97265625,0.19176499545574188,-0.6893022717886613,0.21883083879947662,0.4865837097167969,0.015100818127393723,15.830195426940918,0
23.73423424835107,275.20539035926873,0.8518211168767303,0.0,10.264429178622445,0.32322925329208374,12.73576831817627,0.2248883843421936,0.4823142388006745,0.25658097863197327,0.8113822937011719,0.004725128645077348,18.373828887939453,0
14.225523784024425,2457.6949803358843,0.9150248509486236,0.4097184558421661,38.0355149676059,0.6957982778549194,3.146254062652588,0.30640146136283875,0.0610236127284115,0.21208027005195618,0.7698783874511719,0.010177538264542818,4.539085388183594,1
22.534281001043883,362.7874548256803,0.9197966818508404,0.26646634596025986,12.514190041531975,0.744691014289856,4.109684944152832,0.7299107313156128,0.4881826523897755,0.13426785171031952,0.8069000244140625,0.012578127905726433,5.929021835327148,0
9.445413284045303,7388.206619366497,0.6948464476341931,0.006179356669260576,66.41306636222942,0.4427589774131775,4.642210960388184,0.4154376685619354,-0.2827319514449201,0.4673994183540344,0.6335639953613281,0.025118794292211533,6.69729471206665,0
9.084069471565147,8029.221035289115,0.7036554524741739,0.26114295391121717,71.57615191207978,0.4531768262386322,2.269381284713745,0.3885522782802582,-0.38344522133937387,0.4183293581008911,0.4405975341796875,0.03143010661005974,3.2740254402160645,0
8.787818378585627,8596.041885894983,0.7644873524364015,0.0,76.83011791385445,0.4621374011039734,10.732616424560547,0.061623089015483856,-0.21582462562924826,0.3701106011867523,0.7678642272949219,0.016123246867209673,15.483891487121582,0
25.08111369454063,201.82222576530611,0.7985927720365196,0.25345377700235955,2.6209541460543244,0.43050381541252136,0.04602339491248131,0.8871372938156128,0.9603594505430266,0.3149261176586151,0.3888053894042969,0.03944256342947483,0.06639771908521652,0
20.607426119276283,565.3764947385204,0.9445729295613371,0.0,8.685227888827205,0.7194423675537109,2.2777843475341797,0.7140067219734192,0.9052940784094401,0.12244325876235962,0.8587684631347656,0.008192362263798714,3.2861487865448,0
7.680153596085148,11093.408389136905,0.6280392610022782,0.0,103.872289563703,0.32210907340049744,18.530670166015625,0.0,-0.23353945367176288,0.2160024344921112,1.0,0.010144046042114496,26.734107971191406,0
18.383673821286376,943.437161192602,0.9909346343428483,0.5208118248736382,5.642837212835564,0.6521236300468445,0.3575887084007263,0.7980707883834839,0.39957872936405164,0.20220215618610382,0.5399246215820312,0.03253227658569813,0.515891432762146,0
14.006855951665624,2584.60848480017,0.6320075031689543,0.0,43.86587209925128,0.4211289882659912,15.37615966796875,0.12470104545354843,-0.015763533611011203,0.29259663820266724,0.4977378845214844,0.01132504630368203,22.183109283447266,0
22.47356173963346,367.8952553677721,0.8981070100667314,0.3671872445899061,1.556102520962859,0.5191813111305237,0.03273547440767288,0.919483482837677,0.9589662473043489,0.4183514714241028,0.85223388671875,0.03240081109106541,0.04722730070352554,0
18.87850818968448,841.839969972364,0.9414674502239715,0.6053815018757815,21.285873485765627,0.7695254683494568,1.2366164922714233,0.49471861124038696,0.1669709718684398,0.21427004039287567,0.8566398620605469,0.022249558940529823,1.7840604782104492,0
5.620440515013012,17825.277901785714,0.3099241610993118,-0.005732386666977304,120.07413935264782,0.3089134395122528,10.817935943603516,0.27828046679496765,-0.3109007490927789,0.5289798378944397,0.9913177490234375,0.020338517148047686,15.606980323791504,0
6.191121970118153,15630.33059630102,0.4773638398206786,-0.0017077865832630266,110.54667587209838,0.19737300276756287,11.048111915588379,0.07182715833187103,-0.49034116604757577,0.49761849641799927,0.7882766723632812,0.011601418256759644,15.939056396484375,1
10.479606145329507,5822.637409651361,0.6257523565086712,0.3720408046378695,74.81522989632688,0.6520734429359436,6.7468671798706055,0.4774593412876129,-0.2362024788899953,0.28936412930488586,0.025012969970703125,0.02412501722574234,9.733671188354492,0
23.052024927701655,322.01630925807825,0.9542863858805225,0.0,10.915955755154123,0.7629163265228271,1.8780449628829956,0.7035435438156128,0.7399234701438431,0.10542476922273636,0.9775772094726562,0.00906354165636003,2.7094461917877197,0
12.300136515120965,3828.835512329932,0.8444734684753382,0.0,17.531768157527715,0.5196955800056458,7.116084575653076,0.46055883169174194,0.6176054097049842,0.12317320704460144,1.0,0.006792405620217323,10.266341209411621,0
15.811350201232585,1705.867679102891,0.9566211037516662,0.42438899199284885,9.884665861950179,0.7600774168968201,1.4054598808288574,0.7768056392669678,0.9011216699187901,0.15139035880565643,0.9495429992675781,0.017657714895904064,2.0276501178741455,0
7.0040422773690825,12962.122847576531,0.5876812215897128,0.0014192405615623736,89.59500558754013,0.3725939989089966,8.033712387084961,0.19674745202064514,-0.49919342140909734,0.39232558012008667,0.4233207702636719,0.021765190176665783,11.59019660949707,0
9.33157651239032,7584.425847682823,0.8504781373547818,0.3409040890818297,52.923788316414814,0.5252074599266052,2.0277204513549805,0.37928491830825806,0.1834910879718357,0.2852722406387329,0.8313713073730469,0.018042747862637043,2.925382375717163,0
20.4304818960385,588.8872767857143,0.9952962014000543,0.6704276367392397,1.6364797252109753,0.721371054649353,0.039045222103595734,0.9251834154129028,0.9594417879449354,0.11127037554979324,0.9893226623535156,0.00715475482866168,0.056330349296331406,0
21.075509480860518,507.6091159119898,0.8324057751402688,0.4039721571579784,3.272460828980326,0.3903729021549225,0.07690614461898804,0.8571029901504517,0.9422071078293953,0.3382236659526825,0.9931678771972656,0.016247931867837906,0.11095224320888519,0
14.000869240642508,2588.173801551871,0.6531806060222505,0.0,41.020926395341235,0.4205467998981476,7.526865482330322,0.33484137058258057,0.08398954585269472,0.18014265596866608,0.47637176513671875,0.01083499938249588,10.858970642089844,0
4.399284820283228,23613.03869711947,0.3267035305036956,0.022953384772768336,143.18231812567578,0.22998984158039093,13.470934867858887,0.1764787882566452,-0.2043833249790735,0.5990089178085327,0.24436569213867188,0.02395685389637947,19.434452056884766,0
9.975626814479847,6539.095490539966,0.5671693916209148,0.0,58.38209512119107,0.4236263632774353,13.753193855285645,0.16549745202064514,0.13422819447900097,0.1974724382162094,0.3828849792480469,0.016281532822176814,19.841663360595703,0
16.606810868285244,1420.362749787415,0.7774437076045437,0.0,27.5267257489156,0.6893805861473083,7.1365647315979,0.5493263602256775,0.2113069445572796,0.19665873050689697,0.8124122619628906,0.024121704511344433,10.295886993408203,0
16.300086400592086,1524.3044616284014,0.79903596184976,0.0,15.629324743713958,0.4693845212459564,6.321915626525879,0.5140505433082581,0.7314467774942541,0.11168026924133301,1.0,0.01127488142810762,9.120595932006836,0
7.084769792014772,12723.405884619473,0.716259281997465,0.0,97.98580984873655,0.34627971053123474,16.326183319091797,0.12199059128761292,-0.05375990209554595,0.336105614900589,0.8676261901855469,0.011537992861121893,23.55370330810547,0
14.147594395009108,2502.1936716092687,0.8572632359178611,0.4223167175470664,32.95898469806251,0.7516668438911438,1.6073360443115234,0.7196866869926453,0.978983558214644,0.16397781670093536,0.6685562133789062,0.021291597746312618,2.3188960552215576,0
17.778460478523318,1084.5118781887754,0.9420812085388688,0.0,5.429209211643404,0.4758234918117523,0.21888373792171478,0.7809908390045166,0.6647194809662438,0.20811253786087036,0.3689689636230469,0.009497972205281258,0.3157826066017151,0
12.502729080930308,3654.3273875956634,0.69797188854296,0.0,51.750477998100344,0.4410051703453064,7.887675762176514,0.4742506742477417,-0.2272285329482875,0.3537326753139496,0.4579277038574219,0.014604049734771252,11.379509925842285,0
11.854311717764146,4242.7670665922615,0.8742444951024612,0.49387261668637744,58.063915094905525,0.5325325727462769,3.3472464084625244,0.4315808415412903,0.13630439490679566,0.41481754183769226,0.4004478454589844,0.021776509936898947,4.829055309295654,0
18.381336948107617,943.9449471194728,0.9199612237528002,0.26339452973634087,5.337532142612618,0.6257941722869873,0.050415463745594025,0.8837292194366455,0.8141421059484031,0.3759022355079651,0.8634681701660156,0.02771464828401804,0.07273414731025696,0
10.884137370565819,5304.770793473639,0.9762725352464291,0.0,15.825015910047146,0.6028549671173096,3.2613275051116943,0.24834582209587097,-0.020023731681881637,0.19667679071426392,0.7448348999023438,0.011754436884075403,4.705101013183594,0
8.591139439250838,8994.280280080782,0.6303657145191487,0.0,86.8995136908263,0.479436993598938,15.32431697845459,0.12270806729793549,-0.3101449650203177,0.37539142370224,0.00772857666015625,0.013868898153305054,22.108318328857422,0
24.376291208956307,237.3838887117347,0.9380461097784574,0.0,2.9927655060880562,0.6337514519691467,0.022338539361953735,0.9198222756385803,0.9723840092478083,0.1168060451745987,0.21906661987304688,0.009974310640245676,0.032227691262960434,0
12.923219085831077,3317.099144345238,0.8103093870175251,0.6356695619305104,56.07318239573222,0.7170667052268982,8.936195373535156,0.17566166818141937,-0.08510517550963781,0.09850551187992096,1.0,0.024524270556867123,12.892205238342285,0
11.534752840843588,4566.72727997449,0.8913533299894024,0.0,18.451032349747308,0.476779967546463,3.48748779296875,0.5159638524055481,0.5004285852568753,0.38765841722488403,0.4937782287597656,0.008980786195024848,5.031381130218506,1
9.39852685591969,7468.401805644133,0.6955919155576,0.0,66.91115278976764,0.3878251910209656,13.449583053588867,0.20727041363716125,-0.24157408331921934,0.29099950194358826,0.7625465393066406,0.015782613307237625,19.403648376464844,0
21.093446185252326,505.5169735863095,0.9875267686364435,0.796379958938806,4.201730014893457,0.6627473831176758,0.1855625957250595,0.802156388759613,0.8334030173133996,0.14286457002162933,1.0,0.010067502968013287,0.26771020889282227,0
21.95149507076374,414.88798097363946,0.9329769206244007,0.3439528240911543,2.1332907164807127,0.5274770855903625,0.0638955608010292,0.8739237785339355,0.8717769539696077,0.3343193531036377,0.4324150085449219,0.012453382834792137,0.09218181669712067,0
14.67952512598541,2213.7462996917516,0.9400960628468683,0.7820864998730044,19.938496448440457,0.6457040309906006,1.0288156270980835,0.6725326180458069,0.6058305991853437,0.19002974033355713,0.9404716491699219,0.019610016606748104,1.484267234802246,0
16.308708198586224,1521.2813496492347,0.7664443769255738,0.0,32.414999170699076,0.6695393323898315,8.958791732788086,0.45029494166374207,0.5179904706736411,0.19364352524280548,0.9186744689941406,0.010986781446263194,12.9248046875,1
14.8357703193876,2135.5184550382655,0.7280237925122148,0.0,31.114935338831536,0.4359188973903656,6.973172664642334,0.3891103267669678,0.18424155645993956,0.33559027314186096,1.0,0.019560882356017828,10.060161590576172,1
18.87113216454334,843.2709595556972,0.8887637723220289,0.31338936977548476,5.75294963918066,0.42414912581443787,0.09088536351919174,0.8488520383834839,0.8431835771087807,0.32021382451057434,0.29067230224609375,0.01780754467472434,0.13111986219882965,1
11.22590395043494,4903.316937712585,0.6184596879407446,0.0,46.8467993087901,0.23331959545612335,16.142711639404297,0.08996333181858063,-0.09831148042975249,0.3273980915546417,0.9728279113769531,0.008456212002784014,23.28900909423828,0
12.22059371963577,3899.6083253613947,0.7581234177759797,0.0,11.326889287763478,0.4024204909801483,0.5944742560386658,0.7116948366165161,0.48121965776290127,0.34999531507492065,0.7046318054199219,0.018385895527899265,0.8576450347900391,1
19.280095890462757,767.4865473533164,0.9878362059227596,0.6031415769284783,5.080018388165223,0.8017098903656006,1.4048140048980713,0.7587690949440002,0.4950428198185511,0.1253480613231659,1.0,0.012197726406157017,2.0267181396484375,0
17.960924316214008,1039.891262755102,0.9464114667312223,0.0,22.78571441329406,0.5982362031936646,8.246135711669922,0.36080995202064514,-0.03537312354046498,0.17231661081314087,1.0,0.01171239372342825,11.896660804748535,0
9.747788616162387,6891.305438190901,0.48661833558877504,0.0,66.36433744447866,0.2743179202079773,12.57425594329834,0.2181919664144516,0.17458655930295214,0.37333062291145325,0.9898490905761719,0.013322236482053995,18.140819549560547,1
5.913671725152482,16661.46512276786,0.5715997362904972,0.0,138.29336726943873,0.43200087547302246,18.49838638305664,0.0,-0.21344347012862736,0.21540918946266174,0.8217544555664062,0.01911248778924346,26.687528610229492,0
27.36374248327843,119.31804049744898,0.9968888843162347,0.0,2.3126793714791205,0.733771562576294,0.15454909205436707,0.8020766973495483,0.89836568220589,0.07740017026662827,0.9785232543945312,0.008725306717678905,0.2229672074317932,0
17.47334733861002,1163.4443824404761,0.8396059334600816,0.0,28.332130942802824,0.40785008668899536,16.050514221191406,0.10373485088348389,0.15535524222450367,0.20093026757240295,0.6908340454101562,0.004931274568662047,23.15599822998047,0
17.66789983527537,1112.4753002763605,0.7056680100486782,0.0,9.42916912937936,0.20678624510765076,1.7513983249664307,0.248046875,0.15631716392543296,0.2890236973762512,0.7239494323730469,0.009505069348961115,2.526733636856079,0
14.626478254590952,2240.9519026360545,0.8505961245446779,0.0,6.607003271999236,0.26831820607185364,0.1549370139837265,0.8121811151504517,0.7671397591315866,0.21316149830818176,0.9813385009765625,0.008777486626058817,0.22352685034275055,0
14.731178097433233,2187.5729830994896,0.9740309241489867,0.0,7.329998569974359,0.5206973552703857,0.0900040939450264,0.8219667077064514,0.874293718796867,0.42423373460769653,0.4194602966308594,0.020327920094132423,0.12984846532344818,0
10.93007377363935,5248.956619366497,0.6115993301002443,0.0,55.032664958610106,0.2740646004676819,8.623380661010742,0.2315848171710968,-0.20697014131104716,0.30128318071365356,0.9851112365722656,0.008432514732703567,12.440908432006836,0
16.185580512765807,1565.0287122661564,0.9918171936192732,0.6776906354732841,7.8333465709153725,0.6842972636222839,0.11114168912172318,0.8335658311843872,0.8004770907152847,0.3136587142944336,0.8545074462890625,0.025931536220014095,0.16034355759620667,0
21.44321368777877,466.4004836309524,0.8570678650022743,0.0,4.042450616261558,0.40987053513526917,0.040328286588191986,0.9174904227256775,0.9741353855769591,0.23996183276176453,0.4557075500488281,0.009691097773611546,0.05818141996860504,0
15.077432302532843,2019.9337731186224,0.9435967356884389,0.0,12.864297691270448,0.6287967562675476,1.652923345565796,0.6716756820678711,0.7930843908053892,0.22850705683231354,0.9770736694335938,0.011178536806255579,2.3846640586853027,0
18.985499067805478,821.3541467368198,0.8751467325620298,0.0,10.249880432880683,0.3461277186870575,2.2736082077026367,0.579639732837677,0.6285570832003882,0.18170388042926788,1.0,0.007104699034243822,3.280123710632324,0
6.822764753465485,13514.621452487245,0.5462800612462804,0.07324640421863143,112.16852684490033,0.4811795651912689,11.288597106933594,0.13500478863716125,-0.6236666751478782,0.35759609937667847,0.7989387512207031,0.01810635719448328,16.28600311279297,0
5.07583641355084,20206.761685533587,0.8148154895628891,0.0,73.76432961209275,0.36074623465538025,17.98173713684082,0.042729590088129044,-0.15988095577858205,0.320820152759552,0.9008979797363281,0.013710158877074718,25.942163467407227,0
15.411963695149431,1870.182510894983,0.8026421289577124,0.0,22.70956242168918,0.6148914098739624,8.477685928344727,0.33464205265045166,0.42458205988881026,0.2123624086380005,0.9974212646484375,0.011962570250034332,12.23071575164795,0
9.093034831484063,8012.663006218112,0.5737044353178246,0.0,73.13777496443792,0.2649185061454773,9.693284034729004,0.297831654548645,0.4433371368857355,0.33487576246261597,0.9212226867675781,0.013149894773960114,13.984451293945312,0
6.1455243421358965,15795.301737882653,0.5692476670493216,0.0,120.07792582946975,0.3087618350982666,14.900651931762695,0.14738121628761292,0.03619388308001648,0.382625013589859,0.4925193786621094,0.011934783309698105,21.49709701538086,1
5.96792242797831,16454.6298828125,0.43279255661497096,0.0,113.17111768406289,0.14355896413326263,17.666664123535156,0.001215720665641129,-0.14833550352367397,0.3598335385322571,0.8395843505859375,0.012621276546269655,25.487607955932617,0
24.257638634998692,243.95880500637756,0.9683866902491906,0.0,3.4073461244299663,0.5749132633209229,0.19138750433921814,0.7883849143981934,0.8855700723939125,0.10483977198600769,0.9768409729003906,0.004246242577210069,0.27611392736434937,0
12.863538847589899,3362.9969706632655,0.7875876823316758,0.3887376214166186,48.41302605058516,0.62836092710495,2.604652166366577,0.6702407598495483,0.8152046522481365,0.21355515718460083,0.7635574340820312,0.02272466104477644,3.757718563079834,0
14.068447181947057,2548.212505314626,0.81007332971267,0.0,35.98981588013066,0.49162977933883667,12.01037883758545,0.2625558078289032,0.12045109997188792,0.1682625114917755,0.9392890930175781,0.01014634664170444,17.327312469482422,0
3.5491193179550744,28718.941505899234,0.4019385702494197,-0.0057995300259479545,161.0430086743649,0.1952875554561615,14.179177284240723,0.04201211780309677,-0.1706447381653846,0.31178557872772217,1.0,0.010333763901144266,20.45623016357422,0
20.55175896754922,572.6700414540817,0.9062760676505882,0.0,16.577985465524158,0.7053409814834595,5.9810686111450195,0.5688775777816772,0.7698254890931118,0.10349153727293015,0.15631866455078125,0.010049695381894708,8.62885856628418,0
30.30517135590589,60.61264349489796,0.9802972369606378,0.0,0.9036989341369,0.7581932544708252,0.06753452122211456,0.8890505433082581,0.930270198042834,0.13207489252090454,1.0,0.010292012244462967,0.09743183851242065,0
4.417224524489899,23515.699856505104,0.41316023350831665,0.0,140.33420358907236,0.21862176060676575,16.333866119384766,0.0560825914144516,-0.2312223229124916,0.48675960302352905,0.3327598571777344,0.009986313991248608,23.564788818359375,0
14.58839647945103,2260.688436702806,0.7413163357465747,0.0,28.08304754711757,0.5293822884559631,7.183197498321533,0.5036870241165161,0.4514378979430562,0.3243516981601715,0.6796875,0.01284643984399736,10.363162994384766,1
22.847317389111197,337.558168579932,0.8704111236500132,0.1640890971998547,3.120416193666733,0.4815988540649414,0.038168150931596756,0.8928571343421936,0.9113168202247196,0.3192098140716553,0.5083885192871094,0.018276107497513294,0.05506499856710434,0
18.503311550890995,917.8024354272959,0.992239641373896,0.0,8.194037002258693,0.6391122341156006,0.16156330704689026,0.8011997938156128,0.8982068120309592,0.09147250652313232,1.0,0.009500894229859114,0.23308658599853516,0
8.710070495438364,8751.314898224915,0.6491761470882454,0.0,82.5119579781302,0.3688105344772339,18.205982208251953,0.009964924305677414,-0.2611173432542743,0.42087140679359436,0.9576072692871094,0.010367978131398559,26.26567840576172,0
9.830048787026598,6762.004916028912,0.5911685241047981,0.0,41.55305320120621,0.5743135213851929,7.723984718322754,0.5118781328201294,0.754330967304912,0.34473955631256104,0.17650985717773438,0.015193054918199778,11.143354415893555,1
30.173860939877372,62.473274075255105,0.98695385606952,0.6642160539328641,0.9429612257213213,0.9066038131713867,0.030863767489790916,0.9175103902816772,0.9854895208520509,0.055644914507865906,1.0,0.01637021778151393,0.04452699422836304,1
7.707103546447144,11024.781887755102,0.618437337813958,0.08365176056956443,100.59867269972958,0.44810181856155396,8.80173397064209,0.26741868257522583,-0.4057734192093078,0.42506957054138184,0.7811050415039062,0.020879069343209267,12.698216438293457,0
7.941395831848181,10445.777662627552,0.5742995789005986,0.0,84.0303728671839,0.34157413244247437,9.87306022644043,0.30911195278167725,0.9635432913715459,0.32499024271965027,0.923858642578125,0.013949835672974586,14.243814468383789,0
18.05761683155611,1016.9946720875851,0.8529810533270015,0.0,18.38275260768109,0.7016208171844482,4.325315475463867,0.5845025777816772,0.7090635135353044,0.195396289229393,0.9551811218261719,0.01190339820459485,6.240111351013184,0
8.81406300663083,8544.252225499575,0.7071811255831864,0.09111119196654206,91.68433111748439,0.523210346698761,12.085834503173828,0.20958226919174194,-0.531000634279976,0.1996249556541443,0.501983642578125,0.021001584827899933,17.436172485351562,0
9.788784811730665,6826.559497236394,0.43234840788602535,0.0,75.1687261088636,0.5406782627105713,16.78773307800293,0.056301817297935486,-0.20276667325759776,0.23714034259319305,0.9094276428222656,0.011223057634197176,24.219579696655273,0
25.721091916489875,174.16912468112244,0.9513858411212628,0.4746226923775929,2.2616594368795018,0.7481768131256104,0.06745585799217224,0.8673070669174194,0.9087883658866586,0.1636374294757843,0.7782783508300781,0.014707986731082201,0.09731833636760712,0
10.898323753629404,5287.470842633928,0.8085859985145103,0.14484378775883439,57.922393202919,0.44157874584198,6.24248743057251,0.44630900025367737,0.027782614249652914,0.4850638806819916,0.802764892578125,0.0215165913105011,9.006006240844727,0
7.58974175725018,11326.772693452382,0.9075174167759403,0.0,24.63508453074387,0.5548176765441895,7.754803657531738,0.4140625,0.22138329982446947,0.2456027716398239,0.6843795776367188,0.022349719889461994,11.187816619873047,0
19.63744840541618,706.8634406887755,0.967017933267736,0.5745508296046313,7.756417681881981,0.7113432884216309,1.1080795526504517,0.8191964030265808,0.7009743480423568,0.23516744375228882,0.5308341979980469,0.01978919468820095,1.598620891571045,0
13.272144204191765,3061.0184018920068,0.7874962984558798,0.0,25.308673012913275,0.34775060415267944,3.233295440673828,0.6390904188156128,0.9855734845429888,0.2851671874523163,1.0,0.010900836903601885,4.66465950012207,0
7.840318283931726,10691.743529443027,0.6011876188327484,0.0,95.4406887850038,0.2717220187187195,7.948774814605713,0.08561863005161285,-0.21265218377349235,0.35903260111808777,0.7579612731933594,0.010898534674197435,11.467657089233398,0
16.443902165560132,1474.6540377869899,0.9155917939910669,0.0,21.64730151578074,0.6525930166244507,1.0608189105987549,0.5593909025192261,0.6171238646661001,0.1337917000055313,1.0,0.006740934681147337,1.5304381847381592,0
22.6596241101957,352.46658428996597,0.9164387003709821,0.12896168698604665,2.228954084433123,0.4689825475215912,0.0911468118429184,0.8477957248687744,0.8314073255414418,0.2995222210884094,0.7204627990722656,0.015694767236709595,0.13149705529212952,1
11.591712912022832,4507.223247502126,0.9450801232019298,0.46379307754604504,11.524633315086355,0.5569924712181091,0.1819072663784027,0.7761877775192261,0.6566851546895635,0.22942671179771423,0.42596435546875,0.020856796763837337,0.26243674755096436,0
29.750525132755328,68.86964551445578,0.9342063328513553,0.5541207775073209,2.2551412062744234,0.7921730875968933,0.1711413860321045,0.7907167077064514,0.8650703902948905,0.2065926343202591,0.8983116149902344,0.026665636338293552,0.24690482020378113,0
22.366829032714314,377.0487085459184,0.9653919332169432,0.43282121858256617,2.139329525426737,0.61150062084198,0.020202966406941414,0.9264189600944519,0.9585469332238584,0.2804005742073059,0.9063453674316406,0.01683645509183407,0.0291465912014246,0
7.447080182601446,11705.024918951956,0.6762967977417045,0.0,106.20569602542945,0.5026562809944153,16.735977172851562,0.03156887739896774,-0.4330077071381554,0.3096599578857422,0.6570510864257812,0.010963572189211845,24.144912719726562,0
7.327536308792093,12031.692668473639,0.6531765222721954,0.0,90.59807491614245,0.40348902344703674,14.169553756713867,0.1947544515132904,-0.19161141721917546,0.29382118582725525,0.6261024475097656,0.013466923963278532,20.442344665527344,1
12.517619800741706,3641.8191964285716,0.8874666801062323,0.17970067099349973,13.412647547921658,0.5342228412628174,0.11663780361413956,0.8314931392669678,0.8253012244845239,0.44755658507347107,0.8418502807617188,0.019197159446775913,0.16827276349067688,0
7.939512390499952,10450.308753188776,0.7131460961998888,0.0,99.02897812942292,0.4686519503593445,12.011722564697266,0.15365912020206451,-0.5864439045650267,0.22926205396652222,0.455902099609375,0.013040762860327959,17.329252243041992,0
21.47954688006375,462.51484109268705,0.7898298147853106,0.21997059784334955,3.862384439426887,0.4238034188747406,0.16478444635868073,0.7730189561843872,0.7753106729136305,0.35217034816741943,0.9718208312988281,0.014734045136719942,0.2377339005470276,0
16.082446725458514,1602.6389309630101,0.8143446610790668,0.0,34.328523595625974,0.4850289225578308,4.973459720611572,0.4088209271430969,-0.23704246727373687,0.40909886360168457,1.0,0.01598395500332117,7.175185680389404,1
14.97999855020279,2065.763054049745,0.6064678949040352,0.0,35.50906806972031,0.21763378381729126,16.74615478515625,0.06156329810619354,0.10138778848183506,0.45803844928741455,0.9836158752441406,0.007543576997704804,24.159597396850586,0
10.0528592018326,6423.8359375,0.7934121957641519,0.42841030136604236,63.21185425203708,0.5816032886505127,1.5382800102233887,0.46912866830825806,-0.04955364817792918,0.44411492347717285,0.7275199890136719,0.035335848107934,2.219268798828125,0
14.227222369614093,2456.733929900085,0.7307250252701841,0.2109943284681233,7.639887388857071,0.31358274817466736,0.34476104378700256,0.6831154227256775,0.2079959917935564,0.3860335648059845,0.9995384216308594,0.017902535386383533,0.49738505482673645,0
11.825023081354637,4271.476808301446,0.6712196701977076,0.0,57.08238994177859,0.37104758620262146,12.698310852050781,0.15826290845870972,-0.10390109846564978,0.23721075057983398,0.3910789489746094,0.008530935738235712,18.319787979125977,0
6.965176706467839,13078.643149447278,0.49747082662776837,0.32582581459568044,104.53521554451626,0.4774934649467468,9.735379219055176,0.39287710189819336,-0.14661551922182442,0.3094791769981384,0.9963111877441406,0.019307901617139578,14.045183181762695,0
10.780102330815549,5433.38060028699,0.7223952029484829,0.0,45.21458460938116,0.41517966985702515,12.684271812438965,0.2496412694454193,0.16936581070188833,0.22855345904827118,0.7688560485839844,0.009927188511937857,18.299537658691406,0
15.92522649626805,1661.7194807610545,0.9089063646564274,0.0,14.169523161742804,0.6678884625434875,3.2417800426483154,0.6438336968421936,0.8056794033876793,0.24121004343032837,0.8451271057128906,0.01796115469187498,4.6768999099731445,0
19.08276157757676,803.1639429209183,0.9710602221092213,0.4156688559675479,6.970563700975572,0.5241744518280029,0.4861576557159424,0.7818080186843872,0.8647625079906474,0.17373646795749664,1.0,0.009829388931393623,0.701377272605896,0
8.389459602638617,9421.811270992772,0.6550079308571383,0.0,87.56885758321147,0.3974650502204895,11.079706192016602,0.1808832883834839,-0.24055690465485463,0.4823226034641266,1.0,0.017007148824632168,15.984636306762695,0
6.3137514506066506,15195.157844387755,0.43946722283557854,0.0,118.27788174562512,0.3564125895500183,17.241016387939453,0.04169323667883873,-0.32398221886366907,0.40507349371910095,0.4305458068847656,0.017226719297468662,24.873531341552734,0
5.377236395879824,18851.96918845663,0.3856074216049187,-0.014203460906507119,127.20625389422612,0.24207547307014465,6.45233154296875,0.13177615404129028,-0.31250655694776774,0.4290838837623596,0.6243400573730469,0.02147946786135435,9.308746337890625,0
9.33375156412322,7580.628334927721,0.724419390500482,0.29164161936322214,81.45025506453531,0.6019202470779419,4.50729513168335,0.41145169734954834,-0.34634807664608996,0.29593050479888916,0.6612625122070312,0.018382173031568527,6.502652168273926,0
15.84347056339071,1693.2976456207482,0.9427738129342937,0.394625419261298,7.496811285250774,0.5513746738433838,0.0896335318684578,0.8695192933082581,0.9293037953694949,0.3682837188243866,0.5499610900878906,0.01781513961032033,0.12931400537490845,0
18.862556627966963,844.9377192283164,0.8954018767588595,0.288576219557835,21.03130989677032,0.6841075420379639,5.431203842163086,0.598652720451355,0.07225281987112674,0.2109987437725067,0.7655715942382812,0.03404171019792557,7.835570335388184,0
22.35117081253496,378.41058806335036,0.7349467362718239,0.022110040993237445,2.3981184780988354,0.3620368242263794,0.046467192471027374,0.9055923223495483,0.9333597368474233,0.2871823310852051,0.9054832458496094,0.014771276153624058,0.06703798472881317,1
17.25704489925701,1222.8575547406463,0.9099687727331299,0.12723559864670222,15.271643807618208,0.6403861045837402,2.2030282020568848,0.676179826259613,0.6919400072652555,0.2624417841434479,0.7338104248046875,0.014584407210350037,3.178297519683838,0
15.462470010043056,1848.5591850021258,0.7333938819847415,0.0,12.962372330276485,0.2691778540611267,2.1760377883911133,0.7463727593421936,0.8208888717669593,0.6417303681373596,0.13265609741210938,0.01495484821498394,3.1393587589263916,1
20.793926002590474,541.6113546981293,0.9110345219561866,0.4710168618805249,1.8966437467416475,0.4836691617965698,0.057522665709257126,0.8852638006210327,0.8433157498018824,0.40883228182792664,0.7826118469238281,0.030301038175821304,0.08298765122890472,0
8.994663958690623,8196.226755155187,0.962540550704997,0.5751429678869163,6.0712890597051725,0.5992000699043274,0.1959252655506134,0.761320173740387,0.9141105323152965,0.2419275939464569,0.902496337890625,0.016561930999159813,0.2826603055000305,0
4.985611903584385,20630.947338701106,0.5392718261440512,0.16042373683508399,106.14461066382859,0.4077500104904175,9.335909843444824,0.2742147743701935,-0.40219071826032726,0.4589866101741791,0.9664955139160156,0.035819350741803646,13.4688720703125,0
7.531557035708257,11479.544536564626,0.7604715141532966,0.06774636695695266,41.9773795384559,0.3603977560997009,2.0486347675323486,0.6380341053009033,0.5469192478052752,0.5404713749885559,0.0563201904296875,0.026895090006291866,2.9555552005767822,0
19.613257386838672,710.8117891687925,0.8893069524644617,0.6942458444616602,24.331194171812363,0.6900898218154907,1.6284440755844116,0.6945750713348389,0.6045876567462856,0.33616772294044495,0.5671043395996094,0.014478642493486404,2.3493480682373047,0
15.776065992092793,1719.783435639881,0.9514517482660791,0.5598912477782144,24.141420870722484,0.7363678812980652,1.3535102605819702,0.4771006107330322,0.033579843632010616,0.21330878138542175,0.9790534973144531,0.013710425235331059,1.9527027606964111,0
20.85789178141368,533.6926020408164,0.8828401866063531,0.24415563252021744,3.5574975834045244,0.417714923620224,0.038040924817323685,0.9021843075752258,0.9322037474464172,0.4737051725387573,0.7126808166503906,0.015164873097091913,0.05488145723938942,0
21.692180106234353,440.41525164753403,0.9913507173803341,0.0,4.785734250983243,0.6836944818496704,0.34634432196617126,0.8083745241165161,0.8246557811776761,0.2564205825328827,0.6080970764160156,0.012153814546763897,0.49966925382614136,0
12.418301480729337,3726.0631643282313,0.6600272962684502,0.0,50.65268262282361,0.5954738259315491,9.23482608795166,0.40154653787612915,-0.02452630701956499,0.39064180850982666,0.5035591125488281,0.013775637373328209,13.323038101196289,0
21.05039703516794,510.55279416454084,0.914016710001671,0.24816112733406964,2.3393255961534942,0.4430442154407501,0.034223996102809906,0.9043566584587097,0.9628664859731584,0.25698375701904297,0.8835296630859375,0.013657592702656984,0.0493747815489769,0
4.755602282999634,21753.04872183248,0.35469086028666347,-0.0038821465624846595,153.62507966396572,0.252712219953537,14.520145416259766,0.02062739059329033,-0.4578947650407959,0.4428149461746216,0.9783592224121094,0.03063693456351757,20.94814109802246,0
20.810775906931497,539.5140638286565,0.8731055787500176,0.0,4.864935559230812,0.4390019476413727,0.08574988692998886,0.8629225492477417,0.9073758863952482,0.26298418641090393,0.8796615600585938,0.010813198518007994,0.12371101975440979,0
17.732730130284356,1095.991908482143,0.9177779117592139,0.25307830107413637,6.153380184274016,0.5319511294364929,0.12414288520812988,0.7991669178009033,0.7831811759351744,0.46753063797950745,0.7020683288574219,0.014542745891958475,0.17910031974315643,0
17.09901909085884,1268.1728515625,0.8971601360477337,0.0,16.96982614472051,0.659015953540802,3.2283272743225098,0.6258171796798706,0.8805260050826411,0.2005327343940735,0.1434478759765625,0.008574185892939568,4.657491683959961,0
6.907738842516541,13252.764376062925,0.6999853137362534,0.0,74.48242200175183,0.2389686405658722,16.644609451293945,0.036491550505161285,-0.34267304169475343,0.28917863965034485,1.0,0.010645081289112568,24.01309585571289,0
21.55818885553804,454.2150031887755,0.9337745954603476,0.2542105758315103,16.301199890497273,0.8569681644439697,4.079779148101807,0.5044443607330322,0.40305794855870963,0.133054718375206,1.0,0.017114076297730207,5.8858771324157715,0
16.407165763314488,1487.1808500744048,0.972278166840918,0.5844792717112374,23.056361611693397,0.538060188293457,0.8209072947502136,0.5123963356018066,0.5303380576831964,0.2760072350502014,0.534088134765625,0.010212501510977745,1.1843187808990479,0
23.73337059114067,275.2601243622449,0.9641861496604996,0.5929255849756816,15.11248418403843,0.9524880647659302,4.575648307800293,0.6463449001312256,-0.0009614390528602121,0.042397115379571915,0.9599647521972656,0.023839959874749184,6.601265907287598,0
19.939704886681703,659.3406808035714,0.9622000257906472,0.3408734706802958,4.205516554788826,0.6079329252243042,0.057814691215753555,0.8656927347183228,0.9480246627732783,0.21471881866455078,0.5002975463867188,0.014770374167710543,0.08340898901224136,0
14.564781339399735,2273.014608577806,0.9349639528014025,0.36369353253837067,13.190429758225358,0.599128007888794,0.9569475650787354,0.5852599143981934,0.5427062332281759,0.32644835114479065,0.9787826538085938,0.018161332234740257,1.3805835247039795,0
11.621917623256122,4475.984753667092,0.4425851233229837,-0.0037660566645326436,30.16294631340915,0.18611107766628265,2.191649913787842,0.5587332248687744,0.19437445193186495,0.37770017981529236,0.5205574035644531,0.022127011325210333,3.1618824005126953,0
13.387680544896558,2980.6590866815477,0.8447175547094196,0.11229989094358607,11.281708363083975,0.37562957406044006,0.1551070660352707,0.7989675998687744,0.8294812988571277,0.29564425349235535,0.3898887634277344,0.014024809468537569,0.22377219796180725,1
8.670569542772459,8831.27495881165,0.6561476538261248,0.0,91.57110987537988,0.3409382402896881,10.16051197052002,0.2561383843421936,-0.1101954880457745,0.4391424059867859,0.7062644958496094,0.01348074059933424,14.658519744873047,0
9.465380313626452,7354.316725127551,0.7395114063865231,0.0,89.64953360626494,0.6737267374992371,17.718891143798828,0.04559949040412903,-0.3021496889256111,0.20140495896339417,0.9571609497070312,0.008529543410986662,25.56295394897461,0
16.20231636290757,1559.0093670280612,0.7490735287384913,0.0,29.420798868600578,0.43133169412612915,12.384288787841797,0.2774832546710968,0.3214206991757397,0.195425346493721,0.9966354370117188,0.007205962669104338,17.866748809814453,1
12.95245519302444,3294.8438828656463,0.8249228512250354,0.0,25.461774510659996,0.5774985551834106,6.837696552276611,0.5374681353569031,0.6795933926640215,0.25097212195396423,0.9046897888183594,0.011396824847906828,9.864710807800293,0
19.111277671594532,797.9075852997449,0.8723356910655335,0.0988336847498995,5.874840527714511,0.5255419015884399,0.0621475949883461,0.8594546914100647,0.8779530344572862,0.23461738228797913,0.5572776794433594,0.013768663164228201,0.08966004103422165,0
16.793938262653707,1360.4623724489795,0.7901225634151464,0.4481051759194466,15.919384177700596,0.6027911901473999,5.174032211303711,0.6681879758834839,0.0849327560849346,0.22233107686042786,0.6813774108886719,0.014142713509500027,7.4645490646362305,0
16.499494612603584,1455.8978329613096,0.8460856446833385,0.0,19.3220265298543,0.6548923254013062,4.950235366821289,0.6354033946990967,0.820060163095092,0.18103435635566711,0.8882980346679688,0.012141965329647064,7.141678810119629,0
13.291442336884803,3047.446760735544,0.6111954115760188,0.0,41.14961339949494,0.3509049117565155,15.88508415222168,0.10425303131341934,-0.022090662033361144,0.3674924671649933,0.7406501770019531,0.01896500401198864,22.91733169555664,0
14.589864076670649,2259.9246186755954,0.9583433263441195,0.0,8.69491402721023,0.5342211723327637,0.8346331715583801,0.7866709232330322,0.831333317677951,0.2553817331790924,0.9652252197265625,0.01101963222026825,1.2041212320327759,1
27.660405343306458,111.43967235331633,0.9901565534158552,0.5715516915283573,1.5804767035783684,0.8521877527236938,0.06789136677980423,0.8666692972183228,0.899168393592915,0.12130420655012131,0.8422660827636719,0.016704136505723,0.09794637560844421,0
9.2167136836796,7787.696043261054,0.48374506821836355,0.0,90.43885521086496,0.2156185507774353,18.07815170288086,0.025709502398967743,-0.26752377963466384,0.27025681734085083,0.9998359680175781,0.009744200855493546,26.081256866455078,0
18.72841378146372,871.4429939944728,0.754809255309478,0.13027523043093459,3.7363477710254047,0.41032862663269043,0.16662368178367615,0.8567044138908386,0.4862410260324088,0.44581687450408936,0.8873825073242188,0.01951056718826294,0.24038715660572052,1
14.221635396092404,2459.896424585459,0.7622025738410935,0.0,38.981584807788394,0.35637906193733215,14.569547653198242,0.16898515820503235,0.3214138969430405,0.19617843627929688,0.9789543151855469,0.007462398847565055,21.019412994384766,0
13.92817682637121,2631.859361713435,0.9588782912180293,0.48403781114908917,6.237424239755093,0.5854836702346802,0.19084122776985168,0.8614078760147095,0.8884847740894972,0.3570864200592041,0.034046173095703125,0.03556293435394764,0.27532586455345154,0
31.771259367410806,43.24684444090136,0.9536908536789659,0.4832602646758798,1.574995843452482,0.6479319334030151,0.6990113258361816,0.4960139989852905,0.42732119741881697,0.13114464282989502,1.0,0.01768716238439083,1.008460283279419,0
21.608918100605457,448.9402569621599,0.9740125989595946,0.637189159762439,12.847397291794174,0.7565741539001465,1.6087474822998047,0.7351722121238708,0.5482660099291188,0.1567789614200592,1.0,0.012196923606097698,2.3209316730499268,0
19.785564971405307,683.1622555272108,0.9226122382290948,0.0,21.724390182823612,0.855575442314148,6.371709823608398,0.44226324558258057,0.17801396241129666,0.12125904113054276,0.32544708251953125,0.00901027349755168,9.192434310913086,0
23.750149474843603,274.1987138605442,0.8456316583198306,0.24144556615493806,1.9851721975765206,0.4047720730304718,0.02610807865858078,0.9169523119926453,0.9706378442507687,0.44016116857528687,0.3632240295410156,0.013765639625489712,0.037665992975234985,0
12.109636989732543,4000.521989264456,0.6307693588308263,0.0,41.78324296443148,0.24276699125766754,6.013613700866699,0.3743622303009033,0.03346003406099704,0.41240137815475464,0.22837066650390625,0.015281948959454894,8.675809860229492,0
17.12123751531322,1261.701470822704,0.8851458333134241,0.37117467482867345,4.690908040578464,0.4608769416809082,0.14192618429660797,0.8100686073303223,0.6222522689526527,0.31665170192718506,0.8364181518554688,0.02429873403161764,0.20475620031356812,1
6.080644630464551,16033.040803039967,0.7968069539177405,0.0,37.84681915747597,0.41841283440589905,3.2257022857666016,0.3353993892669678,0.16039906300489393,0.2976183593273163,0.9928321838378906,0.024938580580055714,4.653704643249512,0
16.55292810949655,1438.0949125744048,0.9356766324627684,0.6964280879454898,36.51765770821926,0.8226116895675659,3.585636615753174,0.24830596148967743,-0.08928332317763042,0.12490148842334747,0.9012451171875,0.014999384991824627,5.172979831695557,0
19.98018856548362,653.2230548469388,0.9766863746506003,0.516089794275994,6.941366418334591,0.6016041040420532,1.2572557926177979,0.857003390789032,0.8262059868687445,0.20697961747646332,0.9076881408691406,0.011132927145808935,1.813836693763733,0
19.405452620611683,745.6501315369898,0.9573494263196717,0.0,13.240114858825116,0.6739636063575745,2.2504138946533203,0.7787786722183228,0.8036048105836942,0.26761728525161743,0.33929443359375,0.024326970800757408,3.2466604709625244,0
19.661229838324147,703.0033216411565,0.9427111076765509,0.0,23.265266266435205,0.6589914560317993,8.508703231811523,0.2530094087123871,-0.06631820654541136,0.11118550598621368,0.8871688842773438,0.0063620866276323795,12.275464057922363,0
18.033324310388515,1022.6992320365646,0.8189821003312068,0.0,22.540477554660065,0.6236034035682678,7.299047470092773,0.5206672549247742,0.5425361360504464,0.13293685019016266,0.7301216125488281,0.01256678905338049,10.53030014038086,0
20.298921783762633,606.9992891687925,0.9538327961077041,0.46738633478649244,3.759068064795804,0.541896402835846,0.8196492195129395,0.6726921200752258,0.39562841674142984,0.26430168747901917,1.0,0.011866302229464054,1.1825037002563477,1
12.743837504686509,3456.977957589286,0.774140235781189,0.0,48.32641112840527,0.5140564441680908,16.37799644470215,0.08484135568141937,-0.19206272897902307,0.18573659658432007,0.8454322814941406,0.007770477794110775,23.628456115722656,0
7.747699232226667,10922.20786830357,0.7432603644443976,0.0,101.46753428760091,0.317241907119751,10.635940551757812,0.0412946417927742,-0.214685412218747,0.32877883315086365,1.0,0.01244916021823883,15.344419479370117,0
14.89940359800513,2104.456732302296,0.8106162696118591,0.0,18.370595473099947,0.4844058156013489,7.745505332946777,0.4136439859867096,0.5099846718778689,0.30615079402923584,0.9039573669433594,0.0076685817912220955,11.17440128326416,0
16.77146787251679,1367.5196441857993,0.9476029153705221,0.8028134376416766,23.0928531599103,0.5554009675979614,2.5167927742004395,0.5210459232330322,0.1406558524671924,0.2841348350048065,0.3519248962402344,0.015663844998925924,3.6309638023376465,0
15.059388254320629,2028.343643707483,0.7347132989668294,0.0,28.851323440765377,0.5334315896034241,8.769088745117188,0.3869977593421936,0.37265445625691507,0.26077619194984436,0.9580154418945312,0.015613641124218702,12.65112018585205,1
11.294603078053706,4826.363779496173,0.5794835389166578,0.0,58.37426255991822,0.4605422616004944,15.37393569946289,0.10849808901548386,-0.266542826489988,0.28797224164009094,0.6370849609375,0.011302835308015347,22.179901123046875,0
12.572060368690526,3596.4524606717687,0.8166813300824199,0.5153042287898535,56.04930665828064,0.6919996738433838,2.5125174522399902,0.5895447731018066,-0.24092305046137596,0.24417638778686523,0.9533882141113281,0.02161005698144436,3.624796152114868,0
15.749804857116523,1730.2142126381802,0.8965268496301492,0.5022367505690166,36.666194996892045,0.6495169997215271,4.282856464385986,0.4694674611091614,0.10959802756328124,0.2557932138442993,0.950042724609375,0.014546500518918037,6.1788554191589355,0
8.676257387992363,8819.716431494473,0.613364351500094,0.0,67.63193557283462,0.25188136100769043,6.744373798370361,0.4339325726032257,0.8608489592771094,0.3287561237812042,0.5911903381347656,0.013559165876358747,9.730073928833008,1
14.717234804644374,2194.6076078869046,0.827568771923763,0.0,37.256556829195745,0.6681539416313171,13.097291946411133,0.1986009180545807,-0.0514710218878727,0.11923745274543762,0.9996414184570312,0.008903002366423607,18.89539909362793,0
15.686622691559126,1755.569761107568,0.8218614965707318,0.0,32.43604512076384,0.5444600582122803,16.172283172607422,0.10997289419174194,0.09296636766554993,0.28140023350715637,0.9788818359375,0.007548307068645954,23.331674575805664,0
15.497523159823592,1833.698986235119,0.8916609207106443,0.1711428618292963,8.830018684511108,0.3906204402446747,0.2508946359157562,0.7354113459587097,0.5591547080324086,0.3465556502342224,0.748199462890625,0.012560002971440554,0.36196428537368774,0
8.327123228625803,9558.022268282313,0.6379040585208064,0.0,84.23343823533892,0.2765048146247864,6.431156158447266,0.13339047133922577,-0.08531435572121437,0.3939451277256012,0.8804893493652344,0.012566345743834972,9.278196334838867,0
11.378706313224098,4733.798084077381,0.6919788931067667,0.4364555914049192,68.9836574993343,0.6270533800125122,9.835206985473633,0.39819830656051636,-0.33473560565109456,0.23823200166225433,0.8608283996582031,0.020171882584691048,14.189204216003418,0
29.15012650952747,79.08019106079932,0.9880624624701144,0.7019763698796578,2.774473945526727,0.9028348922729492,0.17645856738090515,0.9048150181770325,0.9534441627425856,0.05229026451706886,0.8889083862304688,0.0118938316591084,0.2545758783817291,0
8.109173430174364,10049.929561277637,0.6672868876298007,0.07494339650290684,90.87812894064305,0.514898419380188,2.916032552719116,0.3068598508834839,-0.5987167093042797,1.0015311241149902,0.3501930236816406,0.028533472679555416,4.206945419311523,0
24.60971759943725,224.9617081207483,0.8877496224482438,0.21267334145735975,1.4469268578777887,0.49234360456466675,0.020556893199682236,0.9469667673110962,0.9920120195055148,0.2197827249765396,0.8243598937988281,0.012670062482357025,0.02965731732547283,0
15.367660475441586,1889.3582456420068,0.8750994741346627,0.0,15.048648773866924,0.21574142575263977,18.6120662689209,0.04354671388864517,-0.003663026615812343,0.27376988530158997,1.0,0.0076493562664836645,26.851533889770508,0
5.492192970070158,18359.509061437075,0.5463776239452374,0.0,133.23300001660218,0.38603585958480835,15.675736427307129,0.09016261994838715,-0.20023064951057895,0.34025317430496216,0.5577735900878906,0.010586806572973728,22.615310668945312,0
11.328484550395757,4788.857408588436,0.8125307160073312,0.30407762767305724,65.16563725492884,0.690343976020813,9.905765533447266,0.3311343789100647,-0.16592425834518196,0.18959948420524597,0.9280242919921875,0.031152265146374702,14.290997505187988,0
12.801312142459182,3411.5296223958335,0.7186232468244026,0.0,23.55353159186931,0.4333931803703308,13.936253547668457,0.20936304330825806,0.2623717412685096,0.18535107374191284,0.9617042541503906,0.011140103451907635,20.105762481689453,0
9.18537979591065,7844.086628401361,0.675986754865251,0.245342001516377,82.68185988814389,0.5397601127624512,5.936180114746094,0.2339564710855484,-0.3959403092807447,0.42428314685821533,0.5941505432128906,0.029321306385099888,8.56409740447998,0
12.600114599376726,3573.295240752551,0.8644335967138133,0.23898434696840726,13.15260284165472,0.3837971091270447,0.09975366294384003,0.8227639198303223,0.8848311213869995,0.26082393527030945,0.7705230712890625,0.014389699324965477,0.1439141184091568,1
19.056144179439837,808.1015558567177,0.8823849655079194,0.18663420458375196,4.9847935621565655,0.44608253240585327,0.09595142304897308,0.8221260905265808,0.8803053365518276,0.3500415086746216,1.0,0.01593098370358348,0.13842864334583282,0
17.80372729108449,1078.2206167623299,0.7914838781725404,0.09137474431879761,4.132155007734529,0.30626657605171204,0.32652032375335693,0.8852239847183228,0.8297381632704325,0.5685906410217285,0.456817626953125,0.02572097536176443,0.47106924653053284,1
21.843591286581464,425.3253148915816,0.9619402720056882,0.0,10.933195172581573,0.788216769695282,6.814303398132324,0.4539421498775482,0.39270052255605,0.10521487891674042,0.7957763671875,0.0061991948168724775,9.830961227416992,0
5.757463294200749,17271.658063616072,0.48711902513678873,0.0,120.46414665974228,0.4595670700073242,16.373498916625977,0.09313216805458069,-0.09153596767715365,0.22629620134830475,1.0,0.008916158927604556,23.621967315673828,1
12.627745767227498,3550.6329918686224,0.8768743701432788,0.0,23.203404093146652,0.7111286520957947,5.741870880126953,0.6050302982330322,0.40791801300658315,0.25574707984924316,0.42510223388671875,0.014782861340790987,8.283767700195312,0
15.917049034759472,1664.851329985119,0.9555464113868071,0.5365932187891036,8.672811746854459,0.6792821884155273,0.07504692673683167,0.8455835580825806,0.8356291611965876,0.3572807312011719,0.6575927734375,0.023882909677922726,0.10826981067657471,0
13.064361557514001,3211.028831845238,0.5310372228843937,0.0,46.19021034499798,0.39680981636047363,15.691208839416504,0.10313695669174194,0.10523583595190954,0.38411855697631836,0.91424560546875,0.010226793005131185,22.637630462646484,0
10.812493312392839,5393.007566698554,0.632180725616286,0.0,62.058573862209,0.21301385760307312,17.08247947692871,0.030333226546645164,0.029206354359740703,0.24432578682899475,0.9755744934082031,0.010108944261446595,24.644807815551758,0
7.34832640382437,11974.233438297193,0.7587018522367043,0.0,42.278499735117364,0.26474541425704956,9.919650077819824,0.3994140625,0.5107731407028855,0.25212863087654114,0.9833908081054688,0.01268049143254757,14.311027526855469,1
10.434358013668756,5883.6192402742345,0.7482016261071304,0.0,44.02118538491187,0.267573744058609,9.369133949279785,0.1450294852256775,0.0784605868780025,0.23473963141441345,0.2745704650878906,0.013205670285969973,13.516803741455078,1
15.585076636248992,1797.1018747342687,0.9813439871688083,0.623297016304588,5.522799837851858,0.6424092650413513,0.2350110560655594,0.8607302308082581,0.8934716765039107,0.2844930589199066,0.9505157470703125,0.026294481940567493,0.33904924988746643,0
13.708140175886307,2768.639070471939,0.8950976997061085,0.18715096258500166,9.547771830006527,0.466106116771698,0.156490758061409,0.7871093153953552,0.7566820256722538,0.2616827189922333,0.8889541625976562,0.016196212731301785,0.22576859593391418,0
25.36026499059476,189.25783242984693,0.9130883138922985,0.27174165497137115,2.2395965768278443,0.5474313497543335,0.04339874908328056,0.8989158272743225,0.9564567186949187,0.30642202496528625,0.6125946044921875,0.015121054369956255,0.0626111552119255,0
7.77522959474041,10853.18988493835,0.6822866162642773,0.0,96.8012791867394,0.27621880173683167,9.099105834960938,0.13980787992477417,-0.06143958749140591,0.32227766513824463,0.20030975341796875,0.012626428622752428,13.127233505249023,0
24.3256886778634,240.16598240858843,0.9929693773339099,0.26816019054991497,1.1760403298132864,0.6964784264564514,0.024795258417725563,0.9162747263908386,0.8901627840079545,0.22991247475147247,0.9943733215332031,0.021705415099859238,0.03577199578285217,0
26.359900120273977,150.34547061011904,0.8427495520788658,0.07295458822094097,1.682158791449666,0.5798457860946655,0.033834878355264664,0.9063496589660645,0.9580598790020584,0.3128463923931122,0.17847061157226562,0.01438976638019085,0.04881341755390167,0
9.955353151198285,6569.692548894558,0.5817761588988877,-0.0009898993757128547,69.5886081481789,0.4029422402381897,6.219003677368164,0.4563336968421936,-0.17645710541980072,0.4341164231300354,0.17647933959960938,0.020027567632496357,8.972126007080078,0
19.737733220239882,690.7279642325681,0.8980767953668851,0.340195086368147,3.1364396603245517,0.46622592210769653,0.05479920282959938,0.8742625713348389,0.9359987687457089,0.41020458936691284,0.7934722900390625,0.016637510620057583,0.07905854284763336,0
12.13612975497867,3976.1923495960887,0.6969877787364487,0.0,23.86593190442118,0.3716185390949249,9.015851974487305,0.36328125,0.6468415539872486,0.3106295168399811,0.8522987365722656,0.012747182976454496,13.007125854492188,0
22.107527181742803,400.2465919961735,0.9670289438711472,0.7264485424087792,3.928551473334493,0.6174342632293701,0.03662743419408798,0.890166699886322,0.9706644915326332,0.09538034349679947,0.8706741333007812,0.008414594922214746,0.05284222587943077,0
18.8247858848454,852.3182198660714,0.8396307241168358,0.0,23.20818722982843,0.8333808183670044,5.971681594848633,0.5985331535339355,0.5150638847826527,0.13905896246433258,0.8329238891601562,0.022390518803149462,8.615316390991211,0
8.205488704560825,9829.50143494898,0.5787086189376621,-0.006810721738847225,65.07284399210778,0.31233999133110046,3.881054639816284,0.46851083636283875,0.9560589542730772,0.5086546540260315,0.7878646850585938,0.015406695660203695,5.599178314208984,0
21.139595187141285,500.17368861607144,0.9495385628756807,0.441240236112191,13.213289201591977,0.7316606640815735,2.3907508850097656,0.7223771810531616,0.701107868086918,0.18004168570041656,0.7956008911132812,0.017260797321796417,3.4491238594055176,0
15.190197698490302,1968.160860437925,0.7488084380304743,0.0,29.737822785603,0.28995588421821594,10.883880615234375,0.2192482352256775,0.1338356645714448,0.20441469550132751,0.762939453125,0.006637645652517676,15.70212173461914,0
14.110854849289874,2523.4509991496598,0.8577312548494185,0.10241296485512952,21.800622068184456,0.5183203816413879,1.0120407342910767,0.8171038031578064,0.9971504021874339,0.33016499876976013,0.985809326171875,0.01772897131741047,1.460066318511963,0
11.500939996144549,4602.421197385204,0.9114339381383363,0.0,30.222656229905525,0.5347215533256531,1.048098087310791,0.5482501983642578,0.47931114762963245,0.3027857542037964,0.9323616027832031,0.015922480262815952,1.5120856761932373,0
29.20712458598522,78.04910049957483,0.9870298095351567,0.16862428207186236,5.7392977596929695,0.8215236067771912,0.8681573867797852,0.7364875674247742,0.7518691724160294,0.0805174857378006,0.9990310668945312,0.008722484344616532,1.2524863481521606,0
5.7793845342212595,17184.698122608417,0.4862776259761501,0.0149480653976792,102.76375168819078,0.30230024456977844,7.988943576812744,0.3592554032802582,0.33779448113060057,0.5163767337799072,0.9846839904785156,0.035167161375284195,11.525609016418457,1
15.2371320165064,1947.005414275085,0.9821336662106572,0.465857354770398,9.23365747915682,0.5918745398521423,1.0700180530548096,0.8059231042861938,0.7373271826601776,0.39753761887550354,0.5500144958496094,0.01867160014808178,1.5437097549438477,0
18.396261731481246,940.7065927933673,0.8686443817423323,0.2464873044535991,5.380221651874946,0.432752788066864,0.25457867980003357,0.712870717048645,0.6106529479090623,0.308816134929657,0.9425125122070312,0.019956983625888824,0.36727938055992126,1
4.843039286366725,21319.471387383077,0.9038762411199557,0.21796818368181597,18.428850535465156,0.4525891840457916,0.4929206073284149,0.5944276452064514,0.3297628852297054,0.4410877525806427,0.0,0.03562156390398741,0.711134135723114,0
5.785321279246196,17161.222928624575,0.4677059099529247,0.0,133.28286428368975,0.25307977199554443,18.23052406311035,0.0028101084753870964,-0.2681336129489602,0.26604995131492615,0.6662483215332031,0.010605852585285902,26.301088333129883,0
19.90370647421455,664.8286298894558,0.5182296558768342,0.43425968246923535,23.226502724819404,0.8213068246841431,11.448344230651855,0.4273756146430969,-0.029964445352959387,0.08725228160619736,0.7553863525390625,0.02433876506984234,16.5164737701416,0
16.37883712280616,1496.9133051658164,0.9714108427733383,0.579885960103536,7.036730751229953,0.6089110374450684,0.036669425666332245,0.9005500674247742,0.910156100331387,0.26370662450790405,0.9013290405273438,0.024917686358094215,0.05290280282497406,0
22.504495763533996,365.28411325467687,0.6881113170363693,0.13690428654499853,3.0016342904879307,0.4589535892009735,0.5245315432548523,0.642558217048645,0.2477917222625636,0.29356274008750916,0.7551193237304688,0.015113518107682467,0.75673907995224,0
22.510136633847626,364.8099689094388,0.9320034036195831,0.18470716679366045,3.6465639098040237,0.49486833810806274,0.09098177403211594,0.8503468036651611,0.8939152074392789,0.30474159121513367,0.9018630981445312,0.009474164340645075,0.13125905394554138,0
9.284300726381275,7667.438270620748,0.9703353007115032,0.4515467766996091,10.016502061325397,0.5560095906257629,0.3443787693977356,0.651765763759613,0.6522815298863875,0.3094911575317383,0.5288314819335938,0.023990201763808727,0.49683356285095215,0
12.457079063594232,3692.941725127551,0.6392651375179768,0.0,32.44939813099743,0.19526658952236176,16.800151824951172,0.055484697222709656,0.1683851988000994,0.36367520689964294,1.0,0.014084307476878166,24.23749542236328,0
12.530609605435771,3630.942741549745,0.9703412218567109,0.4706560026196281,13.063237527689964,0.630203127861023,0.4693564474582672,0.6768375635147095,0.6869176891627738,0.237923264503479,0.7473640441894531,0.013948257081210613,0.6771382689476013,0
10.102962110283444,6350.152423469388,0.6073183890202818,0.0,80.48282044361461,0.487568736076355,16.387609481811523,0.0961216539144516,-0.2738981842055146,0.20715002715587616,0.1273193359375,0.009169818367809057,23.64232635498047,0
9.8447909914698,6739.090082908163,0.7864176761783839,-0.0024308268757737375,47.76737855922488,0.30254030227661133,7.257168769836426,0.014787946827709675,-0.036155591435933755,0.3088575303554535,0.9435501098632812,0.012045742478221655,10.469881057739258,0
21.076732178180066,507.4662255527211,0.9678085351442961,0.0,12.134386960457611,0.7653513550758362,2.257807493209839,0.5507214665412903,0.582994159003459,0.17592628300189972,0.8827934265136719,0.010171057656407356,3.2573275566101074,0
8.810255818211829,8551.74572172619,0.31313495275558695,0.0,83.38783486460963,0.3870909810066223,16.13214111328125,0.07754703611135483,-0.19339183177965114,0.23717470467090607,0.9999732971191406,0.014307082863524556,23.273757934570312,0
22.7327622448719,346.58050993835036,0.977494942722426,0.584767928610342,3.006676341287507,0.5496407747268677,0.2919939458370209,0.7676379084587097,0.7812441949813885,0.14914736151695251,0.8823127746582031,0.007019910030066967,0.42125824093818665,1
8.36233540255899,9480.8400696216,0.6989770373959804,0.23814760468719176,96.26522647599282,0.5466712117195129,5.621575355529785,0.25135523080825806,-0.4561576025219211,0.39580246806144714,0.4178504943847656,0.024837849661707878,8.11021900177002,0
6.877451534524884,13345.510994632228,0.5600430185703504,-0.00420586734707649,96.87222951003636,0.31534671783447266,7.4016313552856445,0.29055723547935486,0.3704177381558434,0.32384830713272095,0.9866714477539062,0.014869462698698044,10.67829704284668,0
10.30768428303604,6057.758177880527,0.7266607074198843,0.0,58.024493447457026,0.2200838029384613,6.734088897705078,0.08452248573303223,-0.012104365487916147,0.2644681930541992,0.9894676208496094,0.007536328281275928,9.715235710144043,0
28.15904729958077,99.35177508503402,0.9141786533233447,0.0,1.4837771298646767,0.45368078351020813,0.03142651170492172,0.9044164419174194,0.9704916140581854,0.17882946133613586,0.9137306213378906,0.007381573086604476,0.04533888399600983,0
19.36225164879815,753.1044191113946,0.921090775643505,0.0,22.49408085561072,0.8327905535697937,8.392128944396973,0.48455438017845154,0.22791918456141,0.08268776535987854,0.9068069458007812,0.008569399593397975,12.107282638549805,0
18.473166774571787,924.1951464179422,0.9004164257762316,0.39989321345852513,5.713069865667689,0.551700234413147,0.04719352349638939,0.8909239172935486,0.8157174312025388,0.29019927978515625,0.5691871643066406,0.02686357032507658,0.06808586418628693,0
14.418143076391885,2351.072670865221,0.8902271212844721,0.23178032962841863,9.826630189677166,0.4815152883529663,0.10684013366699219,0.8328284025192261,0.790354856254018,0.35948607325553894,0.7046852111816406,0.01861222181469202,0.1541377156972885,0
15.434679093051107,1860.4262197066328,0.9432475901091565,0.40874340715763735,30.349131294193395,0.7050628066062927,2.7925961017608643,0.38159680366516113,-0.08643915648617972,0.16886001825332642,0.9664535522460938,0.010203016456216574,4.02886438369751,0
31.731240860435204,43.64718856292517,0.9843848832926246,0.6956534779609275,0.5365313797754256,0.8312227725982666,0.021856222301721573,0.9407086968421936,0.9224810103415464,0.10788002610206604,0.45900726318359375,0.01857804972678423,0.03153184801340103,0
17.020187838993944,1291.402363679847,0.9374618617406132,0.4930893079011405,5.557716765455814,0.5598724484443665,0.38745033740997314,0.7432637214660645,0.23430485369643128,0.27234700322151184,0.9846153259277344,0.020958595909178257,0.5589727163314819,0
12.929173615102876,3312.5542490433672,0.8375574088425018,0.40972862959901063,27.47825648193296,0.6839783191680908,5.2554216384887695,0.5335021018981934,0.26100215098033536,0.18550099432468414,0.9071006774902344,0.016580848023295403,7.581970691680908,0
10.594658769569584,5670.410289115646,0.5293783193546716,0.5861408087256678,63.969128823181805,0.4312070608139038,10.547836303710938,0.3647560477256775,-0.0415986852402551,0.41945773363113403,0.4069328308105469,0.01677838619798422,15.217307090759277,0
18.506276818852566,917.175993835034,0.8607078328180637,0.07473205372158345,6.153400109741953,0.42075854539871216,0.056840501725673676,0.876973032951355,0.9326692980510314,0.342628538608551,0.65057373046875,0.017805210314691067,0.08200351893901825,0
8.25110526740777,9726.796595982143,0.6901441513813537,0.07836979684254125,83.84699845025204,0.40596678853034973,8.072558403015137,0.2552415430545807,-0.3836650424451281,0.3663281202316284,0.48714447021484375,0.01859251968562603,11.646239280700684,0
16.572785564247866,1431.534452062075,0.879630210091086,0.5520465338260345,22.80335198544592,0.7089664936065674,0.8168697953224182,0.6647400856018066,0.4931320337092877,0.1851465106010437,0.5902481079101562,0.019662787206470966,1.1784940958023071,1
22.37453406250558,376.3803611288265,0.7306088729346075,0.08581996270497416,2.3971021922880333,0.36073407530784607,0.11333869397640228,0.837890625,0.8178120601127365,0.3379421532154083,0.8894309997558594,0.014369646552950144,0.1635131984949112,0
7.750646821106242,10914.797399819303,0.7319708312296823,0.0,96.20477923405943,0.1708465963602066,17.624130249023438,0.002889827825129032,-0.0547702541616615,0.2558148503303528,1.0,0.005683454219251871,25.426244735717773,0
18.966161798056493,825.0194382440476,0.9244746992052452,0.40534676688744037,4.866430239862158,0.4358508586883545,0.24753904342651367,0.7454360127449036,0.83633644707344,0.2652835547924042,0.9792289733886719,0.010742212180048227,0.35712331533432007,0
13.934536309676218,2628.008284173044,0.7678241067880981,0.0,17.687101338208297,0.35892558097839355,4.70467472076416,0.435546875,0.5793652573735005,0.18946993350982666,0.9932365417480469,0.009017860051244497,6.787411212921143,0
14.132405571513743,2510.9600539434523,0.8304388063318291,0.5306598272707551,40.24864472787036,0.5170502662658691,2.3654401302337646,0.6888552308082581,-0.11215899810206487,0.3800102472305298,0.6811141967773438,0.024338264018297195,3.4126083850860596,0
15.846725421277842,1692.029064360119,0.9753489420695325,0.1919263918513605,8.936543392715981,0.654289186000824,0.572776198387146,0.8400629758834839,0.9038694275816375,0.3198774755001068,0.9403228759765625,0.018205038271844387,0.8263413906097412,0
11.80465186698851,4291.559855973639,0.7564364953369151,0.0,35.953981780921495,0.3492327034473419,5.141668796539307,0.6035953760147095,0.5809577016463372,0.34466034173965454,0.5527572631835938,0.01590956747531891,7.41786003112793,0
22.155548995561137,395.84527131164964,0.9944623126657594,0.7049349719101997,5.478695025267849,0.7818102240562439,0.01772819086909294,0.93461012840271,0.9729318291388516,0.1326271891593933,0.8875198364257812,0.023935883305966854,0.02557636797428131,0
19.941824383395904,659.0189798575681,0.9608097123748239,0.5761675183212782,5.357979883529673,0.6362912654876709,0.04367347061634064,0.8864795565605164,0.9524440368420714,0.1326451152563095,0.09284210205078125,0.007867369335144758,0.06300732493400574,0
24.40108104199593,236.03274473852042,0.9675170791529689,0.5220098157663025,10.935367417581883,0.8720248341560364,2.1939454078674316,0.7267219424247742,0.6111035460800689,0.06361377984285355,0.9738388061523438,0.015789515804499388,3.165193796157837,0
7.54947357235184,11432.283973745749,0.6814067280763607,-0.00077458366887799,111.51241628978451,0.467063844203949,15.430665969848633,0.08051658421754837,-0.3576183571570093,0.2007574737071991,1.0,0.013606377877295017,22.26174545288086,0
13.923460286716999,2634.719175170068,0.8435408062894877,0.0,41.493363420916744,0.5759116411209106,3.0416831970214844,0.24792729318141937,0.026831026173963796,0.2110828012228012,1.0,0.010368188144639134,4.388221740722656,0
11.830874179301443,4265.725871598639,0.8101645719035528,0.3414654279221584,51.36065068315478,0.6294223070144653,1.2126284837722778,0.5599091053009033,0.25802681942280403,0.41391006112098694,0.87066650390625,0.022937321104109287,1.749453067779541,0
13.735954138965418,2750.964252497874,0.8942250398131959,0.0,34.001355318114065,0.5561738014221191,5.8010101318359375,0.4878826141357422,0.44855473216956643,0.31969135999679565,0.32220458984375,0.011941511649638414,8.369089126586914,0
12.8853768195221,3346.12899261267,0.7536036918683998,0.0,43.35604661664506,0.6269916296005249,8.197635650634766,0.4455118179321289,0.300221425856677,0.19826678931713104,1.0,0.011709326412528753,11.826688766479492,0
13.241402556496391,3082.7627683886053,0.7025952642923577,0.0,43.9600805935924,0.611662745475769,11.206737518310547,0.35445234179496765,-0.039201482488230105,0.29447028040885925,0.708282470703125,0.01635270332917571,16.167905807495117,0
17.30857052877024,1208.435035342262,0.9675080167177667,0.5922699948421428,22.082051117878677,0.8415431380271912,3.2021820545196533,0.6228077411651611,0.3024777988780508,0.09218695759773254,0.8395767211914062,0.014046092052012682,4.619771957397461,0
13.269786319538293,3062.68075042517,0.9291149333074484,0.4453890201100808,6.167350836456828,0.4649646282196045,0.04880325496196747,0.8810786008834839,0.9251619596727483,0.4312695860862732,0.721649169921875,0.023313776589930058,0.07040821015834808,0
16.671323870578338,1399.419669430272,0.9357328848992746,0.20435515625691317,13.535634538796035,0.6886129379272461,1.0171029567718506,0.7229551672935486,0.8535980768604781,0.2174580991268158,1.0,0.016591676976531744,1.4673693180084229,1
11.473342384622388,4631.760795333758,0.7921765348175239,0.0,61.376634220165876,0.39994359016418457,4.911111831665039,0.23212292790412903,-0.08272775454433598,0.2974069118499756,1.0,0.013251736760139465,7.0852370262146,0
13.138620323556156,3156.5911059736395,0.9173154609260935,0.0,18.297413252190392,0.6930508613586426,2.4968974590301514,0.6285873651504517,0.6542289534419901,0.2640767991542816,0.7133979797363281,0.01892496831715107,3.602262258529663,0
26.783648707573917,136.36894796981292,0.897221486053156,-0.0018090401097900085,2.8534558223053534,0.4113342761993408,0.5797775387763977,0.5883888602256775,0.38911256656129606,0.24786314368247986,1.0,0.010015292093157768,0.8364421725273132,1
8.87692665042626,8421.465926605017,0.6681604847784538,0.22120673024260132,91.47875470379749,0.7220727801322937,9.768074989318848,0.37432238459587097,-0.004253868729889079,0.16769498586654663,0.5175933837890625,0.014571893028914928,14.092353820800781,0
14.727961596955462,2189.193757971939,0.9564913944750354,0.4361334632652401,36.017319199447265,0.6466661691665649,3.777510404586792,0.16226881742477417,-0.05456901059086881,0.18599683046340942,0.8507080078125,0.01386876218020916,5.449795246124268,0
15.041605668373844,2036.665909332483,0.9226004376077785,0.4917205770619372,22.6458271042932,0.6430702805519104,0.59431391954422,0.7735570669174194,0.5851088552490475,0.39038047194480896,0.6906242370605469,0.033944166265428066,0.8574137091636658,0
19.028782850114883,813.2088116496599,0.867294332390262,0.0,14.26199772620016,0.42948010563850403,6.805028915405273,0.4081234037876129,0.4854833287419491,0.18870937824249268,1.0,0.010983359883539379,9.817580223083496,0
16.678556391655867,1397.0910860437925,0.7905735806463682,0.0,27.544861978934048,0.4844783842563629,12.175553321838379,0.2955396771430969,0.1627745090746338,0.2072293609380722,0.9819221496582031,0.009130837162956595,17.565610885620117,0
17.873198340645967,1061.1102917729593,0.9924035331142259,0.5413993987693506,7.636738573489617,0.7066140174865723,1.3959170579910278,0.7299904227256775,0.5439905605678507,0.18657051026821136,0.6328201293945312,0.021713506430387497,2.013882637023926,0
10.297842370142336,6071.501740539966,0.5580612452715533,0.0,53.41621486393622,0.16752712428569794,4.621292591094971,0.35417330265045166,0.2302118415973268,0.30595529079437256,0.5861473083496094,0.009405736345797777,6.667116641998291,0
12.914593984613859,3323.6934590242345,0.5849362213409721,0.0,42.02818085352743,0.33327436447143555,2.185182809829712,0.35598695278167725,0.3327817945550839,0.1535576730966568,0.6022605895996094,0.00893091643229127,3.152552366256714,0
24.461648141805732,232.76385788690476,0.9861047319023268,0.6806310952246847,2.850287016413371,0.7795501947402954,0.20325520634651184,0.8025350570678711,0.7233740902694884,0.16938260197639465,0.7965126037597656,0.029427357017993927,0.29323533177375793,0
6.322930072928501,15163.07746067177,0.6096968651914029,-0.0011529606357064508,111.46855067127302,0.35633522272109985,7.440617561340332,0.10479112714529037,-0.32307266413244307,0.3602016270160675,0.7453727722167969,0.013115267734974623,10.734542846679688,0
18.904738166002353,836.7708532631802,0.8651219243753412,0.09694997479933178,5.776267422848941,0.47457370162010193,0.06954917311668396,0.8975406289100647,0.9529712285834919,0.23055236041545868,0.9999198913574219,0.01750921458005905,0.10033824294805527,0
6.413467583413479,14850.244446215986,0.5445294786325051,-0.0028697005718031155,113.66109285475098,0.3490551710128784,9.969730377197266,0.2209821343421936,-0.451370222982337,0.36347833275794983,0.4021339416503906,0.013941212091594934,14.383279800415039,0
19.139413988181392,792.7549492453231,0.9101058811477593,0.3731335783805516,5.093032537210675,0.5563235878944397,0.03678791970014572,0.9028021693229675,0.9522389478960641,0.3300110101699829,0.29693603515625,0.029896247200667858,0.05307375639677048,0
13.173699437878108,3131.19717926233,0.778620360248028,0.0,55.0248925215517,0.7272998690605164,6.171284198760986,0.45007574558258057,-0.15869434258949403,0.14072807133197784,0.9201469421386719,0.021954314783215523,8.903282165527344,0
12.63411556368524,3545.429096247874,0.5595733689726728,0.0,44.66631463765674,0.2077188342809677,3.0957322120666504,0.39479032158851624,0.10884863794097083,0.27596357464790344,0.5841331481933594,0.007976599968969822,4.466197490692139,0
12.49743187437749,3658.7873883928573,0.8081282644951497,0.0,56.598094620564225,0.6304740309715271,10.10959243774414,0.36365991830825806,-0.09347587125187024,0.2129523605108261,1.0,0.012770977336913347,14.58505916595459,0
9.85431905808478,6724.321275775936,0.6517823409857233,0.025194107441004764,66.50494244234596,0.42773857712745667,2.331526517868042,0.4250637888908386,-0.19978311371458793,0.48997363448143005,0.8195037841796875,0.021955406293272972,3.3636817932128906,0
24.113847086426038,252.17129703443877,0.968364206111642,0.5640318842086384,5.2649872921745295,0.8323564529418945,0.7692760825157166,0.7999840974807739,0.7476294553798581,0.14129237830638885,0.8717460632324219,0.01251774188131094,1.1098308563232422,0
21.869043753169652,422.83992346938777,0.9778471672833972,0.3800737850213323,2.8921794991756125,0.5466493964195251,0.0323505625128746,0.9269969463348389,0.9783078238408948,0.1600494086742401,1.0,0.011885134037584066,0.04667198285460472,1
10.709062908514442,5522.987623565051,0.8728527120573186,0.0,34.590900022848025,0.3361644148826599,17.992183685302734,0.023816166445612907,-0.03187130362032572,0.2759707570075989,1.0,0.00839136354625225,25.957233428955078,0
13.174516259434768,3130.608318718112,0.838613458147561,0.0,46.3094906859477,0.678639829158783,16.335205078125,0.12643495202064514,-0.05973229532616405,0.10125529766082764,1.0,0.00522381835617125,23.56671905517578,0
20.08328641583207,637.8987032312925,0.9378001171366631,0.6257138759534333,4.257473337002523,0.5937542915344238,0.05583874136209488,0.878926157951355,0.8981598943658436,0.18978019058704376,0.5468101501464844,0.01262948988005519,0.08055827021598816,0
14.853292922982646,2126.9195764243195,0.9214049128684141,0.357914156130854,32.68407200362742,0.8243645429611206,4.529565811157227,0.6125040054321289,0.34655069408647576,0.15376034379005432,0.9343490600585938,0.0125969466753304,6.5347819328308105,0
17.52540506945068,1149.581732302296,0.7450821273408215,0.08489789992705198,4.256895744334894,0.3705580234527588,0.11052505671977997,0.8298190236091614,0.5568289567707312,0.3869227170944214,0.49994659423828125,0.01798032410442829,0.1594540923833847,1
15.34995984104681,1897.0744579081634,0.9359362695561109,0.0,11.474509723178617,0.6115865707397461,1.0186749696731567,0.6428571939468384,0.7287740293056888,0.18732121586799622,0.6713752746582031,0.013872059527784586,1.4696372747421265,0
9.461225347550263,7361.356086575255,0.7919092141128337,0.2599275025165434,81.41380354578897,0.5120047330856323,13.408087730407715,0.16089364886283875,-0.3628518409886727,0.3402121365070343,0.9871025085449219,0.012691768817603588,19.343778610229492,0
11.540624177751411,4560.557577327806,0.9237781372060498,0.40256469665276584,56.050462380418445,0.607551097869873,4.023984432220459,0.4087611436843872,0.04765689066319349,0.27301713824272156,0.7449111938476562,0.015139736235141754,5.805383205413818,0
12.175567156924412,3940.2487975659014,0.7800939041955292,0.0,39.371651763087335,0.6459380388259888,9.761521339416504,0.2960977256298065,-0.08464786919562155,0.17805975675582886,0.82806396484375,0.014643345959484577,14.08289909362793,0
3.8050004869911036,27075.738573554423,0.39302473902227175,0.0,160.63125778539236,0.19240690767765045,18.08243751525879,0.009127870202064514,-0.0970415184382671,0.45209112763404846,0.8313407897949219,0.00960793998092413,26.087444305419922,0
13.37863604716899,2986.8729937287417,0.980674396153181,0.47773629103704507,11.635562948444399,0.795661985874176,0.4301004409790039,0.6022999286651611,0.4528961679003346,0.21858102083206177,0.8803176879882812,0.0191977983340621,0.6205037832260132,0
15.83297618348199,1697.3943120216836,0.9827342624488894,0.0,13.806999218896111,0.6404526829719543,6.9457831382751465,0.41228872537612915,0.09776279844160747,0.17932023108005524,0.8458709716796875,0.014736794400960207,10.020647048950195,0
7.081075546537491,12734.233418367347,0.5859299270704308,0.006524430340534908,110.83803014912701,0.2800177335739136,6.759922504425049,0.07487642765045166,-0.3881571484084859,0.40325871109962463,0.8412017822265625,0.01579537009820342,9.752506256103516,0
18.026273356021715,1024.3609760310374,0.8769776078598872,0.0,19.768853714922052,0.6841967105865479,4.555891990661621,0.6571069955825806,0.7342752808379702,0.20255206525325775,0.6532249450683594,0.01487697008997202,6.572763442993164,0
10.732238168971623,5493.593796502976,0.7766533544111859,0.0,22.470583493944382,0.493448406457901,7.261068344116211,0.4280332922935486,0.6139973324877213,0.1644832193851471,1.0,0.00890284962952137,10.475507736206055,0
5.643252022031514,17731.89531515731,0.7980115651947643,0.17339730960527583,54.127989432796056,0.424601674079895,19.622880935668945,0.03332270309329033,-0.02748851291489124,0.27401432394981384,0.9813919067382812,0.016813913360238075,28.30983543395996,0
13.621485941432711,2824.436184630102,0.6684611288504817,0.0,35.89138229955673,0.2154673933982849,13.367334365844727,0.21434549987316132,0.08304598086755939,0.2244037240743637,0.9985198974609375,0.007252296898514032,19.284984588623047,0
7.883251740390103,10586.567887701956,0.5904156153129851,0.33586613324879455,95.13436708577777,0.4878118634223938,15.015034675598145,0.11645009368658066,-0.44330231984891816,0.3118758201599121,0.9753952026367188,0.013841987121850252,21.66211700439453,0
24.673820137499384,221.66562367134352,0.997266015791929,0.7085530441285135,1.3206511329711523,0.8827957510948181,0.01177680678665638,0.9490393400192261,0.9519986993155239,0.11344321817159653,0.6981849670410156,0.02632521651685238,0.016990339383482933,0
13.833695806120339,2689.7429647640306,0.6437879351953156,0.0,29.321249154459352,0.1551533043384552,17.42259407043457,0.030193720012903214,0.09450592491663337,0.28974348306655884,0.9656906127929688,0.008785196114331484,25.13549041748047,0
13.246725169969958,3078.986919377126,0.9271020113348943,0.0,12.299306460015263,0.43064525723457336,0.5680594444274902,0.5469746589660645,0.5320386067697287,0.2069382518529892,1.0,0.007529692491516471,0.8195364475250244,0
26.27059690674541,153.4690024447279,0.9934137710592168,0.5697364393975883,3.895627429109239,0.7620232105255127,1.318685531616211,0.8694595098495483,0.9145803592118801,0.12811674177646637,0.9470024108886719,0.01198349567130208,1.9024611711502075,0
10.820344606750485,5383.266747714711,0.7540829913793509,0.2727273237275027,60.57768675560635,0.5163406133651733,0.9760115146636963,0.5726243257522583,0.21689351413259672,0.4970162808895111,0.9521446228027344,0.026116538792848587,1.4080870151519775,0
14.216190860304724,2462.982209289966,0.909693958048095,0.46886148660481264,10.009725701809238,0.6362388134002686,0.14635109901428223,0.7975326776504517,0.5267710625523314,0.4237334430217743,0.864898681640625,0.04763955995440483,0.2111400067806244,0
18.468237772818973,925.2446521577381,0.7967460883285634,0.0,22.650111643462427,0.672448992729187,5.80483341217041,0.573262095451355,0.8476866018386148,0.17682835459709167,0.7652549743652344,0.00886394432745874,8.374604225158691,0
19.140399317991896,792.5751089498299,0.9519726415063958,0.0,14.281269875706684,0.6738901734352112,3.0706915855407715,0.5412746667861938,0.17862656676018548,0.1484995037317276,0.9835052490234375,0.008325447561219335,4.430071830749512,0
7.319961228815206,12052.696979963861,0.6701783471040641,0.0,30.552973579546627,0.26856565475463867,6.373528003692627,0.18648357689380646,0.1262180861625006,0.542005181312561,0.7631072998046875,0.02318394836038351,9.195056915283203,0
18.039560830433217,1021.231677827381,0.7925843082761318,0.0,4.779296838252159,0.2943333685398102,0.17706304788589478,0.7907963991165161,0.421090840253783,0.46723702549934387,0.14948654174804688,0.015918529126793146,0.25544798374176025,1
22.526173952588223,363.4653087797619,0.991999729802389,0.0,6.7317642209197786,0.7708536982536316,3.4378232955932617,0.5251913070678711,0.43085245445448866,0.05103563144803047,1.0,0.005327641032636166,4.95973014831543,0
11.718047459819376,4377.998565051021,0.5458456684845283,0.0,47.11112871986691,0.17381079494953156,11.700342178344727,0.25366705656051636,-0.021102159447311884,0.43092289566993713,0.9766387939453125,0.019529040902853012,16.88002586364746,0
23.3803668546567,298.5682862988946,0.8632651934084208,0.37281085969204114,1.730648064209894,0.41460445523262024,0.049187228083610535,0.8972815871238708,0.9359170213342977,0.24665851891040802,0.8222007751464844,0.011531887575984001,0.07096217572689056,0
7.773084452621992,10858.552003613946,0.5582116665960324,0.138455805453489,92.03692988735497,0.3456956744194031,7.411262512207031,0.2559191584587097,-0.27952334339020773,0.5261937975883484,0.3629188537597656,0.021335980854928493,10.692192077636719,1
26.433599075418957,147.81566220238096,0.8766782973978117,0.41062319476276704,0.6774353803504002,0.6456362009048462,0.013212397694587708,0.9400111436843872,0.9645847063334847,0.28740623593330383,1.0,0.02226953487843275,0.019061587750911713,1
8.512043415483914,9159.589684311224,0.6569706260573664,0.0,82.50466368263211,0.36274173855781555,8.974448204040527,0.3488321304321289,0.03362220784745702,0.42630183696746826,0.7861824035644531,0.018236303701996803,12.947391510009766,0
4.8986529980871465,21048.20481239371,0.4406579943649677,-0.0022873354010707046,146.53997932592463,0.25268545746803284,13.09519100189209,0.025430481880903244,-0.4052543234444607,0.5198773741722107,0.3072242736816406,0.018303493969142437,18.892366409301758,0
17.160335998663232,1250.3936543367347,0.607399429437342,0.0,12.741808868531187,0.28296390175819397,0.9235945343971252,0.763651967048645,0.8749754792794259,0.31278762221336365,0.5045661926269531,0.010363908484578133,1.3324652910232544,0
18.22488483917079,978.5699537627551,0.979307020640373,0.7562472065863638,21.23746415344999,0.6967946290969849,0.8328535556793213,0.4807278513908386,0.4765498399875247,0.1319386214017868,0.9576759338378906,0.010065945331007242,1.2015537023544312,0
19.22518665037483,777.2517272534013,0.8661442525017239,0.0,22.38960856861815,0.38128018379211426,13.0187406539917,0.1127232164144516,-0.006610035220481349,0.13417471945285797,0.8402519226074219,0.005706531694158912,18.782073974609375,0
8.371162014689897,9461.590753879676,0.6323159188038118,0.0,93.0350166768228,0.3322373330593109,18.05906105041504,0.01783721335232258,-0.20440726717006436,0.4567236006259918,0.5639228820800781,0.007305266801267862,26.05371856689453,0
8.605511282040355,8964.565250318878,0.6632468503690147,-0.0049379974108279805,54.0254301180256,0.3360784649848938,6.10084867477417,0.462193101644516,0.1990908742160034,0.5472939610481262,0.24330902099609375,0.028306438587605953,8.801663398742676,0
9.063391072952815,8067.542344281463,0.5434964049460808,0.0,67.88737648544841,0.3538937568664551,8.795549392700195,0.4143415093421936,0.5143501340356019,0.4264528751373291,0.040821075439453125,0.013541519176214933,12.689292907714844,0
10.02203772637209,6469.587458811649,0.8886397437943144,0.0,27.69997604631051,0.6601371169090271,1.4075281620025635,0.4662986099720001,0.38391496093677835,0.1348346620798111,1.0,0.007671764120459557,2.0306339263916016,0
29.37814339221001,75.03536883503402,0.8775897770993498,0.0,1.5417928829299223,0.39335134625434875,0.08927643299102783,0.8247368931770325,0.8814365708568973,0.37982261180877686,0.8686866760253906,0.014438611455261707,0.1287986785173416,0
13.75871017973591,2736.587525244473,0.7895920265011076,0.0,34.43777887392342,0.4876845180988312,4.391144752502441,0.6901706457138062,0.8695429761752478,0.3468427062034607,0.8782463073730469,0.018584589939564466,6.3350830078125,0
23.46984940849861,292.4794921875,0.936188293616896,0.0,3.0085500054386687,0.5359422564506531,0.05717901885509491,0.8862205147743225,0.8603797566097318,0.2187046855688095,0.8153419494628906,0.013692466542124748,0.08249188959598541,0
24.103651116260703,252.76401732568027,0.9719105104281585,0.0,10.795121187504385,0.7663634419441223,3.1605300903320312,0.6847097873687744,0.6794518821088982,0.09519816190004349,0.8721046447753906,0.006096519995480776,4.559680938720703,0
6.432340466436952,14785.85061915391,0.6223872424654333,0.0,117.14768048941946,0.49802476167678833,11.21726131439209,0.10634566098451614,-0.11793079693321117,0.3435690999031067,1.0,0.01456325501203537,16.183086395263672,0
15.499903830518083,1832.694083492772,0.9296499654373155,0.4404530056113197,41.10640544210206,0.6606587171554565,4.237199783325195,0.653878390789032,0.37062567528371704,0.2871641516685486,0.7329635620117188,0.01753154955804348,6.112987041473389,0
14.440110884163072,2339.210326318027,0.6467462644947551,0.0,37.73959658355047,0.25445693731307983,7.391165733337402,0.3220065236091614,0.11905831213507963,0.23279376327991486,1.0,0.008069668896496296,10.663198471069336,0
16.874935226508047,1335.3245642006802,0.8236181381658644,0.24409239404638677,7.402543150069258,0.416850209236145,0.04547663778066635,0.899433970451355,0.9564689631308815,0.3465699851512909,0.7816619873046875,0.01914190500974655,0.0656089186668396,0
19.45730486804547,736.8004357993198,0.9866418008726926,0.4860268629510362,9.469048828992683,0.7915285229682922,3.5797104835510254,0.6994976997375488,0.14219243567718778,0.1302812248468399,0.9731826782226562,0.025666951201856136,5.164431571960449,0
22.206535610561918,391.2251806972789,0.955277328052819,0.3599225050134282,14.612324547053301,0.832527756690979,4.3079423904418945,0.674824595451355,0.5480944730705009,0.14826102554798126,0.7009239196777344,0.0168032543733716,6.215047359466553,0
17.506021142133687,1154.724144345238,0.7969737493191533,0.0,19.447225837845362,0.331330806016922,15.805537223815918,0.12870696187019348,0.3139324614806238,0.15330283343791962,1.0,0.008493885397911072,22.802570343017578,0
12.178240410447152,3937.8241656037417,0.8469361951363836,0.4540819474624325,54.65577190005574,0.8810306787490845,8.679067611694336,0.49342313408851624,-0.03115469350153242,0.12865310907363892,0.7393875122070312,0.02008974179625511,12.521249771118164,0
2.943813046107164,33014.06912335246,0.252369114473306,0.0,179.82073138332237,0.1695522665977478,17.644067764282227,0.0460379458963871,-0.08701633446045993,0.30454179644584656,1.0,0.008220029063522816,25.45500946044922,0
15.11636260794792,2001.907930750425,0.8932795019932839,0.0,17.170858591016415,0.6547598838806152,6.262393474578857,0.5588727593421936,0.5455205819134901,0.14465627074241638,0.7905387878417969,0.010378492996096611,9.034724235534668,0
12.780725588215276,3427.7394438244046,0.973206258265058,0.6169664824514143,9.328942007022903,0.7044626474380493,0.16941846907138824,0.8107461333274841,0.9078532722358119,0.22985638678073883,0.9644889831542969,0.0189442066475749,0.24441920220851898,0
9.420329295056964,7431.0029097576535,0.8147204298027854,0.28457241631648483,33.36629121891414,0.6798317432403564,1.102149486541748,0.6453683376312256,0.6725324385475436,0.3883782923221588,0.9560432434082031,0.044053277000784874,1.5900659561157227,0
17.886305025698828,1057.912767059949,0.931640725057064,0.0,23.807577368521336,0.658819854259491,5.337440490722656,0.4842952787876129,0.4809357123161516,0.08854901045560837,1.0,0.008020462235435843,7.700298309326172,0
13.206946423193365,3107.3181268601193,0.6464696295662147,0.0,42.324378029396684,0.5863848328590393,8.522029876708984,0.5250518321990967,-0.0028589797471271854,0.19607779383659363,0.07899856567382812,0.012113349977880716,12.294689178466797,0
14.003546076815631,2586.579035129677,0.9219004497565056,0.0,22.884606261145635,0.5546630620956421,9.35147476196289,0.36260363459587097,0.3766232536081111,0.15138167142868042,0.9897651672363281,0.005926209385506809,13.491325378417969,0
22.86993641070727,335.8046609268707,0.9703488550382285,0.6374501016249288,1.9463887508090556,0.7262881398200989,0.09498578310012817,0.8349011540412903,0.8206926818485296,0.13181628286838531,0.9646148681640625,0.0179618950933218,0.13703553378582,0
18.976202433666728,823.1142445259354,0.9727106023929905,0.45761430024467886,5.57118928031631,0.6286505460739136,0.3097696900367737,0.7819675207138062,0.7361216879457402,0.2676104009151459,0.9608154296875,0.015221712179481983,0.44690319895744324,0
12.782434616544878,3426.3908309417516,0.901493337124724,0.48267776313609334,46.75440457055472,0.5196272134780884,4.218595504760742,0.21077805757522583,-0.11527559699746673,0.2847231328487396,0.9152793884277344,0.016254867427051067,6.086146354675293,0
23.88745922320187,265.6650589923469,0.8649609125229717,0.3012414110879448,2.3607301585370872,0.3853929340839386,0.03844501078128815,0.9020248651504517,0.9636837601399303,0.34692689776420593,0.29335784912109375,0.016766873188316822,0.055464424192905426,0
9.686195745999687,6989.7362151892,0.8143209821519886,0.6161275668139077,81.66019600454179,0.5129194259643555,6.009296894073486,0.20001594722270966,-0.4300789341082829,0.29543501138687134,0.6098480224609375,0.02177244145423174,8.669583320617676,0
20.581469999090004,568.7656515731293,0.9909428935370291,0.7144258102286098,6.198541163473144,0.7368103861808777,0.6169922947883606,0.7939652800559998,0.8397463901335942,0.1291225105524063,0.6479339599609375,0.014123473782092333,0.8901317119598389,0
17.436283346314504,1173.416055484694,0.8400602586790267,0.0,15.2906171485508,0.6704356074333191,5.1626811027526855,0.6548747420310974,0.7313564640644498,0.227157860994339,0.3044395446777344,0.01937002968043089,7.448173999786377,0
8.555555018650203,9068.278698979591,0.5512202644033138,0.0,71.28814578372304,0.6405154466629028,11.240190505981445,0.33199137449264526,0.16473345994400526,0.27504482865333557,0.5534744262695312,0.01709181582555175,16.216169357299805,0
14.43453497617851,2342.2155678677723,0.719001739581184,0.0,38.54801092413416,0.7036530375480652,11.930288314819336,0.3136160671710968,-0.08635970744882043,0.16359160840511322,0.7598152160644531,0.009919399162754416,17.211769104003906,0
16.80827588495863,1355.9784026892007,0.9664303900191811,0.5867837539253299,4.735371547613089,0.6016049385070801,0.8150390386581421,0.7285953164100647,0.4005423702443732,0.2974168360233307,0.893463134765625,0.017338025383651257,1.1758527755737305,0
19.961939162492328,655.9737258184524,0.9951557494227543,0.8065434813122176,5.5238361290716185,0.7420282363891602,0.18859314918518066,0.7670799493789673,0.7571883140680584,0.23798319697380066,0.7658233642578125,0.020994151011109352,0.2720825970172882,0
17.04313731914938,1284.596188084609,0.8951081817952895,0.0,7.530672119409139,0.5128874182701111,0.0472627654671669,0.8849848508834839,0.920610511952942,0.3429201543331146,0.5282020568847656,0.015906260814517736,0.06818574666976929,0
27.924459952152926,104.86591863307824,0.8719291810759879,0.27394029144300197,1.4745695154807148,0.510172963142395,0.03217793256044388,0.939453125,0.9896756447964834,0.2592981159687042,0.8499946594238281,0.01315399119630456,0.046422943472862244,0
13.517276628570835,2893.02840667517,0.6473909265022918,0.0,37.07238514422703,0.30473509430885315,6.654221057891846,0.4987245202064514,0.453684953361423,0.34603503346443176,0.935211181640625,0.010150321293622255,9.600011825561523,1
15.241840831977445,1944.895527742347,0.8821480805401402,0.24285182738132552,9.506536947226664,0.4380316138267517,0.1130819320678711,0.8338648080825806,0.9138496848091466,0.2502845525741577,0.36225128173828125,0.01112591102719307,0.16314275562763214,1
17.356992396668378,1195.036365327381,0.8019312748422127,0.0,27.395627400128266,0.6647639274597168,6.507812023162842,0.47421079874038696,0.492069883149449,0.25337332487106323,0.8184356689453125,0.013613640097901225,9.388787269592285,0
18.523352277025815,913.5769491390306,0.8982471583051088,0.30081616891167035,3.9936822545026907,0.48617300391197205,0.05420756712555885,0.8740034699440002,0.9144015178198615,0.35595181584358215,0.918060302734375,0.02243201434612274,0.07820500433444977,1
17.353820093765307,1195.9095982142858,0.8799423805007891,0.0,5.31232062841945,0.3815736770629883,0.07503481209278107,0.8944515585899353,0.9810302925534554,0.25629404187202454,0.7496566772460938,0.012354749254882336,0.10825234651565552,0
23.694106083440644,277.76003135629253,0.8293969883221229,0.19180006198503172,2.0904015821935635,0.4415108859539032,0.016849664971232414,0.9392738342285156,0.9809542246719992,0.3586917817592621,0.6495819091796875,0.02265741303563118,0.024308931082487106,1
11.817920539433002,4278.468185321003,0.7776860975641658,0.0,26.043965226428526,0.43961986899375916,6.670074462890625,0.5265864133834839,0.684900059841,0.36700543761253357,1.0,0.022432193160057068,9.622883796691895,0
7.108769579999887,12653.288285235969,0.5521218065771821,0.0,101.06441370174583,0.5734432339668274,14.040367126464844,0.186383917927742,-0.242541722963853,0.19987398386001587,0.9810104370117188,0.008655884070321918,20.255970001220703,1
13.36478127943849,2996.416865965136,0.7811684588823491,0.0,18.16093350895975,0.4704088866710663,4.854250907897949,0.597078263759613,0.8367962414317321,0.11722692847251892,0.9933280944824219,0.014620491303503513,7.003203392028809,0
10.772637427745263,5442.727838010204,0.7867944890237427,0.08455229470443329,63.616968469835,0.3409258723258972,4.5804595947265625,0.2983896732330322,-0.0315549955831663,0.3237518072128296,0.6635704040527344,0.00794342695735395,6.608206748962402,0
19.847784420640075,673.4446681016157,0.9349325507883813,0.0,13.069156536624075,0.5879934430122375,1.94207763671875,0.5789221525192261,0.5820339032544296,0.18961766362190247,0.9874000549316406,0.009155703242868185,2.801826000213623,0
13.143561586133643,3153.0016807504253,0.5491695918141872,0.0,36.08292802332761,0.42360126972198486,12.747577667236328,0.2429647594690323,0.5373004585415292,0.2055203914642334,0.9974861145019531,0.02120019495487213,18.390867233276367,0
9.568396782849511,7181.9219746492345,0.7613558581299646,0.1693682323377484,80.5359534590963,0.40595996379852295,4.238338470458984,0.2853156626224518,-0.25294892374358885,0.3787585496902466,0.6431388854980469,0.014267409220337868,6.11462926864624,0
14.254601958421391,2441.294456845238,0.659158170451106,0.0,30.73409601258318,0.24694453179836273,12.306427001953125,0.24499762058258057,0.07408521365106585,0.33857452869415283,0.9907913208007812,0.009106210200116038,17.75442123413086,0
18.17970877218715,988.8023357780612,0.7582481755465705,0.10000495660778638,6.823142679779437,0.35706666111946106,0.5481725335121155,0.6713768243789673,0.27603864769065856,0.37421950697898865,0.8996124267578125,0.01926315948367119,0.7908458113670349,1
17.005512456125285,1295.7735637223639,0.973106231871762,0.6614312966691446,25.122867602016825,0.6641262173652649,0.968806266784668,0.5094865560531616,0.40848143398733555,0.15989050269126892,0.8371734619140625,0.015879115089774132,1.3976919651031494,0
8.144079370194202,9969.478103741496,0.735859131522919,0.1536373531105706,90.9317003761152,0.44564491510391235,4.863694667816162,0.18740034103393555,-0.2886250875605954,0.4184706509113312,0.9845809936523438,0.02238462958484888,7.016828536987305,0
26.951691457456725,131.19316671981292,0.9400987169455077,0.5283251767015928,1.4918486937242204,0.7184591293334961,0.0655725747346878,0.8778101205825806,0.7157742199894795,0.27538958191871643,0.98406982421875,0.0192495072260499,0.09460123628377914,0
5.335440745583897,19034.272666879253,0.470905051669955,0.0,139.90475526176766,0.17760129272937775,16.70132064819336,0.0047233738005161285,-0.34783532987109084,0.26760387420654297,0.9970817565917969,0.012304456904530525,24.094911575317383,0
14.8991734461543,2104.5682597257655,0.8181997474071009,0.0,40.32637117222548,0.6084602475166321,5.8003435134887695,0.4460698366165161,0.24359072424898387,0.21629270911216736,0.6627006530761719,0.01603480987250805,8.368125915527344,0
17.03517015581635,1286.9549519026361,0.9017107272879288,-0.0027684498375213744,6.81947525899548,0.5231630802154541,0.07886310666799545,0.8800622224807739,0.910841855119171,0.2691847085952759,0.9998207092285156,0.014722112566232681,0.11377540230751038,0
5.166936390902905,19787.30836123512,0.4525824020394496,0.0,133.04476225141718,0.2959997355937958,16.66887092590332,0.029376594349741936,-0.509855826824709,0.6073397397994995,0.10356521606445312,0.015626706182956696,24.048099517822266,0
15.42252595003393,1865.6396617240646,0.9371717139138146,0.0,8.234095946058376,0.586087703704834,0.08651057630777359,0.8434709310531616,0.9371631336129068,0.3855382204055786,0.8012886047363281,0.013591403141617775,0.12480838596820831,0
13.798903883099387,2711.377404868197,0.9782502436199448,0.3964241330500957,10.12330599855359,0.5251346230506897,0.15695026516914368,0.8264907598495483,0.8817243977641274,0.2930939197540283,0.5327987670898438,0.01854806113988161,0.22643133997917175,0
28.501501096997245,91.8185121704932,0.9902986413686113,0.531961559560898,8.075852941762083,0.9714125990867615,4.334247589111328,0.6720743179321289,0.10568336986454575,0.026333732530474663,0.9744453430175781,0.013557967264205217,6.252997398376465,0
9.229131853549532,7765.459794855442,0.9703441832736214,0.0,17.718570276631567,0.6859163641929626,1.107535481452942,0.4550183117389679,0.13142326326507112,0.14675332605838776,1.0,0.016134231351315975,1.5978360176086426,0
12.69931677074778,3492.5986660289113,0.8506494424949662,0.20960225223655501,12.676219786259075,0.5054404139518738,0.1308615803718567,0.8067801594734192,0.8923707430910924,0.24358896911144257,0.9035377502441406,0.024964096024632454,0.1887933909893036,0
19.405384831080028,745.661770567602,0.8544938291436763,0.1274834020942944,5.548628597483717,0.44390860199928284,0.04491547495126724,0.9054528474807739,0.9411055017516976,0.29690465331077576,0.9395675659179688,0.015443703159689903,0.06479918956756592,0
11.668767284536951,4427.959422831633,0.4790281111512141,0.0,56.48746410896028,0.16292576491832733,17.377870559692383,0.013990753330290318,-0.01856438474022767,0.33295953273773193,0.9021110534667969,0.015457436442375183,25.070966720581055,0
7.988957056252239,10332.006131749575,0.7138076691686122,0.0,95.58755178613326,0.3355112671852112,12.277593612670898,0.18227837979793549,-0.15710210225694246,0.26423197984695435,1.0,0.007593069924041629,17.71282196044922,0
14.837184560410224,2134.82315582483,0.9300890915505878,0.7444627099375547,12.643355425171125,0.7128424048423767,3.077174425125122,0.7403340339660645,0.012215556711722553,0.24763019382953644,0.8557205200195312,0.029538439586758614,4.43942403793335,0
17.740192075119726,1094.1104179953231,0.8656000701743964,0.06307640768387696,4.772480884687701,0.4496687054634094,0.043263182044029236,0.8897480964660645,0.8897667025921505,0.4192163050174713,0.7036209106445312,0.028728580102324486,0.06241557002067566,0
16.121115009242168,1588.432849702381,0.720393323671204,0.0,31.812081443746642,0.6809747815132141,8.575942993164062,0.4496372640132904,0.5655070614080777,0.18206363916397095,0.52313232421875,0.016196972457692027,12.37247085571289,0
11.917861908457585,4181.134805484694,0.9621295386562893,0.39041184853453864,14.121771278240736,0.594763457775116,0.2662756145000458,0.7209024429321289,0.7533175812473762,0.22715577483177185,0.8645782470703125,0.013051503803581,0.38415446877479553,0
19.18802159947423,783.9316539115646,0.9669097863907455,0.582359879173693,2.0934511274347187,0.5626087188720703,0.05050937831401825,0.8962651491165161,0.9225365402242119,0.262311726808548,1.0,0.019974720664322376,0.07286962121725082,1
12.326547485321615,3805.6216783588434,0.7056242572695314,0.0,45.48286033774074,0.23816826939582825,10.146733283996582,0.3766741156578064,0.4833094320730388,0.3316325545310974,1.0,0.010945310816168785,14.638640403747559,0
9.282532239159451,7670.561158056973,0.5221335066766766,0.0,74.21719531591386,0.21727532148361206,11.614797592163086,0.28742823004722595,-0.3205352544470116,0.4953945279121399,0.5476341247558594,0.009693239582702518,16.756610870361328,1
9.401668898664756,7463.000504889455,0.6466523831799017,0.0,73.07926108992376,0.19329577684402466,17.54303550720215,0.052495215088129044,-0.17987147824675911,0.3166518807411194,0.8978843688964844,0.007417045533657074,25.30925178527832,0
22.10485037150751,400.4933633609694,0.9546200022478223,0.0,9.63855234047853,0.7679833173751831,1.385014295578003,0.7436622977256775,0.8614254422830002,0.1479182094335556,1.0,0.009871060494333506,1.9981534481048584,0
4.1525283185884865,24993.525988520407,0.34845421632599716,-0.00348555929324331,140.6541971861305,0.24292002618312836,6.269688606262207,0.11336097121238708,-0.43398062873377696,0.5031692981719971,0.05185699462890625,0.023602669592946768,9.045248031616211,0
10.810935500251093,5394.9423828125,0.8365757434675656,0.0,48.406210172809274,0.3851843476295471,2.8131439685821533,0.40593111515045166,0.3122451459469705,0.407305508852005,0.8485794067382812,0.020722294226288795,4.058509349822998,0
17.04346232050468,1284.5000597895407,0.7404374601230247,0.0,19.175023886269013,0.16286568343639374,16.719079971313477,0.08270886540412903,0.2391092716648393,0.2157072275876999,1.0,0.005669408710673451,24.12053680419922,0
15.792794164407313,1713.1719082164116,0.911234026299417,0.4327705814207259,22.9912907561622,0.621006429195404,6.402705669403076,0.47431042790412903,0.17712040744302582,0.3059748411178589,0.6298065185546875,0.016908959485590458,9.237152099609375,0
8.581860229909799,9013.518156090562,0.8285664764594866,0.02756727135736616,21.421197403012048,0.30778029561042786,0.9727001190185547,0.4665377736091614,0.12044183162635437,0.5115835070610046,0.9636650085449219,0.02731138840317726,1.4033095836639404,0
15.719440716283353,1742.3535687712586,0.8464371280388314,0.11917141122911588,8.90304126572904,0.44979241490364075,0.09132587164640427,0.8401027917861938,0.9133482752541198,0.22690603137016296,1.0,0.018800200894474983,0.13175539672374725,0
16.257494207183772,1539.327188297194,0.9300893325171662,0.45934520416849056,19.486268242610066,0.6444953680038452,2.9610798358917236,0.7283163070678711,0.5609041460519812,0.2703724801540375,0.7763023376464844,0.019852657802402973,4.271934509277344,0
16.621872704298,1415.4452992134354,0.916421639010502,-0.0009674910344684004,7.61605152111332,0.4831840693950653,0.07213152945041656,0.8549505472183228,0.8925402905891116,0.33793070912361145,0.230255126953125,0.017827419564127922,0.10406380891799927,0
15.966596920756803,1645.9652755633504,0.8431793573770453,0.45138374419838034,21.948401679625228,0.6766678094863892,2.2482898235321045,0.5400190949440002,0.3295301590267597,0.1483924835920334,0.8126258850097656,0.01156995166093111,3.2435970306396484,0
24.453888778029093,233.1800993835034,0.9353179922525129,0.29857260548064646,1.633808969240697,0.4775262773036957,0.0333731546998024,0.9131457209587097,0.9773733773143929,0.2405557781457901,0.24605941772460938,0.01227538799867034,0.048147279769182205,0
17.000751125432046,1297.1949471194728,0.7235449951235959,-0.002302338921251133,6.078403970701116,0.22679047286510468,0.9936209321022034,0.6440927982330322,0.3620666108616132,0.39949625730514526,1.0,0.011301356367766857,1.4334919452667236,0
16.49835911291883,1456.2785395408164,0.9718775300228507,0.6264000131992629,7.017498263149072,0.6020164489746094,0.0845021903514862,0.8589364886283875,0.8312666371032789,0.30084875226020813,0.9718856811523438,0.0462742168456316,0.12191088497638702,0
12.928179401543979,3313.3126660820576,0.8891970605563578,0.46860642861463475,6.984674050019514,0.4695354402065277,0.09428355097770691,0.8338249325752258,0.9001388796689639,0.3732001483440399,0.501983642578125,0.02571898140013218,0.13602255284786224,0
14.907255419907228,2100.655419589711,0.9235724440197106,0.22472101526769664,9.023278095008857,0.5429641604423523,0.127848818898201,0.8085139989852905,0.8213782989479804,0.24943192303180695,1.0,0.01531410776078701,0.18444685637950897,0
4.4930636083346664,23108.619412999575,0.3379301879463864,0.012994858563185194,146.8237405161458,0.19183237850666046,8.176630973815918,0.11463648080825806,-0.5838192699575054,0.49527707695961,0.004581451416015625,0.028049488551914692,11.796384811401367,0
21.541764710810796,455.9360052614796,0.8549287926946398,0.0,12.466577656665507,0.5435497760772705,10.67648983001709,0.3505062460899353,0.41932588687614036,0.08891462534666061,1.0,0.006391054717823863,15.402920722961426,0
7.478561077041144,11620.484966252126,0.5047116633143791,0.13583230415301387,103.68367345584412,0.43647676706314087,11.148494720458984,0.15252311527729034,-0.66735223205277,0.35686567425727844,0.8789329528808594,0.022192226257175207,16.083877563476562,0
15.062272171012534,2026.997176605017,0.9111098194782892,0.5728791315114266,20.34135833903965,0.6869474649429321,1.0302187204360962,0.6110490560531616,0.3607197181326081,0.19725476205348969,0.6580696105957031,0.012001947965472937,1.4862916469573975,0
17.92597866914122,1048.2925369366496,0.825029159110799,0.0,23.080755775517837,0.8212178945541382,7.087212562561035,0.5196508169174194,0.6756087926967796,0.08228430896997452,1.0,0.013965496327728033,10.224685668945312,0
9.53380582817785,7239.3534026892,0.7323404508368859,0.23114299955891074,57.64341496103924,0.46009165048599243,4.987378120422363,0.28770726919174194,-0.08547390249426852,0.33929187059402466,0.9960708618164062,0.02805520687252283,7.195265769958496,0
2.913054169060781,33248.72102200255,0.26561351448753906,0.0,164.886160805898,0.13217942416667938,17.819576263427734,0.0,-0.07126468452556714,0.2869403064250946,1.0,0.008398742182180285,25.70821189880371,0
23.0671066355212,320.8999853847789,0.9942212271915332,0.7558362697368319,2.010463620085494,0.7723708748817444,0.18130357563495636,0.8371133804321289,0.33420046279126103,0.2601029872894287,0.8856582641601562,0.028856853954494,0.26156577467918396,0
13.924128919020088,2634.3135695684523,0.68634424786366,0.0,42.37926500757701,0.338687539100647,9.894197463989258,0.3106864094734192,0.017871136940348285,0.22644160687923431,0.7389335632324219,0.009990659542381763,14.274312019348145,0
21.239142010057073,488.83935214710885,0.9571937845287009,0.0,9.736527469392442,0.6439388394355774,1.121431589126587,0.7984494566917419,0.95109659253207,0.3634755313396454,0.9195938110351562,0.011542959604412317,1.6178836822509766,0
15.123971966086474,1998.4034199617347,0.968270172985747,0.565635260123101,15.184770081023075,0.5251957178115845,0.33375346660614014,0.7327208518981934,0.5371243174188651,0.42781633138656616,0.8539276123046875,0.015571494586765766,0.4815044403076172,0
10.734025728542706,5491.33309417517,0.7892006662854413,0.0,70.48158515120551,0.5797088146209717,11.284368515014648,0.35243940353393555,-0.04332501469360339,0.1981980800628662,1.0,0.009885349310934544,16.2799015045166,0
15.996098468727052,1634.8221526892007,0.9550196473236456,0.23165700251914648,36.85447207709759,0.6938098073005676,4.496733665466309,0.17908960580825806,-0.015459134655872439,0.1716507077217102,0.9973716735839844,0.008536246605217457,6.487415313720703,0
10.359887231963711,5985.378753454507,0.8133294412667533,0.350126054732667,77.69068890393241,0.5912022590637207,2.3943734169006348,0.32704877853393555,-0.24030454523491984,0.27899032831192017,0.7765350341796875,0.01607359480112791,3.454350709915161,0
15.035468479294664,2039.5460379464287,0.983762625358553,0.0,8.88468560980618,0.6029284596443176,0.6317267417907715,0.8600725531578064,0.830355012178093,0.12279921025037766,0.9440994262695312,0.007896581664681435,0.9113889932632446,0
13.787760751501166,2718.343191964286,0.8123723666274821,0.0,36.05634173230917,0.3469665050506592,3.3895182609558105,0.3566446304321289,0.1651473078573541,0.25345858931541443,0.0221099853515625,0.006887514144182205,4.890041351318359,0
24.404194254842665,235.86360677083334,0.8544400825065331,0.020031411360755678,2.62470100902616,0.38517189025878906,0.42252954840660095,0.6774553656578064,0.30817805610357357,0.3041687607765198,0.7866706848144531,0.008604986127465963,0.609581470489502,1
17.074184781289922,1275.4454320790817,0.9458632101775674,0.24825593597979134,21.052953371543033,0.6716681718826294,1.2043606042861938,0.6219905614852905,0.880603892355838,0.20677714049816132,1.0,0.018031603656709194,1.7375248670578003,0
14.934041279856176,2087.7391382334185,0.6280804761084989,0.0,36.738440686040825,0.23707515001296997,12.198518753051758,0.2487444132566452,0.058837828219045395,0.4183155298233032,0.7209625244140625,0.012839039787650108,17.598743438720703,0
22.483654563646283,367.0412747130102,0.8612592124655634,0.23328914067045564,2.9369020458335067,0.5640242099761963,0.06036234647035599,0.8665298223495483,0.8856663362678361,0.4187525510787964,0.45269775390625,0.012438969686627388,0.08708445727825165,0
18.62820956312285,891.7834422831633,0.9469572767394848,0.2612999438448531,6.3078762190614155,0.5580715537071228,0.037321560084819794,0.9083027839660645,0.9677039937806877,0.3141956329345703,0.012149810791015625,0.02253108937293291,0.053843624889850616,0
19.709742312591434,695.1941831420068,0.9183942627778214,0.19604191900681808,18.962472147591583,0.7091308236122131,4.199979305267334,0.6473014950752258,0.4920202909132697,0.22508753836154938,0.7881546020507812,0.018196197226643562,6.05928897857666,0
15.01218427439387,2050.51019743835,0.8353980120499974,0.0,11.292928898581133,0.3049300014972687,4.054207801818848,0.5497050285339355,0.6907831805046111,0.28260311484336853,1.0,0.01156981149688363,5.84898567199707,0
32.09950219923806,40.0986859587585,0.996861329776922,0.0,0.3097696431034832,0.8971480131149292,0.010739771649241447,0.94820237159729,0.9870220989525805,0.019235489889979362,1.0,0.0052342768758535385,0.015494219958782196,0
12.271472371028542,3854.190031090561,0.6704538731495805,0.0,53.883948430600086,0.5526268482208252,15.326570510864258,0.12523916363716125,-0.09203319826642802,0.23646655678749084,1.0,0.01584219210781157,22.111568450927734,0
7.53985854576524,11457.622422406463,0.46852189801587796,0.0,114.65068949886066,0.482456773519516,13.542791366577148,0.022799745202064514,-0.10970450913760975,0.23213087022304535,1.0,0.01791630405932665,19.53812026977539,0
13.97097851022985,2606.0485956101193,0.9658151272874299,0.0,10.507533411279844,0.7065050005912781,1.6767748594284058,0.6536790132522583,0.7097661756687197,0.15941008925437927,0.49961090087890625,0.00972320418804884,2.419074535369873,0
11.572775537764436,4526.919868728742,0.7399877991336525,0.0,55.20796791930474,0.668077826499939,5.659693717956543,0.5845623016357422,0.6334926325472137,0.22508317232131958,0.9999923706054688,0.030140983872115612,8.16521167755127,0
14.433195107798213,2342.9382905505954,0.6661305504451412,0.2711160318744799,41.683215121886676,0.3713032305240631,7.818229675292969,0.3687022030353546,-0.0861566373486022,0.3822106122970581,0.16247940063476562,0.01993391616269946,11.27932071685791,1
20.676285941813234,556.4828271152211,0.9870230881273155,0.5834490400436289,12.489516862250602,0.639763593673706,0.15903767943382263,0.8086535334587097,0.899909159083831,0.2445896863937378,0.8472175598144531,0.016033299267292023,0.22944286465644836,0
7.316610044419798,12062.000896843112,0.6005801279712017,0.0,116.21000077255212,0.45547759532928467,17.58843231201172,0.039540816098451614,-0.24825089874293207,0.22821947932243347,0.12609481811523438,0.03137301420792937,25.374746322631836,0
12.212405112226953,3906.9679594494046,0.7296941434374004,0.1135292356258337,40.95988186941877,0.6748761534690857,4.421297073364258,0.49091196060180664,0.9202819426261095,0.1802457869052887,0.8220405578613281,0.015420745126903057,6.378583908081055,1
18.593367029831462,898.9668101615646,0.9190407467185331,0.3770734737809948,1.8816565614269136,0.4898485541343689,0.037324633449316025,0.9036591053009033,0.9267747994745467,0.40964725613594055,0.6386222839355469,0.023526277393102646,0.05384792760014534,1
7.768089144547218,10871.048828125,0.519462670999035,0.0,93.67970746311796,0.3337998390197754,8.480269432067871,0.3754384517669678,-0.4265570877955808,0.36896762251853943,0.94110107421875,0.017796206288039684,12.234441757202148,0
24.631745983920965,223.8235411352041,0.9866090435298462,0.5284401064088374,4.890744569725785,0.9314267039299011,0.698722779750824,0.8719706535339355,0.8754584019790274,0.06551291048526764,0.9364128112792969,0.014144693035632372,1.008043885231018,0
5.538732228511387,18163.817847842263,0.4736137957486027,0.10416094838870878,133.54601808036682,0.31654825806617737,12.62179946899414,0.05666055157780647,-0.47595340299808603,0.40838298201560974,0.9688186645507812,0.023110950365662575,18.20940399169922,1
23.22969947933901,309.10811941964283,0.7594267428586666,-0.0014067126518727188,3.4617545579956994,0.2914837896823883,0.45311564207077026,0.6216517686843872,0.38277253129410077,0.38309192657470703,0.8944435119628906,0.010156522039324045,0.65370774269104,0
13.89527810044381,2651.8719573767007,0.9141452342961154,0.22902490176703658,45.95477916711047,0.6084939241409302,5.180051803588867,0.4563336968421936,0.1357596959175829,0.24866531789302826,0.6988449096679688,0.017930624540895224,7.473234176635742,0
17.295899840149886,1211.9658335990646,0.7816283924673867,0.0,27.306760152719736,0.7821129560470581,13.270362854003906,0.25386640429496765,0.03165072672106482,0.1623276025056839,0.6130752563476562,0.011257377685979009,19.145084381103516,0
12.035964680155569,4068.964425223214,0.9155412420089406,-0.0007617482513928994,57.99053331329166,0.6852076649665833,3.4512860774993896,0.1714564859867096,-0.02715598229278833,0.1788519024848938,0.9201774597167969,0.010012445505708456,4.979152679443359,0
6.063387095471871,16096.877956260629,0.5270926365072139,0.0,110.5093672087087,0.37174731492996216,14.110589981079102,0.18510842323303223,0.15908574892217953,0.34884175658226013,0.704620361328125,0.009009813889861107,20.35727882385254,0
8.109912476104842,10048.219494047618,0.6499946397435789,0.019106147891631807,91.54581865045122,0.406634658575058,7.344285488128662,0.15640944242477417,-0.16487201443245025,0.306490957736969,0.368621826171875,0.01620432920753956,10.595563888549805,0
10.03949573355901,6443.632859002976,0.7331766506064209,0.14742500112796147,54.32172733225716,0.3879140317440033,3.8095054626464844,0.2551020383834839,0.011028344797890055,0.4487677216529846,0.7886772155761719,0.016611368395388126,5.495954513549805,0
10.622296398744172,5634.4395129145405,0.187101372904477,0.0,63.9844347370493,0.22942522168159485,18.11100196838379,0.00478316331282258,-0.1267002704778199,0.21232593059539795,0.9254722595214844,0.007839353522285819,26.128650665283203,0
22.807778387011272,340.64539487670066,0.981855695451117,0.634595814277265,5.437480073667986,0.6685607433319092,0.34943586587905884,0.890605092048645,0.8609463727658937,0.22736702859401703,0.7411041259765625,0.022024421952664852,0.5041292309761047,0
12.818735571068206,3397.8703497023807,0.862891755918537,0.3609874216748484,9.959084034752236,0.5603275299072266,0.3056544363498688,0.6866031885147095,0.7875281239086567,0.5048502683639526,0.6261024475097656,0.02573720272630453,0.4409661293029785,0
15.555238924408485,1809.491171077806,0.6941817036210942,0.0,24.541374379087053,0.3020762503147125,3.247553586959839,0.5518973469734192,0.010100223668989968,0.31312891840934753,0.43906402587890625,0.01783180655911565,4.685229778289795,0
18.89895092223535,837.8866456738946,0.9441036445878146,0.472890167056787,23.787288672714272,0.5963037014007568,1.45023775100708,0.5010164380073547,0.4231140383971818,0.20806795358657837,0.8168106079101562,0.009926613653078675,2.0922508239746094,0
15.702886015728648,1749.007852359694,0.9473948147363809,0.5365649639710867,8.509905094751538,0.41194650530815125,0.052710503339767456,0.8722297549247742,0.9247961364832616,0.3534170985221863,0.18555831909179688,0.019504875876009464,0.0760452002286911,0
10.130191725080328,6310.462472098215,0.7607768653428897,0.5699991090133529,71.58862817460613,0.5376902222633362,4.056166172027588,0.3578204810619354,-0.137619803159241,0.2852371633052826,0.8484687805175781,0.014131094794720411,5.851811408996582,0
7.516862196403078,11518.452646683674,0.6398861641443103,0.0,95.53475772776021,0.3357267677783966,13.790631294250488,0.2222377210855484,-0.3428889741288809,0.4253612756729126,0.3106269836425781,0.016780191101133823,19.895675659179688,0
20.67200722971488,557.0313496492347,0.9507410755093214,0.0,3.5472937240370577,0.5795493125915527,0.07603337615728378,0.8672274351119995,0.834631880323623,0.2038613110780716,1.0,0.00919763557612896,0.10969297587871552,0
16.312832603449152,1519.8373060161564,0.8502714776046729,0.0,5.128746840959807,0.39468497037887573,0.03543642535805702,0.9211177229881287,0.9889306805583082,0.31495028734207153,0.8861045837402344,0.012954710982739925,0.05112394690513611,0
21.830633430996738,426.59623458758506,0.6466659566275309,0.07665075343848013,5.54892778380963,0.34653306007385254,0.770331084728241,0.4804089665412903,0.38538220500402165,0.28592848777770996,1.0,0.012060316279530525,1.1113530397415161,0
19.965630604380596,655.4163942920918,0.9936362691504543,0.5442066127155104,5.531748043483447,0.7491384148597717,0.12000346183776855,0.8531967401504517,0.9902488621928145,0.16125158965587616,1.0,0.011245485860854387,0.1731283962726593,0
13.776359010402729,2725.4891648065477,0.9370558947847144,0.27846827615041597,15.87111373369347,0.4702465534210205,1.1770309209823608,0.7524315118789673,0.8504545120198956,0.3721437454223633,0.14262771606445312,0.01704896241426468,1.698096513748169,0
14.125401689088129,2515.012755102041,0.6196224704138862,0.0,39.76849481204566,0.6329981088638306,10.466010093688965,0.35495054721832275,0.2890427734504282,0.320405513048172,0.8076324462890625,0.015380812343209982,15.099260330200195,0
21.685990917310534,441.0433407738095,0.9818254959145636,0.5078943757350795,5.910534880647337,0.840441882610321,0.6372736692428589,0.8721898794174194,0.8659955635667248,0.12269046902656555,0.9534950256347656,0.027128975838422775,0.9193912744522095,0
11.8361994968662,4260.498445471939,0.7855302113754947,0.5978131555622413,64.18915416603586,0.6235395073890686,9.32553768157959,0.2934470772743225,-0.04852841859041973,0.14543500542640686,0.9811592102050781,0.012371483724564314,13.453907012939453,0
23.75440763788836,273.92999973426873,0.9778528628706261,0.0,10.552315745791695,0.8600922226905823,9.285724639892578,0.4409080147743225,0.02222273716674479,0.08560935407876968,0.9938011169433594,0.011849496979266405,13.396468162536621,0
15.274833912063508,1930.1762595663265,0.4790617547849471,0.0,31.5771683665513,0.28940802812576294,11.445423126220703,0.26120057702064514,0.34458903020184406,0.2517175078392029,0.8605880737304688,0.01430856972001493,16.512256622314453,0
8.092347407832612,10088.941877923044,0.6757953199203476,0.07611260658266646,85.01801669979261,0.3796360492706299,2.994231700897217,0.18082350492477417,-0.24998055805934172,0.4385732412338257,0.7816581726074219,0.02109355293214321,4.319762229919434,0
15.719201761785552,1742.4494379783164,0.7996088024687715,0.0,31.980588337243837,0.5919569134712219,8.89403247833252,0.4631098806858063,0.06335586297107404,0.43418774008750916,0.10942459106445312,0.022282845340669155,12.831377029418945,0
14.001808722497538,2587.6139787946427,0.8979391945963853,0.20679099760729688,19.11144775398484,0.5890935659408569,4.875912189483643,0.6108697652816772,0.6411198910257663,0.2598612606525421,0.34906005859375,0.015671500470489264,7.034455299377441,0
20.995610063849725,517.0342992665817,0.952750954964158,0.5338116554545446,22.06421393268888,0.8458192944526672,0.6650106906890869,0.7524713277816772,0.36583288162653926,0.12492839246988297,1.0,0.0247988048940897,0.9594075679779053,0
14.417072892131417,2351.6520913052723,0.6962863599133113,0.0,30.51698026028749,0.24332809448242188,9.547476768493652,0.20988121628761292,0.13389953279327133,0.2763929069042206,0.758514404296875,0.007704907795414329,13.77409839630127,0
9.377826641576751,7504.084170386905,0.7615932803079235,0.37133901060580565,77.11421791337031,0.5026558041572571,7.231833457946777,0.3441486060619354,-0.3345018436987867,0.25704312324523926,0.449005126953125,0.01764032058417797,10.433330535888672,0
7.9150521651612396,10509.3327819409,0.6350674394810532,0.0016567902060893656,90.4462094310446,0.3570457100868225,7.870045185089111,0.3035116493701935,-0.005256604998045108,0.43789371848106384,0.9861297607421875,0.01297046896070242,11.35407543182373,0
6.2067489006176455,15574.190077593537,0.5466257810229217,-0.0057608049964442175,86.0400587393396,0.33164751529693604,6.177679061889648,0.40041056275367737,-0.03780665171628376,0.4692609906196594,0.033954620361328125,0.02666369639337063,8.912507057189941,1
12.547023340584582,3617.2458479485545,0.9448784710813655,0.5924911094995814,35.28979984969601,0.5668110251426697,0.930133581161499,0.5607461929321289,0.474541975707592,0.25516143441200256,0.6964988708496094,0.019605211913585663,1.341899037361145,1
15.457956510106852,1850.481339019983,0.9263016333368792,0.5575524496573454,5.065389783944194,0.48673075437545776,0.09841613471508026,0.8579999208450317,0.9112197068679315,0.46410754323005676,0.7823104858398438,0.020260888151824474,0.14198444783687592,0
15.453485185532216,1852.387502657313,0.9527711956220594,0.3244676602392276,12.922114125238261,0.5675908327102661,1.8266913890838623,0.7994459271430969,0.49858154830135987,0.3663073182106018,0.10648345947265625,0.015802482143044472,2.6353583335876465,0
27.364904500056902,119.28611952593538,0.9573384873822262,0.0,0.9002907500592824,0.6455758213996887,0.0214154701679945,0.9249242544174194,0.9470787752920028,0.2041500210762024,0.5622634887695312,0.014016394503414631,0.030895987525582314,0
14.306839790474775,2412.105960352891,0.9095938165977199,0.0,9.97911352423129,0.39894479513168335,0.6663739681243896,0.6008250713348389,0.47323370448096624,0.34149691462516785,0.9760551452636719,0.015173358842730522,0.9613744020462036,0
17.128954226285654,1259.4616217580783,0.8707536879686808,0.19705170544262346,5.542550201996851,0.5466538071632385,0.14623329043388367,0.8006616830825806,0.5238222063645468,0.39752182364463806,0.6678047180175781,0.0339481383562088,0.21097004413604736,0
16.73768024435156,1378.2002883184523,0.757496230764917,0.0,29.13891104849837,0.2102089822292328,17.14613151550293,0.04880819469690323,0.08516503955112126,0.19779741764068604,1.0,0.004445909988135099,24.736637115478516,0
16.71179417136743,1386.4395660607993,0.9010364086401866,0.0,19.912507941850073,0.6573578715324402,6.9783172607421875,0.47462934255599976,0.14349762884544057,0.28991571068763733,0.9492454528808594,0.013280414044857025,10.067584037780762,0
20.962069984040376,521.042756164966,0.9967779213118786,0.4935536628225279,4.662826817946302,0.7950067520141602,0.2735898196697235,0.8018574714660645,0.7818527532690134,0.09611506015062332,0.8980331420898438,0.008887301664799452,0.39470672607421875,1
12.654367145910081,3528.9348958333335,0.8528184156501486,0.0,40.45049438306147,0.7338274121284485,6.428098201751709,0.2699497640132904,0.07225650977595145,0.11004038900136948,0.9825019836425781,0.007896753726527095,9.273784637451172,0
15.358909188810543,1893.1692509034865,0.7960258759551232,0.0,36.882812617904115,0.6541935205459595,10.258692741394043,0.3589365482330322,0.11971745740958915,0.1767496019601822,0.8445968627929688,0.009487173287197948,14.800165176391602,0
20.56439887036833,571.0057397959183,0.9665724089948425,0.0,4.373146540432849,0.704554557800293,0.7697544097900391,0.7704081535339355,0.83857715339638,0.20743611454963684,0.8307037353515625,0.008627019822597504,1.1105207204818726,0
16.94040075374972,1315.3468391262754,0.9096666736336961,0.20220679382489073,4.662428272455055,0.4461207091808319,0.3784763514995575,0.705058217048645,0.4135260957792518,0.28125590085983276,0.4336700439453125,0.01615061331540346,0.5460258722305298,0
17.61505817916513,1126.0937367134354,0.750948039558587,0.0,26.080715790418296,0.7183159589767456,7.123820781707764,0.5471540093421936,0.684288996777093,0.20144234597682953,0.9649734497070312,0.01085909060202539,10.277502059936523,0
9.791604814575429,6822.128248565051,0.6986303395755112,0.4539251428501768,77.42930897804857,0.5265178680419922,4.159642696380615,0.5114397406578064,-0.2574175235242719,0.3754016160964966,0.7996177673339844,0.02516256459057331,6.001094818115234,0
12.291368793756325,3836.573135894983,0.6884850181917727,0.0,43.73449463790927,0.6745671033859253,7.384185314178467,0.42470502853393555,0.579886100248823,0.2413708120584488,0.9375991821289062,0.010184150654822588,10.653127670288086,0
10.455869471383119,5854.548575680272,0.7401824573843108,0.19026650723411997,57.55367120211737,0.44845491647720337,3.618367910385132,0.3930763602256775,-0.04147916245796593,0.45150455832481384,1.0,0.022259523160755634,5.220201015472412,0
22.43296177438034,371.35064572704084,0.8625629197738928,0.19802571091421214,3.2326609285964594,0.39826247096061707,0.0904858410358429,0.8397042155265808,0.8862309450949416,0.2512071430683136,1.0,0.009778223466128111,0.13054348528385162,0
8.68923020667059,8793.410348905187,0.9391163842488194,0.0,20.10425299068911,0.4244169294834137,3.266758680343628,0.5737005472183228,0.5426508758853321,0.3405303359031677,0.9540863037109375,0.01216272683814168,4.7129364013671875,0
10.86257607894277,5331.172718696854,0.8315636187506601,-0.0014583746800800172,68.6933794134377,0.34971749782562256,9.41956901550293,0.009107939898967743,-0.16001562777791584,0.21617263555526733,0.9993209838867188,0.006665651686489582,13.589566230773926,0
17.073010520993552,1275.790338010204,0.9673531315518711,0.7462909752345145,10.791573349019806,0.7280822992324829,1.6493834257125854,0.6905094385147095,0.40827743719482656,0.2987659275531769,0.8284149169921875,0.011013552080839872,2.3795573711395264,0
5.983520272304538,16395.63847921981,0.5146029685002309,0.0,127.69031017195098,0.2988114655017853,16.173728942871094,0.08611686527729034,-0.5085460258756753,0.4416721761226654,0.43950653076171875,0.01365435915067792,23.333757400512695,0
12.541967374195478,3621.4594228316328,0.6543420297169332,0.0,47.91868631381218,0.4306267201900482,12.319062232971191,0.26990991830825806,-0.012387326253131036,0.26723989844322205,0.8278388977050781,0.014622573275119066,17.772647857666016,0
15.441178841635537,1857.6439466411564,0.9845605442735895,0.0,10.538903038115967,0.6429731845855713,6.06579065322876,0.0347377210855484,-0.007414044772555119,0.08875822275876999,0.9908828735351562,0.003362923162057996,8.75108528137207,0
18.241476369929373,974.8386147427722,0.8301618050369003,0.10326467142810804,6.7149035334391405,0.3137919306755066,0.16107943654060364,0.7956392765045166,0.8689589268885914,0.3399040699005127,0.79217529296875,0.01315827202051878,0.23238851130008698,0
11.70291415688797,4393.280625531463,0.953788106026916,0.512439676108005,32.98206304475668,0.6906963586807251,0.7303122282028198,0.7192083597183228,0.4966500185583602,0.3244639039039612,0.9755630493164062,0.02368859015405178,1.0536177158355713,0
5.650085496018251,17704.016727784863,0.3266701714174437,0.04168079090703692,120.22052375519793,0.23769637942314148,12.620720863342285,0.18622449040412903,-0.29114466747627255,0.5754979252815247,1.0,0.02477780543267727,18.20785140991211,0
15.996523613197212,1634.6621226615646,0.9515722699021884,0.5081397918216329,7.761180693093066,0.4015735387802124,0.09336009621620178,0.86429762840271,0.9066149960520473,0.35618022084236145,0.298583984375,0.015297045465558767,0.13469000160694122,0
13.560921440953678,2864.1002604166665,0.8280778882336156,0.6821706165667003,41.39369418777061,0.6284884810447693,5.164886951446533,0.473612904548645,0.16730325511255023,0.25050443410873413,0.7634391784667969,0.01509563671424985,7.451355934143066,0
15.655515096235435,1768.1896789965986,0.8630416109281166,0.13800099206260621,9.054428417044319,0.4409358501434326,0.10411569476127625,0.8230030536651611,0.8215038274281168,0.35314157605171204,0.8083267211914062,0.018204109743237495,0.15020719170570374,0
7.82510962979161,10729.250817123724,0.5743233678368266,0.06826385741736717,77.63279246509336,0.4254242479801178,5.441186904907227,0.4727758467197418,-0.14125613996060837,0.3796916902065277,0.80804443359375,0.03697369992733002,7.849973201751709,0
8.763504305654548,8644.3019836841,0.6568664633729985,0.0700429238503064,89.36433734613178,0.3909720778465271,9.998062133789062,0.24968111515045166,-0.3010210772233724,0.4619251489639282,0.7336502075195312,0.024108861573040485,14.424154281616211,0
16.491107081607016,1458.7123259460034,0.9517417223863498,0.4379434566633456,36.10845859329411,0.6200087070465088,1.9500904083251953,0.3655731976032257,-0.20383248800557666,0.17621861398220062,0.937225341796875,0.010090706869959831,2.813385486602783,0
14.051241370164014,2558.327998777636,0.5771154651891486,0.0,40.3366350750787,0.1833539605140686,17.04642105102539,0.03623246029019356,0.058782601856389505,0.29756471514701843,0.8326225280761719,0.010576082626357675,24.59278678894043,0
5.745499937743563,17319.301279496172,0.4093167257865483,0.0026950971768478003,125.41581641536187,0.28803133964538574,5.764911651611328,0.09596221148967743,-0.5362635959047489,0.3995029628276825,0.3772125244140625,0.02227147575467825,8.317009925842285,1
7.185394327463822,12431.997900722788,0.4533543480903897,0.05055801083957287,106.37603631811656,0.4253670573234558,11.098686218261719,0.1658761203289032,-0.5645855011810461,0.6114307641983032,0.7412605285644531,0.0235841553658247,16.012020111083984,0
25.397523522129596,187.64111660289115,0.9676717406094207,0.6187103180993667,2.4190850931556183,0.7847426533699036,0.041173167526721954,0.8960658311843872,0.9056648785420793,0.15502144396305084,0.7117576599121094,0.012849388178437948,0.05940031632781029,0
16.54896788362884,1439.4068744685374,0.7619013356347909,0.0,20.817781372545674,0.417697012424469,7.727934837341309,0.37155213952064514,0.5822758098829461,0.25048571825027466,0.3781623840332031,0.011153693776577711,11.149052619934082,0
11.26504169023756,4859.327746332908,0.9693827926695884,0.5804357879223984,15.239198088488454,0.5882826447486877,1.4767190217971802,0.3803013563156128,0.08247555284485128,0.27087339758872986,1.0,0.021071957424283028,2.130455255508423,0
11.557318760372098,4543.060128348215,0.7683151697507499,0.0,61.78433920713278,0.48613765835762024,12.505725860595703,0.1579838991165161,-0.17440288140346424,0.14031167328357697,0.9793281555175781,0.009420230984687805,18.041950225830078,0
11.535905634418649,4565.515246332908,0.7944648220034647,0.0,37.25173393668817,0.17838186025619507,18.048297882080078,0.0070551661774516106,-0.037039414475612695,0.21462151408195496,0.9999847412109375,0.008693244657479227,26.038188934326172,0
14.220820960561284,2460.3577739689626,0.6206295305952965,0.0,42.3489317341025,0.6333667635917664,12.924290657043457,0.23469388484954834,0.0866198716237444,0.3562333285808563,0.8785400390625,0.023473957320675254,18.645809173583984,0
20.307795555898416,605.7602970875851,0.9576525988341352,0.0,8.337491984313488,0.6180539131164551,1.0955867767333984,0.8308354616165161,0.8117884586809805,0.20168142020702362,0.9717826843261719,0.013602289371192455,1.5805975198745728,0
16.1826182337945,1566.0965667517007,0.7864332338120432,0.11884772529857089,29.16412234067814,0.7567063570022583,8.636465072631836,0.4787149429321289,0.3414332095254084,0.2366984337568283,0.2907752990722656,0.013746065087616444,12.459783554077148,0
16.686920829878524,1394.4029017857142,0.989702573057528,0.6280621850709897,5.96779335148444,0.7146064043045044,0.036816902458667755,0.889628529548645,0.8879972291259951,0.30518391728401184,0.9112510681152344,0.0236759502440691,0.05311556160449982,0
14.124510546105647,2515.528871704932,0.8876052645211944,0.2570495980287023,7.114018703664665,0.38407769799232483,0.03716462850570679,0.8980587720870972,0.9514914905363706,0.5719457268714905,0.600616455078125,0.024637251161038876,0.05361723154783249,0
12.82186344140567,3395.424020780187,0.5546000478851828,0.0,44.462910550986656,0.2757818400859833,11.138117790222168,0.2456752210855484,0.13382131262694952,0.47707468271255493,0.998291015625,0.012375383172184229,16.06890869140625,0
14.767788679276904,2169.209475977891,0.9759826813280676,0.4752986089270279,8.804827035025012,0.5531924962997437,0.1472509503364563,0.8046077489852905,0.895377980881659,0.2832435965538025,0.8389816284179688,0.01586350006982684,0.2124381810426712,0
17.82855939235952,1072.0731558248299,0.9725339915240119,0.7123228484036072,5.509227444356981,0.631435215473175,0.2937900424003601,0.9077447652816772,0.9075420430875312,0.25976234674453735,0.8178749084472656,0.016425048001110554,0.4238494038581848,0
35.48041535861673,18.409365699404763,0.9969469749809746,0.8008946007298198,1.7567566342922714,0.9235551357269287,0.12608285248279572,0.8249760270118713,0.9732363041294887,0.04872838407754898,0.4273414611816406,0.015255912207067013,0.18189889192581177,0
15.893786527476003,1673.7928491709183,0.7950428141783741,0.0,17.501614333668286,0.38960000872612,9.734916687011719,0.3295001685619354,0.4386809970196858,0.23374903202056885,0.9046630859375,0.008243607822805643,14.044514656066895,0
7.863833822988914,10634.00789886267,0.660045761100961,0.008698937104314854,87.55381087550126,0.45323342084884644,7.721218109130859,0.185546875,-0.18100609913041965,0.46444523334503174,0.8997802734375,0.022790928836911917,11.139362335205078,0
16.508914170695466,1452.7435095131802,0.9923422286224005,0.7943332000638332,5.686663024656431,0.7242799997329712,0.3926655948162079,0.7169363498687744,0.41333362009412805,0.08444233238697052,1.0,0.009814626071602106,0.566496729850769,0
18.13859360467212,998.2078948767007,0.8841190699133445,0.0,16.7945431555028,0.6028241515159607,2.1421937942504883,0.42281168699264526,0.4018214220016811,0.09761988371610641,1.0,0.004530020523816347,3.0905330181121826,0
8.009764198625922,10282.623658056973,0.6662836217518411,0.0,99.6745258161402,0.5138005018234253,17.60725212097168,0.02925700880587101,-0.45624714221564416,0.2257794886827469,0.9843215942382812,0.010793777648359537,25.401893615722656,0
18.800694665165796,857.0593444409013,0.9856660957754542,0.6619687773610701,5.748883751496658,0.6238791346549988,0.025123581290245056,0.9135243892669678,0.9680558856581979,0.1370195597410202,0.5603141784667969,0.021997316740453243,0.036245666444301605,0
23.91961867857065,263.705078125,0.838225744455672,0.13860691212066564,2.870276697543077,0.3572261929512024,0.04539009928703308,0.8802017569541931,0.9523410495540152,0.28959885239601135,0.7480735778808594,0.010705605149269104,0.06548407673835754,0
20.787300115764516,542.4383038371599,0.9901072048621257,0.5541860542966558,5.067263253036175,0.5421437621116638,0.8219079375267029,0.8711137175559998,0.9291858856827994,0.2831496596336365,0.8622512817382812,0.011979133356362581,1.185762643814087,0
9.430598795956548,7413.452022215136,0.5916767308296196,0.0,58.68174086206312,0.29279446601867676,7.1454596519470215,0.42422670125961304,0.5968888466061806,0.38372668623924255,1.0,0.014396255370229483,10.308717727661133,1
7.639447090519242,11197.87594334609,0.676659759005409,-0.0010768901570362805,89.16302620190666,0.4845427870750427,7.777581691741943,0.13639988005161285,-0.47452015001228515,0.3523233234882355,0.4233551025390625,0.022838547825813293,11.220678329467773,0
6.733662896649836,13794.757526838861,0.47459258835177465,-0.0028169796593027568,97.53746820336966,0.34727153182029724,10.637283325195312,0.24722974002361298,-0.2965933531190714,0.5388877391815186,0.4713783264160156,0.01923968642950058,15.346355438232422,1
11.415576607655389,4693.779675542092,0.8207187242313644,0.395474838356004,52.09245467293999,0.47770941257476807,4.056060791015625,0.5159040093421936,-0.12415128037067617,0.32406267523765564,0.8520088195800781,0.018252640031278133,5.851658344268799,0
14.54933003117112,2281.1159319196427,0.7272301866996308,0.17143715084264594,10.026964923696214,0.4396902918815613,0.5762112736701965,0.7199856042861938,0.45662359943160097,0.32425689697265625,0.236541748046875,0.022216450423002243,0.8312971591949463,0
14.158695821700448,2495.8057371386053,0.6622182904532855,0.0,32.94064891247157,0.33976849913597107,11.049468994140625,0.3142538368701935,0.2780759928985297,0.20450995862483978,0.1046905517578125,0.013304273597896099,15.941012382507324,0
13.898483793786767,2649.915231717687,0.5618531975378198,0.0,33.83316724372818,0.19579339027404785,10.876073837280273,0.3157684803009033,0.6309067223129398,0.5194743871688843,0.5213508605957031,0.011139695765450597,15.690858840942383,0
10.502778394829043,5791.652835352891,0.5806679410659067,0.0,68.98248162901729,0.1955799162387848,17.732364654541016,0.010044642724096775,-0.03482871406115658,0.20807971060276031,0.836761474609375,0.0045347861014306545,25.5823974609375,0
19.110447435635454,798.0601349914966,0.9659188014493941,0.5283650932425762,5.063935010520132,0.5807501673698425,0.035534635186195374,0.89453125,0.921086320871703,0.20462290942668915,1.0,0.02062131743878126,0.0512656606733799,0
14.293474044744588,2419.5408362563776,0.9310241958487372,0.20404196270643807,7.984693862243292,0.5336192846298218,1.4559980630874634,0.7592872977256775,0.6874314349406084,0.4079349935054779,0.3401145935058594,0.022558207623660564,2.1005613803863525,0
18.85694842578027,846.0295227465987,0.9601931330201524,0.634655302225633,4.637894398428838,0.7111450433731079,0.1727188527584076,0.8023557066917419,0.8374710832278852,0.18657201528549194,0.1378173828125,0.013724583201110363,0.2491806447505951,1
16.24690617619779,1543.084622130102,0.8448432080662373,0.0,28.576351182805485,0.5611594319343567,10.661178588867188,0.32674986124038696,0.16830023024223015,0.19960114359855652,0.9998054504394531,0.009747227188199759,15.380827903747559,0
27.683166275724716,110.85715614370748,0.8917407912688528,0.32888708164054836,1.825912626070753,0.535873293876648,0.038886867463588715,0.8881537318229675,0.950335972958795,0.23878571391105652,0.07000732421875,0.012431220151484013,0.056102074682712555,0
13.605356905795512,2834.9452128507655,0.8955844816875412,0.0,12.37611611835825,0.2821362614631653,1.6596834659576416,0.33751195669174194,0.17776878982702365,0.1838374137878418,1.0,0.007474633865058422,2.3944170475006104,0
18.03398009730185,1022.544815582483,0.9105480469373024,0.2855775624285216,24.51309422480157,0.6194093227386475,3.943801164627075,0.5539301633834839,0.40086169050842846,0.32134172320365906,0.93499755859375,0.012235738802701235,5.689702033996582,0
17.16620519964012,1248.704971832483,0.8822566214788715,0.27510867059938104,6.974071177395615,0.4984644949436188,0.06056417524814606,0.8782286643981934,0.8834030551622353,0.3368937373161316,0.7665557861328125,0.018288180697709322,0.08737565577030182,0
7.60489694986933,11287.315535980017,0.583142998069433,0.0,90.74394137411855,0.32602328062057495,10.592841148376465,0.31867825984954834,-0.22060059031765927,0.49097394943237305,0.31018829345703125,0.01645729597657919,15.282238006591797,0
15.73049294432608,1737.925143494898,0.7946789350631662,0.0,28.643395247223403,0.345855176448822,6.037694931030273,0.5681999921798706,0.5626272545915508,0.38827088475227356,0.5168838500976562,0.011188895907253027,8.710552215576172,0
15.900509733340296,1671.2036963222788,0.975578305211901,0.45009574243598854,9.044204372354432,0.43827924132347107,3.1005122661590576,0.2619778513908386,0.2434562394496796,0.2287580817937851,0.8945350646972656,0.011694754473865032,4.4730939865112305,0
15.48067152723643,1840.8279854910713,0.9639575329238856,0.7285340192203811,10.555484607396075,0.6859706044197083,0.13356010615825653,0.8418567180633545,0.5554461655188384,0.26351678371429443,0.8433380126953125,0.03227876126766205,0.19268649816513062,0
13.180015685451137,3126.64657073767,0.5971987037115863,0.0,40.85720255587252,0.6338073015213013,10.70072078704834,0.34937024116516113,0.1282229758531702,0.23606377840042114,0.722930908203125,0.015082237077876925,15.437877655029297,0
29.323572043906935,75.98417570153062,0.8678117786176558,0.39685590695772777,2.2083468845293557,0.6902840733528137,0.1078261137008667,0.8266103267669678,0.9711395989811689,0.25180941820144653,0.887603759765625,0.016795857809484005,0.1555602252483368,0
18.090476313484714,1009.3289487670068,0.9486548513174269,0.3214792638856738,10.455118047828048,0.6842299699783325,1.3436357975006104,0.8019770383834839,0.6674457515501334,0.33581340312957764,0.77801513671875,0.02351592294871807,1.938456416130066,0
15.73664854714637,1735.463588169643,0.6782162331319029,0.0,33.52321815597482,0.592187762260437,12.381860733032227,0.2742745876312256,0.24570108696657017,0.250374972820282,0.8264884948730469,0.010010112542659044,17.863248825073242,0
11.01915676247664,5142.386140784439,0.6308084573861815,0.0,59.640066960804745,0.3042961359024048,17.08221435546875,0.050302933901548386,-0.07051120751884811,0.21706640720367432,1.0,0.009454176062718034,24.644424438476562,0
7.662666994426564,11138.165364583334,0.6640795698986929,0.0,99.44160549833867,0.3250492811203003,15.882019996643066,0.0234375,-0.14708802279097447,0.24316775798797607,0.6783485412597656,0.009229376912117004,22.912912368774414,0
9.578328668062499,7165.516395620748,0.7968129273421672,0.467312499665554,65.07423866710347,0.5451968908309937,2.8714723587036133,0.4518694281578064,-0.05415849868689043,0.3982626795768738,0.14392852783203125,0.02302926778793335,4.142658710479736,0
17.361053117503012,1193.9195099914966,0.9740806004671891,0.5847709626185904,11.464305487051716,0.6461772322654724,7.699592590332031,0.23742425441741943,0.007197709597524053,0.21846824884414673,0.8399009704589844,0.015295661520212889,11.10816478729248,0
20.154933817370555,627.4613493835034,0.9362678467025715,0.3286061474454037,2.0640545193135345,0.5511261224746704,0.035635873675346375,0.9198421239852905,0.9657188299029681,0.22557030618190765,1.0,0.01615607552230358,0.0514116995036602,0
26.242640479408816,154.46010044642858,0.8470759698683412,0.0,0.8183593555348693,0.3578810691833496,0.045867860317230225,0.9268375635147095,0.9831462847130166,0.22344261407852173,0.9799652099609375,0.007897650357335806,0.06617334485054016,1
17.429412658522917,1175.2739091730443,0.7806567421299171,0.0,6.909598186086994,0.36860474944114685,0.06891021132469177,0.8892099261283875,0.9567192477861884,0.24196141958236694,0.9837684631347656,0.013279416598379612,0.09941641986370087,0
14.012601660074875,2581.1913132440477,0.8474319033881005,0.0,39.21653807042841,0.3097899258136749,5.622678756713867,0.4381178617477417,0.4170312606703058,0.2683132588863373,0.9925460815429688,0.009609732776880264,8.111810684204102,0
16.259543286132622,1538.601077540391,0.9491578754693397,0.36273270133607394,18.74766816484479,0.6954360008239746,6.022934913635254,0.5257892608642578,0.05242306007414951,0.24024736881256104,0.96270751953125,0.02212567813694477,8.689258575439453,0
19.022234808207024,814.4358458227041,0.8765779612461101,0.6907495976313068,24.010383464883212,0.7527427673339844,7.012801170349121,0.5814133882522583,0.1901215798972114,0.1636287271976471,0.8726806640625,0.015219058841466904,10.11733341217041,0
30.548536113339146,57.3095171662415,0.9215837871248738,0.07745667520144021,0.9019052468107351,0.5951464176177979,0.020774252712726593,0.9354870319366455,0.9834744061485351,0.1723230630159378,0.9075164794921875,0.017145331017673016,0.02997078187763691,0
9.812586601986444,6789.248432185374,0.8712054206339135,0.24001718736871794,41.450075789608505,0.4443790912628174,4.384108066558838,0.39211970567703247,0.1866754369639902,0.32564014196395874,0.9986419677734375,0.012582879047840834,6.324930191040039,0
11.929336496845108,4170.102319834184,0.6778418961354575,0.0,42.72335389822282,0.5156684517860413,7.4422383308410645,0.470683217048645,0.36003655022846515,0.2700158953666687,0.86004638671875,0.019989753141999245,10.736879348754883,0
18.410946082266932,937.53125,0.815641671745173,0.0,21.38942915500988,0.6531778573989868,6.448387145996094,0.5218830108642578,0.6987336341531627,0.20466426014900208,0.9723129272460938,0.013289111666381359,9.303056716918945,0
29.890112645515295,66.69128667091837,0.958543778572884,0.3501098796542667,1.0180763352975437,0.7519717216491699,0.036569491028785706,0.9129265546798706,0.9820530331849158,0.17527759075164795,0.8739356994628906,0.015633356757462025,0.05275845155119896,0
8.81142943947317,8549.435041985544,0.7415937728588292,0.0,86.37135289911251,0.5376523733139038,13.788078308105469,0.06847895681858063,-0.42909701718984306,0.12924079596996307,0.9067840576171875,0.014157433062791824,19.891992568969727,0
12.314293503743642,3816.3747209821427,0.7489908362666755,0.0,51.731325829772004,0.24261312186717987,15.930208206176758,0.12735173106193542,-0.025239695301101348,0.3074372410774231,0.9999961853027344,0.005252549657598138,22.982431411743164,0
4.662598764925488,22223.910754145407,0.4526883069691668,0.0,142.39582677275834,0.15941792726516724,17.174352645874023,0.031748246401548386,-0.10611968486415048,0.3089141845703125,0.3063850402832031,0.007251436705701053,24.777353286743164,0
16.80791186879115,1356.0920626062925,0.9440081090132871,0.6531821315841218,14.671775177908122,0.596312403678894,0.45867443084716797,0.8480349183082581,0.7988768450746063,0.32930147647857666,0.8401222229003906,0.03331085853278637,0.6617273092269897,0
12.708810281984938,3484.972317442602,0.8795704200839939,0.42913986287630485,50.357441930954366,0.6424642205238342,3.738326072692871,0.3075574040412903,-0.11103458215137568,0.25293540954589844,0.9520034790039062,0.014804053585976362,5.393263816833496,0
14.520552988077037,2296.2811569940477,0.7797341667495741,0.0,41.569196349861116,0.7960142493247986,13.770231246948242,0.23483338952064514,-0.11193090522804959,0.09521471709012985,0.8985061645507812,0.01242907578125596,19.86624526977539,0
16.29083793841842,1527.553983312075,0.6688877168257896,0.0,31.9396524147856,0.4477898180484772,14.0365629196167,0.1974848508834839,0.21768474306092797,0.22863562405109406,0.5546646118164062,0.009852238465100527,20.25048065185547,0
9.708225483717793,6954.370309842687,0.8754644484339134,0.13470768403153652,17.547612480154186,0.3907913565635681,1.1664276123046875,0.41924425959587097,0.12605022532741733,0.34228062629699707,0.0,0.016762142069637775,1.6827993392944336,0
6.651855763523919,14057.069256218112,0.6887220510384107,0.19681117858009065,107.91460074726835,0.4073995053768158,10.356496810913086,0.05408960208296776,-0.21994591478161343,0.39216652512550354,0.9799308776855469,0.017651380505412817,14.941266059875488,0
10.014288275910497,6481.1419470131805,0.8237453451144455,0.4628402496665841,73.45467959306318,0.6459766030311584,2.4646217823028564,0.3078164756298065,-0.30493142476010465,0.3192172944545746,0.8839454650878906,0.018194567877799273,3.555697441101074,0
18.921076265513243,833.6288464604592,0.9786778568970163,0.653119388188018,2.6781929591001834,0.7107595801353455,0.06738068163394928,0.8900868892669678,0.7787238491329018,0.1800774186849594,0.7565422058105469,0.03412244841456413,0.09720978140830994,0
11.907983626928104,4190.655864689626,0.7708824475093269,0.0,52.45308509385235,0.3522826135158539,8.223224639892578,0.23770329356193542,-0.07604493768525868,0.28660640120506287,0.9999961853027344,0.01407398609444499,11.863605499267578,0
14.020479476202663,2576.5134460034014,0.6964305512864785,0.0,23.048907798524937,0.4560700058937073,12.450019836425781,0.25729432702064514,0.012477705883577168,0.17364659905433655,0.39110565185546875,0.008877087850123644,17.961580276489258,0
18.93199061983586,831.5364649766157,0.895782751678255,0.0,23.442342923652248,0.7331920862197876,5.917691230773926,0.5884088277816772,0.5686168615558103,0.13583487272262573,0.9757575988769531,0.012066240422427654,8.537424087524414,1
14.386781517531569,2368.111839657738,0.7447248588685078,0.0,38.64315605248985,0.2998611032962799,17.610937118530273,0.03531568869948387,-0.0405399882505748,0.17731693387031555,1.0,0.010370630188845098,25.407211303710938,0
12.914914194992138,3323.4484082695576,0.9902796466443275,0.7802099894976742,11.362882558895246,0.6474001407623291,0.7485910058021545,0.6386120319366455,0.4787435934971596,0.2003062665462494,0.9661827087402344,0.011974860914051533,1.0799884796142578,0
28.24487287205858,97.40765173256803,0.925561835384791,0.0,1.51096135347874,0.6201201677322388,0.0788450613617897,0.8497290015220642,0.916089944019789,0.12298683822154999,1.0,0.012061846908181906,0.11374938488006592,1
5.3110100014077695,19141.649546928147,0.4892480886462671,0.0,144.763313153776,0.3524443507194519,18.455408096313477,0.00017936860967893153,-0.2986439430621797,0.2890482246875763,0.6451683044433594,0.01792280562222004,26.625524520874023,0
7.486496413063732,11599.271650457058,0.6226874474160197,-0.0017426063249651104,69.71287060884008,0.2606578767299652,9.217901229858398,0.2899593412876129,0.16652486213575798,0.3509180545806885,0.8844261169433594,0.014553466346114874,13.29861831665039,0
6.032868069288709,16210.393375318878,0.4699723273902432,0.0,108.8447665424624,0.3929612636566162,17.484973907470703,0.026805642992258072,-0.30720246236237664,0.2119576334953308,0.8058738708496094,0.010410396847873926,25.22548484802246,0
11.438713868534771,4668.83981717687,0.66404728704291,0.14510444485403137,48.58061654604275,0.4478057622909546,2.8201754093170166,0.5540696978569031,0.9163324567141196,0.3697299361228943,0.7908897399902344,0.0193430595099926,4.068652629852295,0
10.61345919650348,5645.916374362245,0.6015805742035526,0.0,60.86465640503059,0.4793413281440735,12.226699829101562,0.28922194242477417,0.25583185416939225,0.21461108326911926,1.0,0.009233133401721716,17.639400482177734,0
10.53171505211388,5753.191838063351,0.7890918430065686,0.3626062817842275,72.49884412536352,0.7808666229248047,12.846059799194336,0.0991908460855484,-0.30593815253535683,0.05447150021791458,1.0,0.020955203101038933,18.53294563293457,0
13.69954402306045,2774.12456818665,0.9909793681244942,0.7109817271330937,3.0447026406428375,0.6175792217254639,0.12590518593788147,0.8368343114852905,0.9292615352594487,0.17218293249607086,0.9388999938964844,0.009638664312660694,0.18164262175559998,0
16.35087583242627,1506.582011320153,0.8514858563795795,0.0,32.07435831038632,0.5568462014198303,14.187808990478516,0.13673868775367737,-0.07973733375108835,0.2388685941696167,0.9923934936523438,0.014451405964791775,20.46868133544922,0
16.497092138999047,1456.703443877551,0.9188940641893166,0.0,22.0983738388771,0.6671590805053711,1.6031992435455322,0.6849689483642578,0.7367787785014045,0.12910820543766022,0.8740234375,0.010473358444869518,2.312927722930908,0
21.85371722904625,424.3347882121599,0.9532521170239113,0.0,15.960937443167335,0.9123241901397705,6.407181262969971,0.4840362071990967,0.40019360418590405,0.022479625418782234,1.0,0.00889738043770194,9.243608474731445,0
9.697690536042266,6971.260429953231,0.6743720061186617,0.03965213240297541,62.304667294144096,0.33183926343917847,3.1576004028320312,0.4767618179321289,0.28047757201607687,0.5286906361579895,0.9333724975585938,0.020543166436254978,4.555454254150391,1
7.661650257573109,11140.773251488095,0.5666425084270883,0.0,98.62990271290076,0.30911165475845337,16.647674560546875,0.024792728945612907,-0.35133962265221136,0.30594009160995483,1.0,0.01097115222364664,24.01751708984375,0
9.494742825599852,7304.762130633503,0.932722808513665,0.0,38.63113845873835,0.5183359384536743,2.908682107925415,0.10516980290412903,-0.06346172972479924,0.19721589982509613,9.1552734375e-05,0.01243890612386167,4.196340560913086,1
18.041558337423485,1020.7620774872449,0.9112129346888357,0.19148662121792215,13.140964130046923,0.6165995001792908,1.0210824012756348,0.4306640625,0.4186649375341125,0.23880808055400848,0.9813652038574219,0.01529449736699462,1.4731101989746094,0
13.688470556863043,2781.20694488733,0.9851386196763753,0.7751145678083622,4.981106466519808,0.760968804359436,0.127884641289711,0.8071787357330322,0.9196569504688747,0.19644075632095337,1.0,0.04234273172914982,0.18449854850769043,0
9.855446569557568,6722.575740061649,0.8671314538583497,0.1319503442687325,67.06540977960388,0.5328251123428345,4.278111457824707,0.13554289937019348,-0.22974591876070202,0.36330264806747437,0.2625160217285156,0.016172454226762056,6.172008514404297,0
23.675158275074878,278.9745163690476,0.7876761933035906,0.22733423917231466,2.541613574528967,0.4380405843257904,0.04594501852989197,0.8993343114852905,0.9262819862816684,0.4096565246582031,0.5180473327636719,0.02111407369375229,0.0662846565246582,0
18.364057314332335,947.7081805378401,0.7399658109812371,0.016231232604994972,3.139927368945391,0.37471023201942444,0.05307137966156006,0.9041971564292908,0.9566918085848988,0.38850778341293335,0.8798255920410156,0.023991203866899014,0.07656581699848175,1
9.858943294754797,6717.165231717687,0.7640078336636252,0.0,71.9272561962982,0.2651483416557312,8.005895614624023,0.30102041363716125,-0.09931652118700134,0.45844191312789917,0.5742874145507812,0.015684455167502165,11.550065040588379,0
16.209505823869698,1556.4306640625,0.7943339161589893,0.0,31.986826401566862,0.5689306855201721,10.385046005249023,0.33771124482154846,0.16576017136677626,0.1949654221534729,0.9565162658691406,0.006648374255746603,14.982454299926758,0
9.80171893204676,6806.258941857993,0.5613511417915782,0.0,67.8089722224901,0.31416019797325134,16.52803611755371,0.07374043017625809,-0.18223579488607616,0.2928919792175293,0.08696746826171875,0.00790771096944809,23.84491729736328,0
20.04083622380118,644.1644278805272,0.7734991410065256,0.0,12.423708541288159,0.42430150508880615,9.101919174194336,0.3845663368701935,0.5946088322243497,0.1692391186952591,1.0,0.006223896401934326,13.131294250488281,1
17.877469352170387,1060.0672698767007,0.9355927205979824,0.3656818631629987,12.013930873299167,0.6487303376197815,1.8704842329025269,0.7751713991165161,0.6499829730036071,0.258507639169693,0.8775978088378906,0.023976690135896206,2.698538064956665,0
8.756658574850755,8657.938636001276,0.7561864442828405,0.0,29.93421159713941,0.24414297938346863,14.563580513000488,0.1683274805545807,0.17185437420718594,0.4942376911640167,0.6981315612792969,0.00979798287153244,21.01080322265625,0
5.170435302563093,19771.373053518284,0.5186496644353212,0.0,135.79737343401194,0.35009607672691345,12.32130241394043,0.11658960580825806,-0.10892897354341347,0.3030211329460144,0.975006103515625,0.010973102413117886,17.775882720947266,1
17.698248252870354,1104.7284425488945,0.9678224612486768,0.0,10.191127295488052,0.7444505095481873,1.949194312095642,0.8097696304321289,0.7255899288878378,0.19633649289608002,1.0,0.01937488280236721,2.8120927810668945,0
19.415947212393093,743.8504663584183,0.993228447663511,0.6240709958758374,3.9522676706452997,0.7824340462684631,0.0665513277053833,0.8724888563156128,0.9150052135612622,0.19601278007030487,0.8793983459472656,0.022888985462486744,0.0960131362080574,0
12.402842332585076,3739.350094334609,0.6326022057879486,0.0,50.750617877359176,0.2851582467556,14.652690887451172,0.16061463952064514,0.03715542872414837,0.3794911503791809,0.9549217224121094,0.011767304968088865,21.13936424255371,0
14.693401143093572,2206.684510522959,0.9321068259303049,0.4700839974004873,8.008131195718958,0.4976130723953247,0.0386582687497139,0.8860012888908386,0.7285073679934311,0.4990767538547516,0.6350669860839844,0.036097483709454536,0.05577210336923599,1
15.643329469002758,1773.1579108205783,0.5920699504191498,0.0,29.521125631499615,0.4050607979297638,12.167672157287598,0.2513951063156128,0.4471815555442543,0.3059293031692505,0.9983100891113281,0.014457971323281527,17.554241180419922,0
22.53719322319805,362.544264190051,0.9265615701298812,0.37867347204988383,2.247668330988043,0.6580565571784973,0.057741738855838776,0.8979192972183228,0.7532438548599195,0.32910287380218506,0.48938751220703125,0.021062059327960014,0.08330359309911728,0
14.52328248278332,2294.838422087585,0.8401905230993634,0.0,32.94198419756643,0.599850058555603,10.88662338256836,0.3008609712123871,-0.19540285198547513,0.2508701682090759,0.6638717651367188,0.016006771009415388,15.70607852935791,0
19.11443548563247,797.3276267538265,0.829791494007603,0.09359963213021319,4.86696821856702,0.33452391624450684,0.39009976387023926,0.6979631781578064,0.25460995114063706,0.39198926091194153,1.0,0.014722364023327827,0.5627948641777039,0
10.686819773666452,5551.347111500851,0.8860510298773473,0.2813728826971647,11.725346780297528,0.3828415870666504,0.22847039997577667,0.7675582766532898,0.85571886179558,0.43027573823928833,0.2105560302734375,0.021847561933100224,0.3296130895614624,0
8.292349083816976,9634.860976031037,0.618652845877492,0.0,69.6795679153155,0.35133329033851624,7.318953990936279,0.2685546875,0.014499085881223638,0.426618367433548,0.4415283203125,0.022798646241426468,10.559019088745117,0
14.274327616709407,2430.2312393707484,0.8867260523502687,0.0,15.073182408520793,0.5320822596549988,5.55670166015625,0.6402862071990967,0.797045777943786,0.14817647635936737,1.0,0.013518858700990677,8.01662540435791,0
16.35033025718177,1506.7712850765306,0.9135351543289776,0.0,23.14473056297612,0.6028562188148499,12.192468643188477,0.31558912992477417,0.05587247233490618,0.1261599212884903,1.0,0.005999331711791456,17.590015411376953,0
15.595460155409018,1792.8103276466836,0.8042539535477776,0.0,35.096460532293506,0.7671425342559814,9.91348934173584,0.42691725492477417,-0.06948703632897658,0.10615302622318268,1.0,0.03550385311245918,14.302141189575195,0
9.65157882443015,7045.672924638606,0.8505174541491811,0.1998140217171445,25.683573812939912,0.45983773469924927,1.6500718593597412,0.7211017608642578,0.914045603861343,0.628564715385437,0.010005950927734375,0.03469527140259743,2.3805501461029053,0
14.581977513997977,2264.032253135629,0.8674092974072298,0.0,26.352299941586455,0.4355194866657257,3.0202584266662598,0.6557716727256775,0.748272599544049,0.34325361251831055,0.9347877502441406,0.016849854961037636,4.357312202453613,0
16.857781733031874,1340.6091757015306,0.9005507304479675,0.0,11.001056252099918,0.5468221306800842,2.27333927154541,0.689851701259613,0.8265583245584585,0.24320442974567413,1.0,0.015748096629977226,3.2797353267669678,0
12.72160075373369,3474.7237723214284,0.48156169141537464,0.0,41.34899157240493,0.6250251531600952,5.119073867797852,0.44640862941741943,0.5778692378372555,0.2506032884120941,0.8692245483398438,0.010207959450781345,7.385262966156006,0
13.596979683064035,2840.4188921662417,0.6449066739389294,0.0,42.54384555876647,0.23058336973190308,11.677552223205566,0.3241589367389679,0.04017622269706041,0.5193296670913696,0.66168212890625,0.017945460509508848,16.84714698791504,1
20.822585101655392,538.0490274234694,0.994490689689713,0.6679099927855445,2.835140302997035,0.742598295211792,0.1137436181306839,0.8418565988540649,0.763599790340759,0.18265517055988312,0.5691566467285156,0.012147218454629183,0.1640973687171936,0
16.305440074225153,1522.426565157313,0.9801074974634336,0.6049042187825321,11.332091157873997,0.7823400497436523,2.36311674118042,0.7370256185531616,0.48006488023254645,0.21281805634498596,0.62518310546875,0.018251213245093822,3.409256935119629,0
4.776603507270449,21648.111201902637,0.2657497514955628,-0.005234613185742129,148.18851632344973,0.2495497465133667,12.948278427124023,0.11483577638864517,-0.46222635629696873,0.479841411113739,0.9330978393554688,0.0375933637842536,18.6804141998291,0
7.774848778444565,10854.1416015625,0.4956795167249368,0.17814513952343222,100.6764985208752,0.30942437052726746,11.030226707458496,0.2771245241165161,-0.36078173243647904,0.3522864580154419,0.41474151611328125,0.017785415053367615,15.913252830505371,1
16.657445304423565,1403.8988892431973,0.9206308428108805,0.37417915817981334,30.291633407220715,0.7731744050979614,2.9927828311920166,0.5960817933082581,0.10710602141766949,0.1865871399641037,0.9499473571777344,0.02026259247213602,4.3176727294921875,0
8.987461695655613,8209.83050993835,0.54287802174363,0.0,64.59223525150388,0.31340718269348145,12.79156494140625,0.22937262058258057,0.07028660180890767,0.4112122058868408,0.6426200866699219,0.0177618064917624,18.454326629638672,1
12.008718105675626,4094.5723586309523,0.8736656306728916,0.6082253048450101,53.05931142646915,0.6184172630310059,2.7527801990509033,0.6265345811843872,-0.011845276247199754,0.33145999908447266,0.6834793090820312,0.028146911412477493,3.9714229106903076,0
23.182584344441054,312.47978449192175,0.9624156330348161,0.45222575737840426,3.1566686018182084,0.5476125478744507,0.6066470742225647,0.6323142051696777,0.38959802802107657,0.1741989701986313,0.9813690185546875,0.009474523831158876,0.8752068281173706,1
13.322159212810295,3025.968756643282,0.7659788718210317,0.4405774188880058,53.05114011824004,0.6022335290908813,1.7740707397460938,0.5226602554321289,-0.13024535299088974,0.3422517478466034,0.8217277526855469,0.020867519080638885,2.5594427585601807,0
20.55400349535569,572.374149659864,0.9351070567354897,0.2353626845710164,13.988938950577774,0.7899799942970276,1.9367045164108276,0.7202447652816772,0.7499218534580919,0.13186073303222656,0.9958610534667969,0.015549087431281805,2.794074296951294,0
13.019509518029338,3244.362769717262,0.9706187935009948,0.0,16.72851563709937,0.5062050223350525,16.388500213623047,0.15565210580825806,0.0011621108712794972,0.14106471836566925,0.434356689453125,0.005992588121443987,23.643606185913086,0
12.230983366644619,3890.290424372874,0.5781824819424272,0.0,46.09600210897871,0.46761706471443176,9.798171997070312,0.34468668699264526,0.37825825215097164,0.49523645639419556,0.9916877746582031,0.014435365563258529,14.135774612426758,0
15.064621017940595,2025.9011878188776,0.9310955216358661,0.3143901338433901,10.06385526943274,0.46400782465934753,0.7253291010856628,0.6477599143981934,0.6628597363497669,0.22267037630081177,1.0,0.010894066654145718,1.0464287996292114,1
20.155100410353455,627.4372807716836,0.9105808745747405,0.36915304164518215,1.5719465952771992,0.45736533403396606,0.051849573850631714,0.8854432106018066,0.9013564049120858,0.3368339538574219,0.6375999450683594,0.023359504528343678,0.07480312138795853,0
11.707231337988658,4388.915577168367,0.7778563211115895,-0.0030658667079053103,8.2668805210238,0.3488018810749054,0.3521573841571808,0.6637236475944519,0.5392171806202791,0.3873875141143799,0.8114662170410156,0.028611131012439728,0.5080555081367493,0
22.57974476352611,359.00945339073127,0.8647557747238421,0.29708359205201557,2.8179011056361354,0.5287571549415588,0.04055166617035866,0.8897879123687744,0.9065103111420647,0.3845160901546478,0.8262367248535156,0.01914443075656891,0.05850367248058319,0
10.282010163946552,6093.675794536564,0.9179442029702631,0.4622124956601776,14.020687276071321,0.6568130254745483,0.36440908908843994,0.7392578721046448,0.6803311751429318,0.40332210063934326,0.3416290283203125,0.026672882959246635,0.5257312059402466,0
20.957695882136427,521.5678013392857,0.9791179559714946,0.0,5.4276945120054805,0.6506770253181458,1.0372388362884521,0.8696986436843872,0.9527283021592176,0.22427640855312347,0.18658065795898438,0.015340828336775303,1.4964193105697632,0
16.61384870403289,1418.0628853103742,0.9663076202265191,0.45339569469354246,27.77461315450113,0.582666277885437,11.59403133392334,0.3596341013908386,0.04274560193888603,0.15083573758602142,0.9673500061035156,0.013227889314293861,16.726654052734375,0
26.124990273418337,158.70161033163265,0.9841299792899242,0.7392165257261459,10.492486432455046,0.8667154312133789,0.9971296787261963,0.4665178954601288,0.28048247322493725,0.11024177074432373,0.9011497497558594,0.019194270484149456,1.438554286956787,0
12.561143736461052,3605.5040457589284,0.7448742473803203,0.1951700777396207,12.26092161162452,0.3220798373222351,0.22742486000061035,0.7623963952064514,0.5706042059727003,0.5773468017578125,0.9740142822265625,0.02585972100496292,0.32810473442077637,0
5.6271661710044985,17797.6943359375,0.5123096986903937,0.04106517226318434,132.00518165427684,0.3771926760673523,11.837559700012207,0.027841994538903236,-0.1962417618326017,0.3523280918598175,0.9056053161621094,0.013682120479643345,17.07798957824707,0
18.331645130350346,954.8075573979592,0.9749294943446372,0.6125904710030182,8.476024264145378,0.7946904301643372,1.6744318008422852,0.5308713316917419,0.009733352600644186,0.21193824708461761,0.9970359802246094,0.022414496168494225,2.41569447517395,0
17.264163300721474,1220.8548442814626,0.9474110218696897,0.5830290649786154,20.445352333594393,0.6415897011756897,0.809997022151947,0.6257971525192261,0.23688478685443043,0.29297909140586853,0.9894332885742188,0.018667038530111313,1.1685786247253418,0
16.003362721083935,1632.0899433992347,0.9559039531419518,0.4284847982253679,16.26165922323215,0.6983827352523804,2.3235666751861572,0.8052256107330322,0.8814023548549754,0.23471257090568542,0.9134063720703125,0.014297683723270893,3.3521981239318848,1
4.945044495033732,20824.56370907738,0.5108415132608422,0.0,144.8892698057333,0.3114306330680847,18.420804977416992,0.014708227477967739,-0.3571200909567193,0.2845318019390106,0.9184799194335938,0.006598494481295347,26.575599670410156,0
19.150733349427263,790.6914195365646,0.9501855391231814,0.0,11.16966291164328,0.6477614641189575,1.5452117919921875,0.5971580147743225,0.7002668836460044,0.21017798781394958,0.6713180541992188,0.009072453249245882,2.229269504547119,0
17.48093775012887,1161.4127404868198,0.9758828443649203,0.5340654566122314,9.104292828813186,0.7592810392379761,1.4477967023849487,0.6739078760147095,0.38073408062208974,0.19021831452846527,0.4963035583496094,0.021140681579709053,2.0887291431427,0
19.827640035745592,676.5756404124149,0.961835742947575,0.0,14.525848958555331,0.7200559377670288,5.011584281921387,0.5610451102256775,0.34679018541893997,0.22086918354034424,0.593780517578125,0.013405553996562958,7.230188369750977,0
15.239559110553326,1945.9176166560374,0.9691499627634453,0.4165107696789006,9.215999788761318,0.5767812728881836,0.773107647895813,0.863839328289032,0.9472626774339002,0.21073223650455475,0.36821746826171875,0.013402584008872509,1.1153587102890015,0
24.923159489353534,209.29767883715985,0.9750673976670631,0.5930466471523359,1.4914501620778562,0.7848231792449951,0.02647201344370842,0.9211974143981934,0.904136507558747,0.13152100145816803,0.6733551025390625,0.015100293327122927,0.038191039115190506,0
4.702195158049546,22022.20723054847,0.38067366374377254,0.0,125.71087781895581,0.22900497913360596,13.572052955627441,0.1741071343421936,-0.40555871190074116,0.691647469997406,0.0161895751953125,0.0215563690289855,19.580333709716797,0
18.108968077589655,1005.0404775191327,0.9595417652836904,0.0,10.286112837873212,0.5357039570808411,1.170839548110962,0.7009327411651611,0.7948241174962989,0.2012242078781128,0.9951438903808594,0.008735692594200373,1.689164638519287,0
10.696503796951307,5538.982348798894,0.9317905735999101,0.49737000100159334,24.138194742080486,0.7036702036857605,2.0669198036193848,0.4603993892669678,0.5112337626439454,0.16909731924533844,0.8653182983398438,0.01708377245813608,2.9819350242614746,0
7.905772202824215,10531.813031462585,0.5383294380577165,0.0,82.26074239017927,0.270653635263443,10.143165588378906,0.33904656767845154,0.13822257052364925,0.36783042550086975,0.9890365600585938,0.01060077385045588,14.633493423461914,0
13.842660967833444,2684.196242559524,0.793540301009441,0.5382817557873248,48.621312989164736,0.6554738879203796,5.01055908203125,0.6041733026504517,-0.15565992246924487,0.1854594498872757,0.2967262268066406,0.01730424351990223,7.2287092208862305,0
18.093986766326157,1008.5134260735545,0.9935416490056297,0.7122967675746407,6.549067097955442,0.7017062306404114,0.12222696095705032,0.8242586255073547,0.7218144661324819,0.23706303536891937,0.9999771118164062,0.018311385065317154,0.17633622884750366,0
9.767224318697114,6860.534126541242,0.8175424555263251,0.0,88.45366308093928,0.6613174676895142,17.32614517211914,0.05548469349741936,-0.3279589092518,0.1496485024690628,1.0,0.012720107799395919,24.996341705322266,0
26.230788669238766,154.8821946747449,0.9025824824375988,0.4518032149158342,1.2767261384977562,0.6527310609817505,0.07546500861644745,0.8903658986091614,0.7687514572523699,0.2726276218891144,0.8264808654785156,0.04996391013264656,0.10887312889099121,0
23.78825212531671,271.8035647852891,0.8283993013418423,0.20642303081394064,1.888133500553674,0.48936742544174194,0.030537692829966545,0.918128252029419,0.9187738571616955,0.3383210599422455,0.8825950622558594,0.01480126939713955,0.04405657947063446,0
23.98490184328429,259.7707071109694,0.9963173186196911,0.7292896936471667,2.6398478901426228,0.8645566701889038,0.04218733310699463,0.9191645383834839,0.9550447785667021,0.09495426714420319,0.7543716430664062,0.017032671719789505,0.06086345389485359,0
19.980573946413344,653.1650922087586,0.9163951052857107,0.0,12.135961402950192,0.6202203035354614,2.2851181030273438,0.4649832546710968,0.6064268671400701,0.14094524085521698,0.9617271423339844,0.006284122355282307,3.2967286109924316,0
21.71210836774779,438.39896896258506,0.9031284325648775,0.0,14.596380615006966,0.7814761400222778,3.455322504043579,0.6984614133834839,0.8871516947076026,0.1488247662782669,0.4600334167480469,0.007083906210027635,4.984976768493652,0
25.77228160829823,172.12826849489795,0.9002379958643877,0.1937882971537782,1.6062260397548531,0.5965553522109985,0.05052619427442551,0.87503981590271,0.9007449131504967,0.18578331172466278,0.9290618896484375,0.013382256496697664,0.0728938952088356,0
9.573665175302498,7173.214923469388,0.7026620955815824,0.18765718123372838,67.58950513697907,0.41427960991859436,3.960841655731201,0.3926578164100647,-0.03408795386880324,0.602634072303772,1.0,0.03592376317828894,5.714286804199219,0
36.17184126537084,15.69987643494898,0.9989926385354939,1.0,3.9383171569715394,0.9973955154418945,0.06353041529655457,0.8830317258834839,0.8928729861154533,0.001364590134471655,0.9819717407226562,0.014828048646450043,0.09165487438440323,0
30.859685861888757,53.34721779336735,0.9934221977703153,0.7306710986439184,1.683274904934727,0.8423786163330078,0.13227060437202454,0.8983776569366455,0.9699863017565952,0.08186155557632446,0.9778938293457031,0.00984399626031518,0.1908261626958847,0
14.732121698541567,2187.097735969388,0.9678039482269133,0.36142192720817207,9.295400234558036,0.6047914028167725,0.694671630859375,0.5871931314468384,0.37580166915778723,0.25426968932151794,0.9702987670898438,0.01135795097798109,1.0021991729736328,0
20.821394314374917,538.1965747236394,0.8706057920754848,0.22439053665407804,4.098194383284497,0.4357692003250122,0.05281965434551239,0.8739636540412903,0.9231130070176589,0.35906606912612915,0.5749931335449219,0.013602573424577713,0.07620266824960709,0
6.857880800172981,13405.785953443878,0.5282083060895756,0.0,113.01925227252545,0.30279454588890076,16.601015090942383,0.02885841764509678,-0.4201972543341491,0.31333020329475403,0.5571479797363281,0.034138625487685204,23.95020294189453,0
16.106422325925017,1593.8158017113096,0.9799893345695312,0.6787188239857909,24.279057861430147,0.7118218541145325,0.5822653770446777,0.5723055005073547,0.3348328496326278,0.2997564971446991,0.9840011596679688,0.023634727112948895,0.8400315046310425,0
12.576343206162948,3592.9075321534865,0.8384470781741958,0.0,40.09261389179446,0.6920083165168762,6.004743576049805,0.562480092048645,0.5495856534483775,0.2268361747264862,0.6327133178710938,0.013510363176465034,8.66301441192627,1
11.05720335523408,5097.532758025085,0.9719554278485366,0.0,19.371552275443392,0.6261167526245117,6.355161190032959,0.40696749091148376,0.1454875315512342,0.13084201514720917,1.0,0.012906731572002172,9.168561935424805,0
15.530794885962322,1819.7045134460034,0.8525002838674192,0.0,25.20133138759178,0.5618003606796265,9.107386589050293,0.4321189522743225,0.1955117694856709,0.23355187475681305,0.6935272216796875,0.019001221284270287,13.139182090759277,0
23.325103590067666,302.39179421768705,0.9074938590489651,0.43777941262820647,2.8600920820481264,0.6841257214546204,0.04825081303715706,0.9047353267669678,0.8448667310976965,0.25363782048225403,0.3085060119628906,0.024204165674746037,0.0696110799908638,0
10.763708954848791,5453.928817230017,0.8173954460849636,0.04272476487600564,16.1768975389168,0.3420996069908142,1.0917025804519653,0.44722574949264526,0.11660655176205134,0.40895435214042664,0.9919319152832031,0.01986844651401043,1.5749938488006592,0
8.53799672103517,9105.01548549107,0.7146666419789135,0.0,89.21026029852212,0.6503791809082031,8.819188117980957,0.3907445967197418,-0.18785051294691377,0.22136707603931427,0.8076934814453125,0.01892385631799698,12.723398208618164,0
16.547627851247608,1439.851077540391,0.8903736102416469,0.0,5.449298485573664,0.3841899037361145,2.564450979232788,0.2834821343421936,0.3561907193410436,0.12464970350265503,0.9969367980957031,0.012433362659066916,3.699720859527588,0
11.94218993696148,4157.778672406463,0.9618505256072494,0.36327359224472716,13.885483097852784,0.5831505656242371,1.2741811275482178,0.5309709906578064,0.45556196209328426,0.2098844051361084,1.0,0.01194512564688921,1.8382548093795776,0
12.62321552130593,3554.3386878188776,0.9097060484288044,0.20897803403736198,12.354691424949026,0.4213409423828125,0.11837981641292572,0.8118622899055481,0.7816918315681591,0.3315741717815399,0.4267234802246094,0.017582392320036888,0.17078593373298645,0
24.9979540473521,205.7239981930272,0.9939594986087694,0.5294273785707981,1.8675661557295822,0.7652125358581543,0.046401605010032654,0.9530453085899353,0.9925567556089934,0.13156111538410187,0.9296073913574219,0.014695811085402966,0.06694336235523224,0
14.455573022411068,2330.896869685374,0.6375828567820545,0.0,38.45846617796683,0.5413705110549927,11.563858985900879,0.3076769709587097,0.27990334712335474,0.2761904299259186,0.9135093688964844,0.014477244345471263,16.683120727539062,0
4.207147747945453,24681.161059736394,0.2977403713527425,0.0,152.2543446216514,0.305111289024353,17.97803497314453,0.0135323666036129,-0.37901022166349535,0.5007248520851135,0.0,0.028092981781810522,25.93682098388672,0
14.843190219970822,2131.873046875,0.7934106282709465,-0.002582375156902551,9.393415188966681,0.39149096608161926,0.06400094926357269,0.8748006820678711,0.9469202942924749,0.2624213993549347,0.9522628784179688,0.017858531326055527,0.0923338532447815,0
8.960022895505848,8261.864563403486,0.8169083509799079,0.0,38.54011875981301,0.41225165128707886,15.430015563964844,0.17729592323303223,-0.016100683239911817,0.34242692589759827,0.8751754760742188,0.019783806521445513,22.260805130004883,0
12.699385145333826,3492.5436795812075,0.8271308809022594,0.029473950088580655,47.36375946606266,0.6425532698631287,4.976690769195557,0.1404256969690323,-0.03901508524012351,0.21071739494800568,0.9383888244628906,0.009643633849918842,7.179847240447998,0
14.211293545014264,2465.7611540710036,0.5062151513744907,0.0,28.37027664171962,0.20055031776428223,3.860427141189575,0.5406369566917419,0.36775563481901513,0.37788763642311096,0.24346923828125,0.009641436859965324,5.569418907165527,0
18.09321061868391,1008.693678252551,0.9936604984461692,0.7016101814837046,5.986467579953592,0.7293283939361572,0.25815898180007935,0.7417888641357422,0.5225928993967857,0.17478716373443604,1.0,0.020001312717795372,0.37244462966918945,1
12.859514972032024,3366.114337531888,0.5172983815641252,0.0,45.92396756233882,0.2765806317329407,15.59337043762207,0.10782046616077423,0.15326665169656578,0.3577325642108917,0.4532737731933594,0.014059003442525864,22.496479034423828,0
7.249497497301267,12249.845497183249,0.4418468835941052,0.0,82.86463672841803,0.13267914950847626,10.96770191192627,0.3277064561843872,0.19234822043985003,0.40472012758255005,0.989654541015625,0.010232041822746396,15.82304859161377,0
8.296263897806357,9626.179840295494,0.6263682189805413,0.016679419963478125,60.2267420953114,0.3488931357860565,2.8951644897460938,0.49507734179496765,0.5454614073889653,0.48746663331985474,0.9827079772949219,0.026630735024809837,4.176839828491211,0
19.825677139872347,676.8815037733843,0.9417128070323202,0.40562957485684853,20.770607465721806,0.7541058659553528,6.607798099517822,0.5151466727256775,-0.013832010432644874,0.16872960329055786,0.9027976989746094,0.018577047623693943,9.533037185668945,0
26.208269680881614,155.68737377763605,0.9163926331028475,0.0,1.9243863672762136,0.5650509595870972,0.019983602687716484,0.9308633804321289,0.9776425466299906,0.2474789023399353,0.6115760803222656,0.008791659958660603,0.02883024513721466,0
15.774086417074411,1720.5675156781463,0.780053733393692,0.0,20.49246645122933,0.6604896783828735,6.094915866851807,0.4556560814380646,0.5941185704286701,0.21087685227394104,0.5879096984863281,0.014205298386514187,8.79310417175293,0
14.499861563774356,2307.2476084183672,0.7440462007269971,0.0,37.753666992887645,0.6252782344818115,12.875008583068848,0.2368064522743225,0.030546773615770257,0.1567518264055252,0.4263763427734375,0.011195143219083548,18.574710845947266,0
22.194953504376755,392.26992320365645,0.8744273636003661,0.0,9.979830994317414,0.51816725730896,2.570632219314575,0.6891740560531616,0.9117606592030985,0.19577166438102722,0.7058601379394531,0.007894342066720128,3.7086381912231445,0
20.722948579069964,550.5357209289966,0.9310973362366438,0.284426809476348,13.05432871506497,0.6501106023788452,1.56886625289917,0.7040417194366455,0.7294248418469571,0.21874193847179413,0.7518463134765625,0.011375740636140108,2.2633955478668213,0
7.529092500598708,11486.060799319728,0.6462593190343034,0.0,105.21580038997897,0.280425488948822,12.56879711151123,0.046974651515483856,-0.09152752883319046,0.3569391667842865,0.3147926330566406,0.009378577349707484,18.13294219970703,0
6.523113680291191,14480.014369419643,0.4076084336919814,0.0,110.06228076412032,0.19948840141296387,12.94363784790039,0.22548629343509674,-0.3316154137153577,0.47719261050224304,0.7603797912597656,0.012108887545764446,18.673723220825195,0
23.11292724796154,317.5321003401361,0.9009246737798038,0.2946205922101006,3.729153093161946,0.618013858795166,0.17011721432209015,0.7994658946990967,0.8373807286909912,0.31122565269470215,0.7530097961425781,0.018522391095757484,0.2454272210597992,0
14.92437893210332,2092.3891900510203,0.8411343812663941,0.0,12.822006539154376,0.29706060886383057,1.7105807065963745,0.5186344385147095,0.44473343123598713,0.2769252359867096,1.0,0.009074462112039328,2.467845916748047,0
16.000644229207765,1633.111879517432,0.9840563576472874,0.683916074875532,6.278918342632829,0.5867401957511902,0.16110970079898834,0.8077566623687744,0.7878294821394737,0.38282719254493713,0.6026382446289062,0.019451791420578957,0.23243215680122375,0
7.820291224804752,10741.161298894558,0.4453489080836162,0.0,90.28904273163067,0.25960835814476013,15.577592849731445,0.12264828383922577,-0.1162772256758428,0.404263436794281,1.0,0.011617918033152819,22.473716735839844,0
8.21340665055428,9811.596865699405,0.6071753831058766,0.12043693463623056,92.8971220499065,0.4505610466003418,8.058059692382812,0.42747530341148376,-0.5516560241518688,0.42677009105682373,0.6457939147949219,0.021368972957134247,11.625321388244629,0
11.975318730844975,4126.183022427721,0.6044240674733499,0.5865825168651838,57.70135122453695,0.6553800702095032,9.889331817626953,0.35445231199264526,-0.026669123607350288,0.2002253234386444,0.43235015869140625,0.01596016390249133,14.267290115356445,0
15.012098305369472,2050.550787893282,0.8485779291339405,0.28868721740398423,7.962193007239731,0.42656847834587097,0.3496890366077423,0.6940768361091614,0.4113519536628353,0.29662665724754333,1.0,0.013427916914224625,0.5044946670532227,0
7.656839234199686,11153.121605282739,0.6915360509827233,0.0,74.85130346900485,0.4232577085494995,16.806217193603516,0.08430325984954834,-0.37713389508925627,0.43352892994880676,0.9235649108886719,0.014759520068764687,24.24624252319336,0
10.61415305528509,5645.014415922619,0.9664966323094237,0.5500450707957764,18.92789382526923,0.6854315400123596,3.8961076736450195,0.2017897069454193,-0.031385013828271593,0.2699025571346283,0.837310791015625,0.015986616723239422,5.6208953857421875,0
9.256885644220803,7715.9924930909865,0.711866255350424,0.22059704621323079,62.2235928749822,0.46659982204437256,2.6469385623931885,0.46273118257522583,0.1909074433872358,0.3911297917366028,0.9153633117675781,0.028874467127025127,3.8187241554260254,1
17.722921712680794,1098.4699723639455,0.7726777639330827,0.0,23.755699949999777,0.6600724458694458,6.821761608123779,0.4724370241165161,0.4528777051799939,0.2069728523492813,0.9249610900878906,0.009824950946494937,9.84172248840332,1
19.62668487575546,708.6174997342687,0.9592404497461282,0.60566143322033,4.6527823315978845,0.6010494232177734,0.10482136905193329,0.8122608661651611,0.8687157025251414,0.18964128196239471,0.8912010192871094,0.011174989398568869,0.1512252539396286,0
9.32919734954287,7588.581905027636,0.722118771086604,0.3727518773054357,17.95497846008738,0.3553903102874756,0.29952239990234375,0.766183078289032,0.7605583292753947,0.6432495713233948,0.09224700927734375,0.029827200807631016,0.4321194887161255,1
12.344522257189048,3789.9033535289113,0.787896488620104,0.25059359860694286,7.6998165789453985,0.32168298959732056,0.1847696602344513,0.7521524429321289,0.6980355428881283,0.6082706451416016,0.9351997375488281,0.021977503784000874,0.2665659785270691,0
16.520118818138474,1449.0003122342687,0.9224963960711138,0.6590695722427498,36.10112421015741,0.7424447536468506,0.8291287422180176,0.697245717048645,0.3794059615069051,0.2675802707672119,0.8364372253417969,0.02445109561085701,1.1961798667907715,1
7.577724575293022,11358.157937393707,0.6158677501921724,0.0,104.53061223028355,0.3743176758289337,7.444290637969971,0.2998046576976776,-0.13806498957513946,0.3135618269443512,0.7571258544921875,0.009726094547659159,10.739842414855957,0
12.489175042438816,3665.7501129357993,0.7891778168868028,0.0,49.328702907156355,0.30124640464782715,8.66214656829834,0.2552216053009033,0.12722975283039653,0.14300698041915894,1.0,0.005297836614772677,12.49683666229248,0
4.467233683071416,23246.468843005954,0.3728849937375138,-0.009854057705296414,128.26209774642484,0.34416520595550537,6.796674728393555,0.21621891856193542,-0.6039886138536054,0.606752336025238,0.4915618896484375,0.03483154531568289,9.80552864074707,0
20.397579428018528,593.3656728316327,0.8794191361768535,0.20207514319253786,2.535495045201669,0.45990699529647827,0.40298619866371155,0.7361288666725159,0.3742708144560672,0.2574270963668823,1.0,0.016053308732807636,0.5813864469528198,1
17.849065344178445,1067.0231119791667,0.852673248977742,0.0,23.41260761867951,0.6346152424812317,6.71117639541626,0.40266263484954834,0.296734657749411,0.2058238536119461,0.9747352600097656,0.009423871524631977,9.682181358337402,0
11.192559833736933,4941.108351934524,0.8329548111718943,0.2591206135163098,11.780731775771478,0.4533320963382721,0.8297531604766846,0.5667450428009033,0.13776064596789242,0.42190995812416077,0.6331634521484375,0.04986528679728508,1.1970808506011963,0
15.950673960770061,1652.0111142113096,0.8915023232662808,0.24545315491447522,7.156808201449543,0.4395996034145355,0.17836789786815643,0.8094905614852905,0.71266467040205,0.4165211319923401,0.6841812133789062,0.026371246203780174,0.2573304772377014,1
7.239547289622918,12277.943538743622,0.5456471869192476,0.11589430749323741,101.14630519896676,0.41510286927223206,9.533371925354004,0.2548030912876129,-0.4690329875334639,0.36316782236099243,0.02919769287109375,0.031609549187123775,13.753747940063477,0
17.908916567477384,1052.4190582482993,0.7732860794934191,0.11979648390673865,5.4438976861780475,0.3491968810558319,0.03444218635559082,0.9023038744926453,0.8984853693887684,0.5367794036865234,0.4979972839355469,0.032747684977948666,0.04968956112861633,1
13.535183981444723,2881.124083227041,0.9745210381725146,0.5703691914290008,9.607063332075386,0.5392263531684875,0.33907845616340637,0.7341158986091614,0.3783153274391248,0.23784255981445312,0.9755897521972656,0.01628503855317831,0.4891868233680725,0
15.44493772510343,1856.0368237138605,0.9573112179066878,0.38563014635247544,4.1746651254539575,0.5005274415016174,0.028716716915369034,0.9119499325752258,0.9623363667885728,0.4324106276035309,0.36925506591796875,0.01956772431731224,0.04142948240041733,0
12.42001936383998,3724.5895846619896,0.8153544055431493,0.32368801812300685,52.83755205911706,0.6455121040344238,3.7776827812194824,0.47560590505599976,0.21590229813771072,0.10120659321546555,1.0,0.012063411995768547,5.450043678283691,0
14.530038131839277,2291.271471088435,0.8225903679427952,0.0,22.48650749654957,0.6584593653678894,5.803742408752441,0.5184152126312256,0.7283070927515533,0.2370699793100357,0.8922691345214844,0.011335061397403479,8.373029708862305,0
16.603719988905308,1421.373983577806,0.8095411435157729,0.2775318404226859,20.008191157633913,0.5215955376625061,7.285036563873291,0.5475725531578064,0.19719649360320965,0.478834331035614,0.3212928771972656,0.01873827911913395,10.510086059570312,0
20.004502398488157,649.5762250212586,0.9860356474344202,0.6515696560462008,8.124202970721198,0.7204816341400146,0.5096784830093384,0.8155094385147095,0.6101348894060014,0.18231520056724548,1.0,0.023586117662489414,0.7353106737136841,0
12.55569262840769,3610.0323860012754,0.6877891273347572,0.0,47.65664870579529,0.5134105682373047,12.16598892211914,0.2725406885147095,0.06441079783783091,0.12513086199760437,0.2846488952636719,0.010114994831383228,17.55181312561035,0
9.052619910904236,8087.5759061437075,0.6580675012520537,0.0,92.93877547789155,0.4333127737045288,14.895970344543457,0.06895726919174194,-0.5329247302516774,0.2998281419277191,0.7844696044921875,0.010799722746014595,21.49034309387207,0
11.285134562813921,4836.8977266687925,0.5487680663460399,0.0,48.550721339261074,0.3365241587162018,16.299495697021484,0.07405931502580643,-0.0023830902615433083,0.34979838132858276,0.9677886962890625,0.02293587662279606,23.515201568603516,0
16.339784648273717,1510.4344972363945,0.7915862340558768,0.0,30.864775997819308,0.6855795383453369,7.73361349105835,0.5106624364852905,0.43105796608394287,0.23395617306232452,1.0,0.014816910028457642,11.157245635986328,0
20.738734268303176,548.5382719494048,0.9847507476138591,0.443858219497372,7.311483570667823,0.6978393793106079,1.2968847751617432,0.7985092401504517,0.7362603446328294,0.17674003541469574,0.7348403930664062,0.014241702854633331,1.8710092306137085,0
4.351581633192482,23873.835525616498,0.3424611616414292,-0.0044934075335820505,132.01967085935468,0.26209506392478943,15.2368803024292,0.0855189710855484,-0.4659981480701843,0.4759068787097931,0.000499725341796875,0.02393435826525092,21.982173919677734,0
8.878121233246674,8419.149812659438,0.8167849644845716,0.14963082359041827,80.38131781798313,0.6424029469490051,2.1419224739074707,0.24657206237316132,-0.03781539941392588,0.3593117296695709,0.8813591003417969,0.018897007685154676,3.0901410579681396,0
10.125238055118759,6317.664447810374,0.8962157726620651,0.6039966947772359,78.71932794664981,0.6586441397666931,3.6701407432556152,0.09861288964748383,-0.0462823963770687,0.2023811638355255,0.94537353515625,0.010708714369684458,5.294893741607666,0
16.316679890127045,1518.4915231717687,0.7429811067158075,0.0,29.396205396216992,0.2608352601528168,14.821492195129395,0.14002710580825806,0.191903100495609,0.5448731184005737,0.8099861145019531,0.006275915424339473,21.38289451599121,0
6.726600462449884,13817.20861235119,0.5740599317539307,-0.0003967847935840394,111.66127256472407,0.3404403328895569,10.259979248046875,0.16342474520206451,-0.23574250777541178,0.47755196690559387,0.5557670593261719,0.014689620584249496,14.802021026611328,0
10.356603617217289,5989.905891262755,0.6288358330582974,0.25413492927413206,72.62354541623199,0.5223228931427002,1.886594295501709,0.5418925285339355,-0.37205540352935573,0.33270809054374695,0.6087875366210938,0.026709439232945442,2.721780300140381,0
4.638172058991471,22349.260363520407,0.3771523511872697,-0.003014879814076034,133.00942712418944,0.2711132764816284,7.012612819671631,0.24724969267845154,-0.3511792063778118,0.5069441795349121,0.3123931884765625,0.02732775639742613,10.11706256866455,1
18.380121101121766,944.2092501062925,0.8634369535801475,-0.0005409796911517837,5.946807283282863,0.48507919907569885,0.07613587379455566,0.8597935438156128,0.9495375634569686,0.16430911421775818,0.02524566650390625,0.01067763939499855,0.10984084010124207,0
11.776072885374699,4319.8938204187925,0.7376660475904021,0.0,58.24443971578947,0.5017409324645996,9.1979341506958,0.43154096603393555,0.1679657916358757,0.29665133357048035,1.0,0.012085648952051997,13.269814491271973,1
11.493725043112473,4610.073574351615,0.7634002057557486,0.0,47.88911024599039,0.36570847034454346,8.983942031860352,0.31979429721832275,0.08210449279934046,0.2203567624092102,1.0,0.010090116178616881,12.961088180541992,0
17.14609771111786,1254.4997807716836,0.9885708168424191,0.0,7.021225272981358,0.6163871884346008,0.2648657560348511,0.8654735088348389,0.9316671043533344,0.2860572040081024,0.7040443420410156,0.013944577891379595,0.3821205198764801,0
22.482837066328752,367.1103714923469,0.9943464781995038,0.5314364860208098,4.2187699268097445,0.8092162609100342,0.15008220076560974,0.8960060477256775,0.948182623910645,0.0877659022808075,0.4193305969238281,0.01623339019715786,0.21652284264564514,0
12.884465121699309,3346.831506430697,0.6010605588156206,0.0,34.21964684218716,0.3270328640937805,15.04054069519043,0.11525430530309677,0.047911138053716724,0.3064022660255432,1.0,0.01355796866118908,21.69891357421875,0
14.311770520283211,2409.368947969813,0.5598313089253166,0.0,38.63151695371471,0.34871456027030945,15.15008544921875,0.12741151452064514,0.3519329682022956,0.3668479919433594,0.9645881652832031,0.013972598128020763,21.856952667236328,0
14.29800295335925,2417.019006430697,0.8399813079127587,0.6513204482789317,47.26634274035209,0.6351252794265747,5.373663425445557,0.5138313174247742,-0.19741407369386632,0.24343836307525635,0.7281532287597656,0.021253912709653378,7.752557277679443,0
14.74711303773028,2179.561144770408,0.6610099173300771,0.0,37.47875484132674,0.5324560403823853,13.117409706115723,0.23523198068141937,0.13712355250061437,0.39193418622016907,0.433349609375,0.012855686713010073,18.924421310424805,1
21.034842028522394,512.3847058354592,0.9192444786180943,0.3111612581209972,12.499302379232294,0.6387010216712952,3.156219005584717,0.7273796200752258,0.6414928584283103,0.15365895628929138,0.9028587341308594,0.00972025515511632,4.553461074829102,0
5.6696472461377425,17624.452566964286,0.6106934864606134,0.0,130.03633212571984,0.35652804374694824,17.941997528076172,0.011898119002580643,-0.23700535591187594,0.16496892273426056,0.39078521728515625,0.009611664107069373,25.88483238220215,0
12.553983426276947,3611.453423947704,0.7336349670624537,0.0,49.328902273911424,0.27410826086997986,16.69589614868164,0.059091996401548386,0.04624129647350453,0.2933768033981323,1.0,0.006966510321944952,24.087085723876953,0
14.755946499419812,2175.1324670493195,0.876938651280471,0.5186306800764457,43.900569846450495,0.6497504115104675,3.1364552974700928,0.6001076102256775,0.19977270660528976,0.2882799506187439,0.6711692810058594,0.017688962630927563,4.5249481201171875,1
9.104102648888912,7992.269059576955,0.7012389650006089,0.31099848380738837,84.51317379197793,0.42449912428855896,3.243741035461426,0.35347574949264526,-0.3282577536738159,0.4426144063472748,0.8431358337402344,0.020099010318517685,4.679729461669922,0
9.162501116753338,7885.518395248724,0.5976123266709489,0.0,83.33404449673961,0.3657245635986328,11.699825286865234,0.22825653851032257,0.18695250729705024,0.363355815410614,0.929901123046875,0.01574151497334242,16.87928009033203,1
8.15013104061568,9955.595822704081,0.7927719426344619,-0.0025228163430317803,90.4031607676462,0.4792209267616272,4.8491315841674805,0.07529497146606445,-0.1808367097633678,0.26746678352355957,0.9131851196289062,0.013377980329096317,6.995819091796875,0
17.36462781270997,1192.9371944090135,0.9352074868357181,0.0,12.447763773587813,0.6162726283073425,1.620810866355896,0.7033641338348389,0.8548636899716753,0.19128376245498657,0.3581581115722656,0.011136062908917665,2.3383359909057617,0
17.569134896095942,1138.0644863414116,0.8007802463308176,-0.0008427435199665019,6.883151208419106,0.30136314034461975,0.05159710347652435,0.887715220451355,0.9614732999775519,0.29114943742752075,0.9442825317382812,0.011140862479805946,0.07443888485431671,0
6.908135566392424,13251.553803943452,0.9713371150884565,0.0,27.19513321704029,0.6818090081214905,16.782352447509766,0.13151705265045166,-0.06459807072487277,0.15908406674861908,0.9355926513671875,0.010985762113705277,24.21181869506836,0
17.443677872570547,1171.4198355123299,0.8512320948327299,0.0,27.042071937994848,0.7847704887390137,9.974279403686523,0.37372449040412903,0.1165257382891593,0.19993533194065094,0.9618377685546875,0.012647687457501888,14.389843940734863,0
7.836369592339169,10701.46909545068,0.628649518510527,0.09634839727105843,94.50127537430085,0.32337015867233276,8.099489212036133,0.19738522171974182,-0.41566507160182276,0.3836260735988617,0.1698150634765625,0.013171948958188295,11.685093879699707,0
12.026198628868926,4078.1246678358843,0.853831337458373,-0.001316477814932775,5.49720976624802,0.30699145793914795,0.12350942194461823,0.7954400777816772,0.8653551510093815,0.4296717941761017,0.6553459167480469,0.023551708087325096,0.17818644642829895,0
8.000413310398718,10304.78724888393,0.5536901410705061,0.0,96.10869728979412,0.3576194643974304,14.130090713500977,0.1240234449505806,-0.3893230260131544,0.35768333077430725,0.8250694274902344,0.014444678090512753,20.38541030883789,0
6.91483106977755,13231.139668367347,0.47848060719234287,0.0,93.65226373538924,0.19972611963748932,12.243854522705078,0.24695073068141937,0.01598795697898058,0.5372055172920227,0.5221939086914062,0.014035301748663187,17.664148330688477,0
7.19562314548821,12402.751614317602,0.5350926697719868,0.17725859997073187,105.73108718900247,0.48260775208473206,9.790566444396973,0.3540736734867096,-0.08719382897597476,0.4401538670063019,0.244415283203125,0.014664185233414173,14.124801635742188,0
25.2984545038684,191.97068319515307,0.9845382007373269,0.0,7.269511329639948,0.8649056553840637,2.4171338081359863,0.6674904823303223,0.6728810358765906,0.04838934540748596,1.0,0.007365470286458731,3.487186908721924,0
15.744027095441968,1732.5175847682824,0.8171349125144164,0.0,29.358856813610714,0.5827654600143433,9.155409812927246,0.42546236515045166,0.29100767836180613,0.3168831169605255,0.5318794250488281,0.012772190384566784,13.208463668823242,0
16.23673966809473,1546.7010987988945,0.9040508479358685,0.0,31.286969833165244,0.5760027170181274,5.625354290008545,0.5178173184394836,0.3341160766497527,0.23938922584056854,0.7433891296386719,0.008770266314968467,8.115671157836914,0
29.34497310055945,75.6106637967687,0.9834131402320097,0.0,4.52477276652996,0.8897361755371094,0.3187897205352783,0.9033601880073547,0.9843067613003478,0.022296248003840446,0.9961280822753906,0.009168084245175123,0.4599163234233856,0
13.839880996003654,2685.914979272959,0.6850052538348144,0.0,34.91362394777908,0.3876505494117737,11.084993362426758,0.23413585126399994,0.33798883180871914,0.2436179667711258,0.7319488525390625,0.007835380150936544,15.992263793945312,0
18.580792158694493,901.5735145620748,0.8434490176109946,0.0,13.407047120869512,0.5890984535217285,3.743021011352539,0.6647002696990967,0.8643761030234284,0.19748057425022125,0.8847541809082031,0.00997394323348999,5.400038242340088,0
19.579210351181725,716.4061835671769,0.977935261541822,0.3046718837782231,5.692821413366693,0.6163984537124634,0.3450829088687897,0.8064014315605164,0.7139141825799763,0.4422469437122345,0.3815803527832031,0.01558834221214056,0.4978494346141815,0
17.467446335671436,1165.0262941113945,0.8706341907394154,0.09983918856916192,5.04099579183278,0.5085688829421997,0.34070318937301636,0.8503268957138062,0.6907375557185218,0.340533584356308,0.6067008972167969,0.01955350488424301,0.49153077602386475,1
20.011878206624925,648.4739583333334,0.970043107558434,0.4197462406166979,15.77078655490597,0.7946775555610657,11.276611328125,0.36818403005599976,-0.010936389786005122,0.1622423380613327,0.8816261291503906,0.023258203640580177,16.26871109008789,0
28.32350602016751,95.65986394557824,0.9804967547404803,0.5425772871482126,5.256218082701991,0.8840459585189819,1.2626185417175293,0.8617864847183228,0.9229090053805583,0.06570784747600555,0.7128982543945312,0.013720081187784672,1.8215734958648682,0
21.81208386572539,428.42220716411566,0.9541142994765648,0.3892905629029106,7.556979372746747,0.6657918691635132,0.6239258050918579,0.7935267686843872,0.8968488082432735,0.17805901169776917,0.5117340087890625,0.014579636044800282,0.9001346826553345,0
7.382666965725358,11879.9240539966,0.75899640023368,0.0,30.575334608621432,0.26041966676712036,1.8165501356124878,0.7089046239852905,0.5277961911233027,0.4381749629974365,0.18010330200195312,0.021899497136473656,2.620727300643921,0
6.298358714078387,15249.109727093963,0.5843944265925766,0.0,93.30161811849595,0.31943702697753906,14.218497276306152,0.1458665430545807,-0.40584088672536023,0.4449443221092224,0.1886138916015625,0.023835885804146528,20.512956619262695,0
5.833947536022564,16970.14711548682,0.5624338789284307,0.0,111.72741946982427,0.13780391216278076,16.681293487548828,0.012735171243548393,-0.10512929837813849,0.3523919880390167,1.0,0.007893580244854093,24.066017150878906,0
16.91068593842537,1324.377418154762,0.6572638737359027,0.0,24.26466830214006,0.5330163836479187,10.888748168945312,0.33402422070503235,0.5602414443270861,0.29335153102874756,0.5933303833007812,0.009650965221226215,15.709141731262207,0
18.570865484291453,903.6365991709183,0.9507405851997495,0.44269546496993245,4.959063816725312,0.5694182515144348,0.04866568371653557,0.8992944955825806,0.911552495402701,0.28486689925193787,0.31850433349609375,0.017284160014241934,0.07020971924066544,0
15.57583662863059,1800.9294416985545,0.8354610001154028,0.208232425334794,32.960757969499525,0.6097234487533569,3.226099729537964,0.6147161722183228,0.7571395861128393,0.1797032654285431,0.9747505187988281,0.01279203174635768,4.65427827835083,0
13.651397995778389,2805.0497050382655,0.6187632884978778,0.0,45.188376853235155,0.35733354091644287,13.273026466369629,0.20422114431858063,-0.09904057192680056,0.3233683407306671,0.6313819885253906,0.011812656885012984,19.148929595947266,0
27.58928975696196,113.27951610331633,0.8961677065290238,0.0,1.2433433012480342,0.49178266525268555,0.03469124436378479,0.9268375039100647,0.9698638960230009,0.19821403920650482,0.5528717041015625,0.014283463824540377,0.05004889518022537,0
16.2496153709364,1542.122322757228,0.8574999126344706,0.4630986137470404,5.10339604488048,0.5695323348045349,0.16116639971733093,0.799406111240387,0.4111570836150042,0.5276944637298584,0.3416595458984375,0.02671708259731531,0.23251396417617798,0
18.763953235616242,864.3408468856293,0.7873948179060841,0.0,20.005161922347263,0.42657342553138733,12.471718788146973,0.23734453320503235,0.26735180541661724,0.26530706882476807,0.8046684265136719,0.007647601654753089,17.99288558959961,0
7.4632027247420005,11661.652297247023,0.623347743489103,0.0,96.30978954954278,0.28405705094337463,13.72125244140625,0.008131377398967743,-0.22802461585034534,0.45693767070770264,0.092926025390625,0.011094062123447657,19.795581817626953,0
10.825744768512795,5376.57717501063,0.3426333101720572,0.0,63.46769362972819,0.22624827921390533,15.98564624786377,0.10200095176696777,-0.0970214480781961,0.2707398533821106,0.9993553161621094,0.009237625636160374,23.06241226196289,0
17.486135347434487,1160.0236035820578,0.9496954559228403,0.49820529027661775,6.02451380493433,0.4984443783760071,0.08263228833675385,0.8516222834587097,0.7493027029364173,0.4641607999801636,0.5010223388671875,0.014408293645828962,0.11921320110559464,0
20.826569186179466,537.5556640625,0.9867518449269621,0.0,21.315848056407162,0.8155112266540527,1.7181332111358643,0.30974969267845154,-0.0003464435801122728,0.12122008949518204,0.8865013122558594,0.007935674162581563,2.4787421226501465,1
12.0298804635814,4074.6688058035716,0.864298429053855,0.0,14.320093389271818,0.49312469363212585,0.37296226620674133,0.6398078799247742,0.6693036695529612,0.15326040983200073,0.9056892395019531,0.0254832711070776,0.5380706191062927,0
8.515424573252577,9152.461349383504,0.634401632749629,0.4034967507887867,93.90904012525752,0.5576212406158447,8.296483993530273,0.19710618257522583,-0.4603280596138694,0.25542891025543213,0.5332984924316406,0.01177683612331748,11.9692964553833,0
7.586699515304644,11334.709901147959,0.49797454676569186,0.0,96.98919793903427,0.27897605299949646,17.032804489135742,0.049585457891225815,-0.3573266212174421,0.25055617094039917,1.0,0.009678489062935114,24.573143005371094,0
13.949395273333565,2619.0321734162417,0.7734163303291998,0.5578563021305121,9.753487757063368,0.30849793553352356,0.27671003341674805,0.716398298740387,0.7104442437900969,0.4089834988117218,0.9444580078125,0.024356253445148468,0.3992083668708801,1
12.323848637282946,3807.987351190476,0.9773338669322036,0.7186373214726263,12.629623573740306,0.5788655281066895,0.16598932445049286,0.7852160334587097,0.7676194379484583,0.20344653725624084,0.9607467651367188,0.021083002910017967,0.23947198688983917,0
9.70352712317576,6961.897879464285,0.8386127045887589,0.6107534271071825,59.6637234235488,0.580586314201355,2.785149574279785,0.5230189561843872,0.01383429035032727,0.36269333958625793,0.9337005615234375,0.03207500837743282,4.018121719360352,0
5.961692094844089,16478.252424798044,0.5449635015719935,0.03826128549702313,85.76512674275688,0.37775760889053345,5.500783920288086,0.3236607313156128,-0.4630515217883119,0.5679265856742859,0.10327911376953125,0.029829813167452812,7.935953617095947,0
21.491156034755925,461.28014057185374,0.966227617549402,0.38061979790320505,8.526387178302532,0.6311294436454773,0.9849880933761597,0.8437699675559998,0.8487268469067522,0.2218668907880783,0.5121307373046875,0.01855066791176796,1.4210374355316162,1
23.34148430501746,301.2533814306973,0.9932924124818002,0.7214220774197239,6.049824998793936,0.7804083824157715,0.20290310680866241,0.8876355290412903,0.820738683764356,0.20871546864509583,0.9144821166992188,0.020609509199857712,0.2927272915840149,0
17.974581842839566,1036.626189147534,0.9473360248785769,0.37163413301459913,23.45069352602096,0.6997755169868469,1.2901062965393066,0.754304826259613,0.7681511634750254,0.23715822398662567,0.4188690185546875,0.01800380554050207,1.8612303733825684,0
6.093113146818043,15987.076244951106,0.5775111959796654,0.0,112.36463656474669,0.2745734453201294,17.243995666503906,0.035514988005161285,-0.2942947574746665,0.25870150327682495,0.8068885803222656,0.011303066741675138,24.877826690673828,0
16.312447412997184,1519.9721115008504,0.8377143814578629,0.23021724823273468,6.732521501107771,0.3790419101715088,0.41268569231033325,0.6618103981018066,0.36506087681366406,0.32993990182876587,1.0,0.012447068002074957,0.5953794717788696,1
15.841906736268545,1693.9074856505101,0.9340968849584913,0.0,6.141601546661673,0.33370277285575867,3.1772193908691406,0.12962372601032257,0.01827811366099481,0.2530800998210907,0.9630966186523438,0.0055743197444826365,4.58375883102417,0
9.109678646279178,7982.014203337585,0.685981421324734,0.022758888793181685,18.133011693261857,0.2589304447174072,0.3105733394622803,0.6790298223495483,0.6300264785606743,0.45763230323791504,0.08611679077148438,0.02500578947365284,0.44806259870529175,0
14.273158406011762,2430.885596035289,0.9718908948743034,0.7626759005069157,7.282226638974565,0.677603006362915,0.27512112259864807,0.7614397406578064,0.7729420191279259,0.34333550930023193,0.02962493896484375,0.01961482409387827,0.39691588282585144,0
12.6504957298783,3532.0820843962583,0.96801943769688,0.24743790242149757,12.836455766240853,0.5055254697799683,0.25270992517471313,0.732421875,0.5763164815795019,0.2519727647304535,0.2886962890625,0.012171836569905281,0.3645833134651184,0
13.883291565263299,2659.201238307823,0.6875683118655828,0.5275790660922813,42.71693661104292,0.6035905480384827,6.428973197937012,0.529296875,-0.046866389961389136,0.3573099672794342,0.6960601806640625,0.0166387977078557,9.27504825592041,0
8.046682598255096,10195.583858152637,0.548278086745271,0.0,89.72205835442313,0.46356067061424255,16.664146423339844,0.07995854318141937,-0.0953445553874481,0.1560131311416626,0.96490478515625,0.006967373192310333,24.04128074645996,0
22.589275364896316,358.22247023809524,0.9226902360033344,0.31390380265523404,2.326211687696463,0.49022695422172546,0.09883762896060944,0.862723171710968,0.7872092825226742,0.41010648012161255,0.21004486083984375,0.0189692759886384,0.14259254932403564,0
8.28043463285723,9661.329579878826,0.848591045775992,0.6460639598169964,98.19310011795903,0.7906889915466309,7.048985481262207,0.03533561900258064,-0.013141343239935805,0.15743732452392578,0.9285545349121094,0.008893975056707859,10.169535636901855,0
14.411127210457884,2354.873810852466,0.8673766578203919,0.0,32.381775776329405,0.7326053380966187,5.549264907836914,0.5438655614852905,0.42128546078952117,0.1823841780424118,0.8646926879882812,0.019128612242639065,8.005897521972656,0
18.359603879846397,948.6804979804422,0.9498152176212435,0.23936003531340985,20.75444435147558,0.782656192779541,3.111508369445801,0.693379282951355,0.679291330294109,0.16005288064479828,0.948944091796875,0.010071748401969671,4.488957405090332,0
12.73796994159891,3461.651686065051,0.9823863241603307,0.7023892779728917,5.551438915942087,0.7370831966400146,0.23852930963039398,0.8780094385147095,0.8617363180929528,0.22920623421669006,1.0,0.0364117044955492,0.34412503242492676,0
19.060604558358524,807.2720291241496,0.9704191481536364,0.0,8.053571498127486,0.7892752885818481,1.7645447254180908,0.7550422549247742,0.816257209583876,0.12584689259529114,0.9510231018066406,0.00949685974046588,2.5456998348236084,0
17.03618894277748,1286.653087797619,0.9118602275166469,0.25216277791740493,17.970125226093757,0.7343525886535645,2.043132781982422,0.6692641973495483,0.6761310542279287,0.19150111079216003,1.0,0.019059459678828716,2.947617530822754,0
17.429538963254203,1175.2397294855443,0.8562524062763878,0.0,10.777822123575374,0.24715664982795715,0.26697883009910583,0.8553491234779358,0.8822917188351659,0.34297630190849304,1.0,0.011040613986551762,0.38516902923583984,0
19.24629770733764,773.4826743197278,0.9024307252033128,0.0,15.036312181010992,0.6219841837882996,2.222878932952881,0.6561304330825806,0.7528419090286089,0.23007743060588837,0.6465988159179688,0.013326016254723072,3.2069363594055176,0
22.400041547279397,374.1762396364796,0.9410976206957485,0.22388706341815384,16.702267932189358,0.931549072265625,4.454141616821289,0.6328125,0.4889667167679249,0.05541137605905533,0.8781814575195312,0.015993862878531218,6.425968170166016,0
25.21444463304381,195.72031117134352,0.8867567763639825,0.1901169669058375,1.4698260347176773,0.5395678281784058,0.037624385207891464,0.8998923897743225,0.9117110003444833,0.2775396406650543,0.95489501953125,0.015345322899520397,0.05428050830960274,1
16.25349959652032,1540.7437021683672,0.8469815552871933,0.2604333445541649,4.39869662760719,0.4928722381591797,0.0724886953830719,0.8540138006210327,0.8057566709328462,0.36743679642677307,0.91375732421875,0.020507769659161568,0.10457906872034073,0
15.072456066615986,2022.2495814732142,0.9527287671237529,0.3911173860204687,8.182238528018148,0.6016988158226013,0.12484033405780792,0.8145726919174194,0.8482728277910798,0.22578974068164825,0.7505950927734375,0.011980299837887287,0.180106520652771,0
14.44189781847843,2338.248040231718,0.7762042921184115,0.0,24.030751772248742,0.49136215448379517,6.372800350189209,0.5027702450752258,0.33444055263383593,0.2645258903503418,0.000579833984375,0.008262750692665577,9.194005966186523,0
12.21809880525684,3901.8491974914964,0.6561385884404628,0.0,47.68205922469504,0.6545001864433289,11.466165542602539,0.30046236515045166,0.2177219985804823,0.19744046032428741,0.8368415832519531,0.008277321234345436,16.54218101501465,0
10.638919427518704,5612.914388020833,0.5560450449412526,0.0,61.24890394649749,0.27661487460136414,16.212892532348633,0.09691884368658066,0.009443179643069927,0.23667724430561066,0.9969596862792969,0.011053187539801002,23.3902587890625,0
10.388174966573995,5946.519730548469,0.7789563078492446,0.13546105493314098,45.77515141581363,0.4346802830696106,4.192188262939453,0.2725207209587097,-0.12274689697152696,0.29330942034721375,0.8645744323730469,0.028484879061579704,6.048048973083496,0
13.420762024840208,2958.0407897534014,0.8066129455313262,0.5231704633337296,52.5988718130235,0.6392081379890442,6.291679859161377,0.5229592323303223,0.10479389659862214,0.18700428307056427,0.5245704650878906,0.017204245552420616,9.076974868774414,1
6.904668640630978,13262.136599170919,0.5787666846728216,-0.00447827433057783,102.14329560361044,0.28693851828575134,2.550039052963257,0.2470703125,-0.5405782777008182,0.3364238142967224,0.30963134765625,0.03384348377585411,3.6789278984069824,0
22.139490034912058,397.31170280612247,0.9138908467148916,0.2539844187306063,2.687759160519279,0.5717154145240784,0.09979411959648132,0.8390465378761292,0.8766323156358973,0.2630966305732727,0.9395790100097656,0.012423459906131029,0.1439724862575531,0
13.353523436590496,3004.194296077806,0.5474622691715239,0.0,40.49362242495023,0.16865472495555878,10.015470504760742,0.3505859375,0.3413789190423546,0.4267634451389313,0.9892234802246094,0.014354715589433908,14.449270248413086,0
8.302800749421763,9611.701743197278,0.6852914864532197,0.15995263285124334,96.93650338666518,0.5482296943664551,12.288558959960938,0.2755500376224518,-0.27740970258803366,0.2223927527666092,1.0,0.015929199755191803,17.7286434173584,0
6.8549707517410505,13414.771690316751,0.5949571661999681,0.051295261211645814,103.3571627074863,0.28481346368789673,6.048939228057861,0.11116869002580643,-0.2880398548859832,0.40392664074897766,0.9690170288085938,0.022641337476670742,8.726774215698242,0
9.598572662981224,7132.193126860119,0.6698283587597469,0.0,80.4023039817169,0.27999213337898254,12.281755447387695,0.23862004280090332,-0.10843052996886823,0.3014151453971863,0.9120864868164062,0.0154213085770607,17.718828201293945,0
12.430369919118448,3715.7233272215135,0.6355778326382279,0.0,39.73244182141118,0.217321515083313,4.934872150421143,0.47660237550735474,0.38136327605033776,0.3775777816772461,0.4484100341796875,0.012781493132933974,7.119515895843506,0
9.332531555284753,7582.758164593963,0.21815353294988052,0.0,68.52570954027406,0.254717081785202,15.659646987915039,0.10827885568141937,0.29965393721022354,0.361846923828125,0.881439208984375,0.008507140213623643,22.59209442138672,0
18.28132752895542,965.9343444409013,0.6316393951030381,0.5624665118095186,25.554767679357205,0.5392609238624573,7.477607727050781,0.5579958558082581,0.027228290146436022,0.2494930624961853,1.0,0.013434832450002432,10.787906646728516,1
16.825684767981876,1350.5537840136055,0.892881173982121,0.34952058024957405,7.506357593155054,0.4884122610092163,0.031141702085733414,0.9113719463348389,0.9582347176820565,0.14558656513690948,0.2066802978515625,0.016328977420926094,0.04492798447608948,0
17.079633011057624,1273.8463873830783,0.9218565976426958,0.0,20.922353223495318,0.6738023161888123,7.041882514953613,0.5315090417861938,0.18913607956779457,0.1617957502603531,0.9511222839355469,0.00880627753213048,10.159287452697754,0
5.796706804639527,17116.291746386054,0.38971316540683787,0.0,107.352220326869,0.24274571239948273,17.955610275268555,0.005002391524612904,-0.18609476204852632,0.30456939339637756,0.9903755187988281,0.008477597264572978,25.904470443725586,0
27.41175810927662,118.00612510629252,0.9614990823546088,0.3491995933389893,0.8910435055483894,0.7397022843360901,0.037675246596336365,0.9043765664100647,0.8660894271461488,0.15668731927871704,0.9249267578125,0.01993601117283106,0.054353903979063034,0
5.057950808962589,20290.151041666668,0.3900250031373815,0.046560540966896304,117.22470897752189,0.3103347718715668,11.749144554138184,0.26873403787612915,-0.05414443264349274,0.38062456250190735,0.3032569885253906,0.022707407362759113,16.950429916381836,0
24.14893165983509,250.14233232355443,0.8737015141953338,0.2840887864669158,1.649254333294387,0.5181227922439575,0.0281080212444067,0.916434109210968,0.9348991840313786,0.25055426359176636,1.0,0.01601298898458481,0.04055130481719971,0
9.267317888645097,7697.480050223215,0.5863423875069179,0.0,56.49754863289553,0.33201199769973755,8.859762191772461,0.46207350492477417,0.7842370202157433,0.36566799879074097,0.8113632202148438,0.010744123719632626,12.78193473815918,0
12.52790306988031,3633.2062606292516,0.7216996374534047,0.0,32.682975908518465,0.5011112689971924,10.477357864379883,0.34119898080825806,0.24038539844553392,0.2985120117664337,1.0,0.013153865933418274,15.115632057189941,1
12.049856141016416,4055.9701185161566,0.9108925191094476,0.4279846943254888,9.870077768169423,0.5311049222946167,1.042137622833252,0.5386240482330322,0.14722318211214677,0.38952675461769104,0.3125572204589844,0.02522094827145338,1.5034866333007812,0
9.660334888564474,7031.482043207908,0.6682439982811994,0.0,72.67079879468278,0.2718923091888428,10.475190162658691,0.2778818607330322,-0.09214284724066085,0.37888070940971375,0.35591888427734375,0.008365694317035377,15.112504959106445,0
18.181504094578074,988.393660980017,0.8330113381489938,0.0,22.730488674099004,0.4735766649246216,3.7075095176696777,0.4210977256298065,0.21745373761361145,0.22785696387290955,0.05931854248046875,0.00851061474531889,5.348804950714111,0
26.18568526207732,156.49909651360545,0.8786320504992757,0.28301947280429945,1.7133888984050074,0.5497452616691589,0.23769178986549377,0.7944235801696777,0.33216134968655936,0.2705747187137604,0.4734764099121094,0.012652707751840353,0.3429167866706848,0
8.26224481441393,9701.87957057823,0.5008441953882637,0.0,96.0030890886739,0.3575948476791382,16.65424919128418,0.05606265366077423,-0.35092307101515585,0.27267950773239136,0.99993896484375,0.010118905920535326,24.02700424194336,0
9.624196342995436,7090.236580569728,0.7468461427925209,0.27111126948507686,79.9243065908095,0.5257046222686768,4.383638858795166,0.2546237111091614,-0.379641016992376,0.18614085018634796,0.9173698425292969,0.01661176048219204,6.324254035949707,0
21.16209775349921,497.58878746811223,0.9481361606652428,0.16535059060118742,4.361806428078671,0.6001867651939392,0.0830455794930458,0.8665298223495483,0.8311325627197921,0.21555198729038239,0.8317985534667969,0.01489392714574933,0.11980944871902466,0
9.811419995857321,6791.072411777211,0.6040915637933125,0.0,69.10307715346951,0.38909342885017395,9.838967323303223,0.2800143361091614,-0.3561543762046401,0.3877827823162079,0.4876594543457031,0.009798003360629082,14.19463062286377,0
15.465508122483396,1847.2664753401361,0.950421044075418,0.42114252040765593,7.884127841148418,0.5276455879211426,0.1792813241481781,0.8011798858642578,0.5068999062099395,0.2438403069972992,0.8977546691894531,0.018384424969553947,0.2586482763290405,0
10.673726291938872,5568.109042835885,0.6477159081688044,0.0,64.11912070998702,0.4795965850353241,14.276359558105469,0.17753508687019348,-0.20436701549787528,0.2933751940727234,0.6604576110839844,0.013751683291047812,20.596433639526367,0
13.063832699896544,3211.419875372024,0.7218606488072101,0.0,38.40198492428555,0.5235753059387207,12.11674976348877,0.29308831691741943,0.4131303050582263,0.2141105830669403,0.8531684875488281,0.008861569222062826,17.48077392578125,0
15.872721128701118,1681.9312818877552,0.8102209537916748,0.26467860699388446,6.557099197621157,0.48948556184768677,0.10478672385215759,0.8238201141357422,0.5797091975416145,0.4038337171077728,0.9894142150878906,0.02431236021220684,0.15117527544498444,0
11.013737940112236,5148.806454613095,0.8029343106200885,0.38847582264732106,44.44005080056769,0.5854313969612122,2.5722837448120117,0.6517857313156128,0.8026139139914656,0.3907313346862793,0.9624595642089844,0.04148288816213608,3.7110211849212646,1
8.213177782471966,9812.113938934948,0.7103615177405036,0.41152912070937914,53.732441961752485,0.6896815299987793,1.9411338567733765,0.4794921576976776,0.06292948876730797,0.31895795464515686,0.3019561767578125,0.04196002706885338,2.8004634380340576,0
5.326644210344246,19072.865221088436,0.5169093493418739,-0.0008073210545366605,127.05219614892103,0.2340233325958252,11.12818717956543,0.0638950914144516,-0.21428479646222542,0.4069167971611023,0.604766845703125,0.013950476422905922,16.054580688476562,1
22.85112867098992,337.2620642006803,0.9104637782905844,0.4056108612987248,2.3957670471937536,0.5128041505813599,0.08430080860853195,0.8550302982330322,0.7594324043798613,0.26299452781677246,0.80133056640625,0.018734593875706196,0.12162036448717117,0
19.62236772369649,709.3222589817177,0.8663031869017683,0.0,20.867506292076193,0.6935163736343384,9.526430130004883,0.42002153396606445,0.424216619553016,0.18915635347366333,1.0,0.007689868798479438,13.743733406066895,0
17.624332911117865,1123.6914328231292,0.8816784825682614,0.0,7.0387836095023655,0.4683116674423218,0.04800241068005562,0.9114915728569031,0.9581851469665612,0.33714690804481506,0.7832221984863281,0.020303886383771896,0.06925283372402191,0
10.427056097491336,5893.519856770833,0.6612617137944267,0.0,63.296376657292356,0.44960808753967285,8.855467796325684,0.44136637449264526,0.3191165297391825,0.3449699878692627,0.5893707275390625,0.009541852632537484,12.775739669799805,0
10.403561004487656,5925.489875637755,0.6649368447614292,0.1706088886092299,64.84231490953272,0.4344649910926819,5.548829078674316,0.48282045125961304,0.02779763915813233,0.4332942068576813,0.6954269409179688,0.019434886053204536,8.005269050598145,0
17.854588926804475,1065.6668792517007,0.925713458697992,0.44013228500286483,4.848095060829292,0.510360836982727,0.09459227323532104,0.8530970811843872,0.9266682937706495,0.25751227140426636,0.8983497619628906,0.014702195301651955,0.13646778464317322,0
11.495894994931689,4607.770727040816,0.7076567224609226,0.3334722046647768,64.55000389742372,0.4885280132293701,5.027651309967041,0.32097017765045166,-0.05173857475286741,0.34078487753868103,0.7175483703613281,0.021591092459857464,7.253367900848389,0
23.007160514327303,325.36011240433675,0.8746304111122086,0.09708109411985985,3.7325017053983744,0.46310853958129883,0.09707452356815338,0.8249561190605164,0.761002101730093,0.24966777861118317,1.0,0.013025935273617506,0.14004892110824585,1
17.279777652312415,1216.4733405080783,0.8781066369950713,0.2612209417336348,3.9188258072159603,0.559949517250061,0.056939899921417236,0.8787468671798706,0.8932990883593306,0.27814099192619324,0.9412117004394531,0.027538739144802094,0.08214691281318665,0
18.817407463768106,853.7674917623299,0.8904907282239193,0.2311574843038086,5.674186757788732,0.4740644097328186,0.06108902022242546,0.8854233026504517,0.7616094933581128,0.29008057713508606,0.8464202880859375,0.01359529234468937,0.0881328284740448,0
9.54176093983312,7226.104983790391,0.3091950002748484,0.0,64.14716201301262,0.21141317486763,15.295276641845703,0.12352518737316132,-0.06450794952841282,0.34349775314331055,0.4115180969238281,0.011501547414809465,22.066417694091797,0
15.237626281072744,1946.783840880102,0.6341445369615386,0.0,33.41527816020291,0.23757357895374298,17.24993324279785,0.039560746401548386,0.05816465458444449,0.14151223003864288,0.9920692443847656,0.008402787148952484,24.88639259338379,0
22.75414037872377,344.8786604485544,0.6448239430517815,0.0,6.3083548456714755,0.37282997369766235,1.0557458400726318,0.46356824040412903,0.3971359532804636,0.22840149700641632,0.9976539611816406,0.008166990242898464,1.523119330406189,0
9.644052632513553,7057.893448394983,0.8120769672252759,0.1835262828487053,77.27501191894906,0.4949536919593811,4.910409927368164,0.07991869002580643,-0.13976052272313003,0.2718999683856964,0.953460693359375,0.010844775941222906,7.084224224090576,0
21.510473919310066,459.2328736181973,0.9300515692164428,0.17749160932401323,2.550023537072584,0.5473525524139404,0.031050056219100952,0.9160754680633545,0.9438366836874788,0.3536406457424164,0.6013450622558594,0.014405772089958191,0.04479575902223587,0
24.2640153485177,243.60086495535714,0.905123348851052,0.21908102523141929,1.969726508982971,0.3781978487968445,0.023711154237389565,0.925801157951355,0.9643485477655459,0.27928632497787476,0.6440277099609375,0.014902907889336348,0.03420796990394592,0
12.819681574487841,3397.130288052721,0.5354419470376357,0.0,49.349350334822304,0.3922225832939148,13.696553230285645,0.19722574949264526,0.28761718936442343,0.463782399892807,1.0,0.015088465996086597,19.75994873046875,1
11.577319915305115,4522.18546051233,0.7304327199109725,0.3660488320612974,60.45256690762009,0.42316243052482605,5.845205783843994,0.37635523080825806,-0.2837076352207663,0.32212403416633606,0.9485588073730469,0.021037543192505836,8.432848930358887,0
19.727310654463007,692.3876222363946,0.9904885012558835,0.5554932863744776,5.132174822956164,0.6475498676300049,0.12960147857666016,0.9131059050559998,0.9657186981626352,0.1736682951450348,0.10902023315429688,0.018785336054861546,0.1869754195213318,0
11.600877293211775,4497.722237723215,0.9863520364938811,0.8688647675026158,9.077666680794847,0.6653661727905273,0.7487170696258545,0.6028778553009033,0.43240308298004715,0.15427817404270172,0.8778610229492188,0.013702226802706718,1.0801703929901123,0
5.604353485488787,17891.428299053998,0.47607169308623126,-0.0018228632871884938,126.54735311081419,0.4199555218219757,8.690491676330566,0.1534598171710968,-0.6857647639109599,0.6218035817146301,0.43011474609375,0.02635765727609396,12.537729263305664,1
5.935257943422716,16578.85627258716,0.5343779271632975,0.0,134.960738248439,0.3375142812728882,18.382373809814453,0.005839445162564516,-0.24300768904730233,0.2716369330883026,0.9944953918457031,0.017490165308117867,26.520158767700195,0
11.819366618370868,4277.043812446854,0.6499151413721295,0.0,63.198580907451515,0.3091509938240051,17.456497192382812,0.05361128970980644,-0.0983907222101556,0.23553207516670227,0.8544845581054688,0.009290620684623718,25.184406280517578,0
18.641308175838702,889.0978156887755,0.9832713708336125,0.6852807440360601,6.355030325396546,0.6632415056228638,0.17057594656944275,0.7765067219734192,0.7508129613282003,0.1960713416337967,0.8023872375488281,0.02232632040977478,0.24608907103538513,0
11.148695995050256,4991.266528486394,0.7831167232007636,0.0,62.028499406851395,0.7219129800796509,10.657593727111816,0.33282843232154846,-0.34056281579194264,0.19042135775089264,0.9059333801269531,0.013527476228773594,15.37565803527832,0
11.247559381292946,4878.928152901785,0.8582633455025038,0.0,53.15638963951845,0.6320056915283203,2.0763580799102783,0.49041375517845154,-0.01912184623196918,0.23662716150283813,1.0,0.02008240297436714,2.995551824569702,0
18.621449696150446,893.1725991177722,0.898184684300826,0.0,4.451430969089714,0.4236834943294525,0.054242219775915146,0.8726083636283875,0.9347319028506172,0.4143931567668915,0.3857574462890625,0.015312612988054752,0.07825484871864319,0
16.826309606368717,1350.3594879357993,0.8300655359430795,0.20978433585059847,8.085459141671297,0.3830309212207794,0.0885486751794815,0.8483538031578064,0.9020049726877657,0.30775976181030273,0.6839447021484375,0.017594880424439907,0.12774871289730072,0
6.90993745034887,13246.056886426446,0.5007923125669014,0.06664413802173813,106.20687176832088,0.37248238921165466,9.171928405761719,0.28372129797935486,-0.544404801644154,0.5984745025634766,0.2585182189941406,0.023835099302232265,13.232295989990234,1
13.858857034891583,2674.204759247449,0.8200831232714548,0.358172623336762,45.862603728399925,0.7000938057899475,1.439274549484253,0.6549545526504517,-0.23208802458509173,0.2213740050792694,0.9210586547851562,0.02057589776813984,2.0764338970184326,0
15.234671681905674,1948.1087306016157,0.8862203501801486,0.5540353100996129,33.10020732520448,0.6725348830223083,1.7039347887039185,0.539042592048645,-0.1304338108339466,0.2815325856208801,0.40306854248046875,0.01440526731312275,2.4582583904266357,0
4.69486247257782,22059.421223958332,0.5040205457261372,0.0,146.438715548421,0.3534229099750519,17.993894577026367,0.007314254064112902,-0.3676329999753766,0.4213120639324188,0.5695610046386719,0.011771307326853275,25.959701538085938,0
12.794560176068693,3416.8376448235545,0.8244209136826226,0.0,37.46123654235643,0.3389182388782501,5.513147830963135,0.2690927982330322,0.050369307612553704,0.47062331438064575,1.0,0.016555798705667257,7.953790187835693,0
22.89575803598529,333.81400802508506,0.9077392493253372,0.2080437469366833,1.51544577778831,0.4866127073764801,0.0668725073337555,0.8805803060531616,0.7137157473655548,0.37905070185661316,0.4759941101074219,0.016999426297843456,0.09647664427757263,0
19.844864209210087,673.8976469494048,0.6732406815603015,0.07603880078480209,4.331074648580412,0.37744906544685364,0.022448908537626266,0.9184072017669678,0.9316670460875748,0.32945698499679565,0.22159576416015625,0.01819939725100994,0.03238692507147789,1
18.748712384134887,867.3794377125851,0.9243404948392168,0.4613526657283542,4.39582622610457,0.5717788934707642,0.18019668757915497,0.8390066623687744,0.6642249686824212,0.27769359946250916,0.9997177124023438,0.02476521860808134,0.2599688768386841,0
14.071142365452227,2546.6316034226193,0.6396644494645598,0.0,33.23834108303413,0.41395506262779236,12.068549156188965,0.2900988459587097,0.36291625908664993,0.33384430408477783,0.3061561584472656,0.011393446242436767,17.411235809326172,0
16.859122339727463,1340.1954121492347,0.8230595573360738,0.0,24.34408891006038,0.7069402933120728,5.779046058654785,0.4839564561843872,0.13730864431231896,0.16875344514846802,0.4158935546875,0.013116871938109398,8.337400436401367,0
6.815746561619251,13536.478714923469,0.9224791098142084,0.4690258417580815,25.881816103901393,0.4430105984210968,1.1266720294952393,0.475306898355484,0.30460872631790925,0.18344779312610626,1.0,0.011277882847934961,1.625443935394287,0
20.594334570254457,567.0833599064625,0.9077442574936494,0.0,12.78421947286881,0.5920475721359253,1.0666481256484985,0.8083943724632263,0.9044996701792308,0.2334972620010376,0.7930831909179688,0.010768560692667961,1.538847804069519,0
23.08130314725947,319.85271843112247,0.8891522143467291,0.33426217262896885,3.221540227018787,0.45925092697143555,0.07417798787355423,0.8434909582138062,0.8407621348323057,0.2770542502403259,0.8558883666992188,0.010943232104182243,0.10701622068881989,0
8.505204384988534,9174.025065104166,0.6003848415578229,0.0,83.58996344217074,0.5317320227622986,15.56986141204834,0.11637037247419357,-0.08340126324832735,0.3518299460411072,0.6856422424316406,0.009138370398432016,22.462562561035156,0
16.392143800726238,1492.3338182929422,0.9518101408284988,0.666763684595963,35.766641441367504,0.7995980381965637,1.1849054098129272,0.5899035334587097,0.29954107823469084,0.19417637586593628,0.7307319641113281,0.02312951721251011,1.7094571590423584,0
11.037172204028385,5121.0986328125,0.7990696736666651,-0.002866767514484712,14.211654959510723,0.37324514985084534,0.4032679498195648,0.7010722160339355,0.6772250789355863,0.5000102519989014,0.9715614318847656,0.040476927533745766,0.5817926526069641,0
16.538548015475673,1442.864536830357,0.883088072799463,0.14935269713541152,9.093331521050368,0.4123023748397827,0.5815879702568054,0.5750956535339355,0.5512795225251957,0.30929508805274963,0.14780044555664062,0.017997990362346172,0.8390539884567261,0
21.7885356771229,430.7514947385204,0.9758068306054559,0.5587213388015367,4.268594521970396,0.7840021252632141,0.0580570250749588,0.8551896810531616,0.9452466326483548,0.12373203784227371,0.8150367736816406,0.019002764485776424,0.08375857770442963,0
14.894117803303455,2107.0196242559523,0.6130223399206225,0.0,38.337292730103506,0.3727959096431732,15.373662948608398,0.11395886540412903,0.05113249932144342,0.2398635298013687,0.8810768127441406,0.011277689132839441,22.179508209228516,0
8.043095631526368,10204.008171237245,0.7124242546545536,0.0,87.99593439907734,0.3725639581680298,12.395044326782227,0.13014189898967743,-0.3536188750560994,0.33344462513923645,0.5366325378417969,0.015744110569357872,17.882266998291016,0
32.3406816115677,37.9325640412415,0.9962466879410775,0.0,1.3960857947358465,0.9187650680541992,0.06147546321153641,0.9249442219734192,0.9588461660174824,0.05234880372881889,0.9753341674804688,0.019120329059660435,0.08869035542011261,0
14.350473686220282,2387.9926857461733,0.9362190888116297,0.4072085434301747,7.753089049778645,0.4539971649646759,0.05577074736356735,0.8791453838348389,0.9174996880878237,0.42919018864631653,0.3229866027832031,0.030522728338837624,0.08046005666255951,1
7.679332948500784,11095.504809736394,0.5937100306369,0.146240535614943,79.81419397583215,0.39518144726753235,1.8043489456176758,0.41491949558258057,-0.040356562257750084,0.48321786522865295,0.1061859130859375,0.028477774932980537,2.60312557220459,0
14.089087728692846,2536.1304474914964,0.5975212583797648,0.0,34.66850692901258,0.4970329701900482,11.29702377319336,0.32250475883483887,0.4164004396128995,0.28144288063049316,0.8144340515136719,0.014919613255187869,16.298160552978516,0
15.191270669746162,1967.6746651785713,0.9288643627296802,0.29947710436458685,9.176558517557359,0.5471742153167725,0.16265714168548584,0.7943040728569031,0.7954281001472763,0.32388752698898315,0.9489669799804688,0.01711452705785632,0.234664648771286,0
28.039588856091058,102.12250876913265,0.8812647517102681,0.36574772862169797,2.0736008296112027,0.6588373184204102,0.16225841641426086,0.8051857352256775,0.9598814142573306,0.24514742195606232,0.9182090759277344,0.015002728905528784,0.2340894192457199,0
19.132365017825144,794.0427030187075,0.7993867351897911,0.0,21.25715489571919,0.654348611831665,5.869935512542725,0.5481505393981934,0.7984157040554957,0.12425578385591507,0.6554374694824219,0.01116878422908485,8.468526840209961,0
7.548423404937105,11435.048748405612,0.6535601464862114,0.0,100.83073585037542,0.43614932894706726,9.968735694885254,0.20725049078464508,-0.5116580500453174,0.40524864196777344,0.9652023315429688,0.015523871406912804,14.38184642791748,0
10.342965464759208,6008.745562287415,0.6607954469845099,0.0,70.98260118487626,0.33874428272247314,12.198551177978516,0.1049107164144516,-0.14322529344584575,0.27446886897087097,0.9642143249511719,0.010726774111390114,17.598791122436523,0
15.468883515257282,1845.8313137755101,0.762264565026466,0.0,32.11796473738468,0.6364341378211975,10.320561408996582,0.39929449558258057,0.14579274549541824,0.22519829869270325,0.9878768920898438,0.009568648878484964,14.889420509338379,0
13.471762570660385,2923.506769504677,0.6395021909482693,0.0,42.8389468839591,0.5588006377220154,13.735036849975586,0.17255261540412903,-0.05196926847557196,0.21523039042949677,1.0,0.014835401205345988,19.81546974182129,1
9.3965030704868,7471.882845716412,0.7442043346377459,0.14854143429836958,79.14604598113779,0.5371745824813843,1.8199083805084229,0.37721219658851624,-0.38209685310432395,0.4271136224269867,0.805999755859375,0.024493309669196606,2.625572681427002,0
12.535809795499889,3626.597696109694,0.7550504915650309,0.0,33.25785239850315,0.2759663760662079,4.676158428192139,0.3893694281578064,0.1937109000570431,0.2823983430862427,1.0,0.009989866521209478,6.746270656585693,0
12.56937905909947,3598.6735756802723,0.8438990939528935,0.24990854074042193,53.44320009668952,0.5562283396720886,4.322758674621582,0.3452845811843872,-0.318718377586377,0.20647966861724854,0.99749755859375,0.014738948084414005,6.236422538757324,0
11.74173388562222,4354.185952115221,0.9803759514082545,0.6718945110431727,12.597855628605961,0.7091196775436401,0.35516342520713806,0.7194873690605164,0.7131009202263425,0.22937025129795074,0.7802810668945312,0.021695762872695923,0.5123926401138306,0
14.632653229847236,2237.7678903592687,0.9793179440300748,0.6933006420869143,11.78983972690036,0.5475149750709534,0.5192831754684448,0.7764867544174194,0.7696582449586411,0.315909206867218,0.8854789733886719,0.02085305657237768,0.7491673231124878,0
14.171688596493183,2488.350200627126,0.7323971337874557,0.0,36.230129869718056,0.2927015721797943,13.885375022888184,0.15796397626399994,0.16888746767198468,0.23013651371002197,0.9739990234375,0.006702590035274625,20.03236198425293,0
22.66463706387412,352.0599755527211,0.8143665891869204,0.20220487642781335,2.3815368492100055,0.47321826219558716,0.015715334564447403,0.9385364055633545,0.9824715293277256,0.34633418917655945,0.9802360534667969,0.02272279281169176,0.02267243154346943,0
9.635156076317914,7072.366416879252,0.7454806660551868,0.16937054564578702,68.0403179102894,0.3897550106048584,4.907986164093018,0.28326287865638733,-0.16075003282215145,0.26688286662101746,1.0,0.011463657021522522,7.080726623535156,0
6.906117102646308,13257.714139562075,0.5716314618369402,0.010282234485923237,74.2376634784418,0.3125436305999756,4.469610691070557,0.3874761164188385,-0.1923916712000331,0.525127649307251,0.16025924682617188,0.022037232294678688,6.4482855796813965,0
17.34259016926661,1199.005965667517,0.9877137226555758,0.0,7.2059350472390635,0.6594879031181335,0.18926334381103516,0.7798349857330322,0.8945150417284511,0.1321502923965454,0.9978523254394531,0.012893385719507933,0.27304914593696594,0
19.821475464632133,677.5366842049319,0.8693857400559601,0.0,4.527642707451533,0.3419654965400696,0.06248636543750763,0.8664102554321289,0.9273148331751664,0.33186155557632446,0.665374755859375,0.0092566953971982,0.09014888107776642,0
19.219228820570947,778.3187247555272,0.8575531511813405,0.0,22.74441955689837,0.7789489030838013,8.539619445800781,0.37071511149406433,0.3293519229557199,0.19129152595996857,0.8320541381835938,0.010805774014443159,12.320066452026367,0
22.84977332115105,337.3673336522109,0.95955239507012,0.27944376106391117,12.71747455773167,0.7250257134437561,1.4280354976654053,0.6558713316917419,0.3412675889372138,0.2156112641096115,0.9423713684082031,0.01647670939564705,2.0602197647094727,0
17.38870541410029,1186.3417636585884,0.8596299590624923,0.0,24.535275825365787,0.7038124203681946,6.133749961853027,0.5328244566917419,0.5215451402206669,0.26297643780708313,0.8302841186523438,0.012318622786551714,8.849130630493164,0
15.515278209631056,1826.217667144983,0.9856209910754199,0.6910026800211401,9.19818239377705,0.48294565081596375,0.11844241619110107,0.8525789976119995,0.9277035879649554,0.21499887108802795,0.001399993896484375,0.012779153417795897,0.17087650299072266,0
10.040263116131383,6442.494393069728,0.6764821529134872,0.0,77.70107231206387,0.34293434023857117,17.44280242919922,0.0537109337747097,-0.2028479773949551,0.3271264135837555,1.0,0.007789300754666328,25.164644241333008,0
11.34224055270596,4773.7130035608,0.6196834901393582,0.0,60.996193457241226,0.5896066427230835,16.473804473876953,0.07395966351032257,-0.10556744071816887,0.2534751296043396,1.0,0.020832234993577003,23.766679763793945,0
26.793738920855414,136.0524819302721,0.9249665203085278,0.4107677477998704,1.7601044286509222,0.6227164268493652,0.023561909794807434,0.927335798740387,0.9446981319342337,0.19293855130672455,0.934967041015625,0.018816912546753883,0.03399277478456497,0
22.01342528641311,409.0136785182823,0.8235673222754666,-0.0028110304846779123,3.6423190907441345,0.3358646035194397,0.06628763675689697,0.8738042116165161,0.917640692471044,0.2931336462497711,0.029083251953125,0.015475441701710224,0.09563267230987549,0
14.026290477029049,2573.068292942177,0.6878324222020955,0.0,45.80369101097931,0.38883161544799805,16.022136688232422,0.09982860088348389,-0.23792217964531387,0.18846392631530762,0.7304649353027344,0.007766183698549867,23.11505889892578,0
12.100858817102607,4008.616217580782,0.7803596241986621,0.0,59.17536279000542,0.29634734988212585,19.717300415039062,0.0530133955180645,-0.01938352857324592,0.1817350536584854,0.884490966796875,0.00727716856636107,28.44605255126953,0
18.17187124838631,990.5883955144558,0.9380614537338416,0.5952891934833855,17.271324920505656,0.7539201974868774,1.300972819328308,0.49360254406929016,0.36628342667923264,0.24223950505256653,0.9777183532714844,0.01595683116465807,1.8769071102142334,0
6.730631485729446,13804.389741443452,0.5907286463325399,0.0,120.98481339211584,0.4206726849079132,16.97225570678711,0.031190209090709686,-0.42822279852191875,0.3001629412174225,0.877227783203125,0.014763088431209326,24.485788345336914,0
16.77119268389263,1367.6062991602892,0.9797763552436094,0.4673040359437549,7.768554672433565,0.6172324419021606,0.054001882672309875,0.8674665093421936,0.9205241452457013,0.23209746181964874,0.6198234558105469,0.022682607173919678,0.07790827006101608,0
26.788761736356857,136.20849277210885,0.8690711536176576,0.23731532639365882,1.9001918620369438,0.5716058015823364,0.5177523493766785,0.6452487111091614,0.46717318120792023,0.20003674924373627,1.0,0.011741170659661293,0.7469586133956909,0
7.6652283686348754,11131.598254145409,0.6318332743937664,0.19728625770397118,88.13404807896278,0.47879716753959656,5.7984113693237305,0.2873883843421936,-0.4215688877861772,0.36927950382232666,0.3575630187988281,0.029889920726418495,8.365339279174805,1
18.654488271996634,886.4036458333334,0.8978345288618033,0.0,21.684909105664435,0.5818420052528381,13.649557113647461,0.2426658272743225,0.044117007327821596,0.14349545538425446,0.8747749328613281,0.006197282811626792,19.692148208618164,0
20.42618169730806,589.4706566220239,0.9763652687565871,0.6284283175365184,3.474330431457046,0.6116044521331787,0.07554637640714645,0.8580596446990967,0.9254848391161433,0.12965719401836395,0.9966354370117188,0.011738709639757872,0.1089903861284256,0
17.776541274123797,1084.9912441539116,0.8924038243621221,0.0,20.080855362067062,0.6596176624298096,6.168664932250977,0.5528938174247742,0.5395072172417327,0.226620614528656,0.8692855834960938,0.012629976496100426,8.899500846862793,0
18.912253636644447,835.3240725977892,0.8877121391220292,0.3066039097985548,5.591916358208243,0.4537028968334198,0.032922375947237015,0.9063297510147095,0.9482610227135083,0.29631373286247253,0.002109527587890625,0.021753358654677868,0.04749695211648941,0
15.237306935837317,1946.9269969706634,0.8371235040489138,0.0,15.399952268759984,0.5951272249221802,3.3812756538391113,0.6354831457138062,0.49167615320798,0.27372485399246216,0.7984580993652344,0.016388032119721174,4.878149032592773,0
5.7024452123317735,17491.85383450255,0.647838495014995,0.0,132.04727359629268,0.21932634711265564,19.025497436523438,0.0,-0.11490925560696372,0.23050254583358765,1.0,0.008580864872783422,27.4479923248291,0
11.495925450818348,4607.738414115646,0.9100202940129866,0.33107985015167063,23.452168396223243,0.7394704222679138,1.4613735675811768,0.7384406924247742,0.700142967665242,0.1637192964553833,0.9156532287597656,0.025600874796509743,2.10831618309021,0
11.395383339685953,4715.655027636054,0.7182168791276887,0.40879941830663535,59.469387238806604,0.5460985898971558,3.0206758975982666,0.6175063848495483,-0.2300174197973701,0.4519980847835541,0.3846435546875,0.04684754088521004,4.357913494110107,0
6.035152138413885,16201.870143760629,0.5724583879280565,0.0,124.96741478573655,0.2764769196510315,17.890579223632812,0.016501912847161293,-0.13145628213404292,0.3250109553337097,0.660552978515625,0.0117385049816221,25.81064796447754,0
6.711808097249231,13864.351203762755,0.6365306437686937,0.041993450453147944,86.60096457248022,0.32965245842933655,8.909988403320312,0.39756056666374207,0.3675364123625677,0.3141597807407379,0.6732025146484375,0.012226222548633814,12.854395866394043,0
15.602328471505098,1789.977260044643,0.9043143782436024,0.0,21.835997290229635,0.6560590863227844,1.627212405204773,0.7125917077064514,0.816527650675372,0.20358066260814667,0.41484832763671875,0.017848446033895016,2.3475711345672607,0
10.478074975548017,5824.690628985969,0.7193682558663179,-0.0010135268342066795,66.12788972484732,0.5106136798858643,7.869038105010986,0.4760044813156128,0.6606812650029669,0.319171667098999,0.7419242858886719,0.020653771236538887,11.352621078491211,0
15.23000681505133,1950.2023676658164,0.5889057966315371,0.0,34.78162866369652,0.4226834177970886,13.496809959411621,0.21277104318141937,0.44247080140160405,0.35117682814598083,0.689483642578125,0.015233598183840513,19.47178077697754,1
15.28544622090433,1925.4654881483843,0.7563715870197213,0.10471721080452434,8.825913013336962,0.3412576913833618,0.1296737939119339,0.8188576698303223,0.768552676650324,0.49848422408103943,0.37038421630859375,0.025670154951512814,0.18707987666130066,0
6.983233162365896,13024.379577221514,0.5690834476340372,0.0,114.92695722780385,0.28123608231544495,17.062255859375,0.026187818497419357,-0.3855288623851157,0.4057255983352661,0.8659477233886719,0.01519311498850584,24.615631103515625,0
12.246676088073407,3876.258682769983,0.6315158669551242,0.0,48.78796635262253,0.3750897943973541,6.524474143981934,0.45679208636283875,0.305484802156127,0.4977964460849762,0.7858963012695312,0.011386633617803454,9.412826538085938,1
19.14360264733225,791.9907259778912,0.9514738541412712,0.41102908612690936,1.6058272958220612,0.6530436277389526,0.018265875056385994,0.9350286722183228,0.9350895522119334,0.3710249662399292,0.37574005126953125,0.04402817785739899,0.02635195292532444,0
16.877172831589526,1334.6367453231292,0.8904332216186894,0.239273349456806,4.880141812136657,0.4486846923828125,0.08908326923847198,0.8361567258834839,0.8407597128673957,0.39540284872055054,0.886138916015625,0.017646403051912785,0.12851999700069427,1
11.02431608083182,5136.280731823979,0.6482718726737087,0.0,56.75027907704848,0.3092615306377411,13.8908052444458,0.17454560101032257,0.0064285247145962005,0.31489866971969604,0.9892082214355469,0.012282431358471513,20.04019546508789,1
14.830444599409024,2138.1388313137754,0.7865109171343666,0.0,17.819794390531268,0.31432682275772095,12.573862075805664,0.2016701102256775,0.30589132774628836,0.1898948848247528,0.9457893371582031,0.007804163615219295,18.140249252319336,0
16.254535303955493,1540.3763087266157,0.8719423845335444,0.0,23.134187638087553,0.6235328912734985,6.473238468170166,0.31240034103393555,0.07333722390253884,0.13984408974647522,0.9181098937988281,0.029705744236707687,9.338909149169922,0
16.540167447262732,1442.3266103316328,0.848376652429112,0.0,24.484534444340927,0.6690798997879028,5.780683994293213,0.5023915767669678,0.3497590674070014,0.21604429185390472,0.8950119018554688,0.016670966520905495,8.339763641357422,0
12.108849145497887,4001.2477811437075,0.7822841333809941,0.0,34.27026852053601,0.5426838397979736,9.214576721191406,0.4227917790412903,0.5616707170032456,0.19675347208976746,0.6541595458984375,0.010244229575619102,13.293824195861816,0
15.253714234106141,1939.5855389030612,0.6940946159859134,0.0,30.750279009588446,0.7240766882896423,10.828815460205078,0.34839364886283875,0.2421005839284939,0.21264444291591644,0.5421371459960938,0.01978293852880597,15.62267780303955,0
6.7752165937677855,13663.397447650936,0.5377953731230605,0.10534242496565786,109.22789737573397,0.4578545093536377,12.176664352416992,0.2783203125,-0.13081584633792182,0.3784080445766449,0.7938690185546875,0.01548401452600956,17.567216873168945,0
20.962257423792998,521.0202686543367,0.9536366871549331,0.16958743819928526,2.9747291225487187,0.5596654415130615,0.08044639229774475,0.875159502029419,0.8488012580713215,0.27482840418815613,0.9571189880371094,0.014457992278039455,0.11605973541736603,0
6.945573499811469,13137.811031834608,0.5912415830926405,0.0,112.31953516858562,0.42837750911712646,14.193056106567383,0.197265625,-0.40363187573297254,0.33650994300842285,0.9083366394042969,0.015847005881369114,20.47624969482422,0
10.201649080079001,6207.481770833333,0.5123637319429358,0.0,71.88329074432397,0.2733800709247589,15.982208251953125,0.059390947222709656,-0.29448769580871204,0.15194682776927948,0.7485923767089844,0.008235526736825705,23.057453155517578,0
18.604268288521048,896.7131364264455,0.9115599160694258,0.45861074683464215,17.745436235203762,0.8002843856811523,5.2890167236328125,0.5745974183082581,0.40587227105061335,0.10342930257320404,0.9993095397949219,0.011605401523411274,7.63043737411499,0
21.049168509030665,510.6972390518707,0.760897010229317,0.27071318995929644,4.397301357696126,0.3848456144332886,0.5764836668968201,0.6391501426696777,0.45670155481376196,0.4533093273639679,0.61737060546875,0.01857452653348446,0.8316900730133057,0
10.874273380369562,5316.833041028912,0.8928744034418363,0.0,21.13811389637975,0.5989351272583008,3.920225143432617,0.15906009078025818,0.00364884925106192,0.23475141823291779,0.9707832336425781,0.01515871798619628,5.655689716339111,0
6.268467477239952,15354.426970397533,0.6557602206167141,0.0,123.17781411784847,0.24235577881336212,18.64909553527832,0.005480707623064518,-0.1465732695059243,0.3266026973724365,1.0,0.00993192195892334,26.90495491027832,0
19.61598288506602,710.3658455569728,0.9870119798959383,0.5558226111944777,2.9732540527596907,0.6326999664306641,0.08956444263458252,0.8893096446990967,0.9179606932984978,0.147613987326622,0.9884719848632812,0.01013379730284214,0.12921418249607086,0
20.009246235374366,648.8670745642007,0.8289242603763114,0.14443403195125415,2.4517897221119958,0.3840732276439667,0.10110528022050858,0.8571428060531616,0.8196573481953466,0.32537931203842163,0.7605781555175781,0.019676770083606243,0.1458640843629837,0
13.941326692207912,2623.902489902211,0.8801555910788988,0.0,44.596540412723385,0.7183759212493896,9.122234344482422,0.37197065353393555,0.1311610824085892,0.15818585455417633,1.0,0.009859858080744743,13.160601615905762,0
16.564175430220747,1434.3753653805272,0.7865448401697944,0.012337610433064918,7.294583182885159,0.4221412241458893,0.049737073481082916,0.8834900856018066,0.9578637991305486,0.1831567883491516,0.9993782043457031,0.0159248486161232,0.07175543904304504,0
9.961743528041385,6560.032758025085,0.8713340171443634,0.0,76.72361275816603,0.6202366948127747,12.05710220336914,0.08906649798154831,-0.25918986179725095,0.17000333964824677,1.0,0.008573828963562846,17.39472198486328,0
9.274316779878776,7685.08513366284,0.7423138405577283,0.43178603440139135,82.65047033776561,0.3915967345237732,4.409195423126221,0.23254145681858063,-0.10452551971511931,0.3541032373905182,0.9690170288085938,0.01833437569439411,6.361124038696289,0
15.944206850106138,1654.4729684842687,0.8215587085612075,0.0,28.483637542715485,0.631023645401001,7.236623764038086,0.5438257455825806,0.6155651470093801,0.1965029090642929,0.876312255859375,0.011535861529409885,10.440239906311035,0
15.358945459544891,1893.1534398915817,0.9885132306475088,0.5361959329054135,9.243602565439431,0.6484583616256714,0.322488009929657,0.7215601205825806,0.7530920859989465,0.15771372616291046,0.9204673767089844,0.011388768441975117,0.4652518928050995,0
7.6962376047277985,11052.400158110118,0.6615721828880119,0.021152635146498653,93.47492776531328,0.41649264097213745,8.397672653198242,0.2643694281578064,0.5717696029374754,0.33634987473487854,0.8820114135742188,0.01701407041400671,12.115283012390137,0
14.816594870275539,2144.968278326956,0.9821409587859192,0.0,9.400450398881407,0.6159449219703674,0.4885963499546051,0.7843789458274841,0.7805287531445843,0.17585469782352448,0.08428573608398438,0.016271927393972874,0.704895555973053,0
11.105462865414404,5041.201703337585,0.6337641008994248,0.0,64.40714692485648,0.21753603219985962,14.700431823730469,0.1724330186843872,-0.1079829058496433,0.40062564611434937,0.9862899780273438,0.01372867962345481,21.20823860168457,0
21.623371225694385,447.44868728741494,0.8437893178066724,0.13283684836747908,2.9697864727249867,0.4305998682975769,0.04595300182700157,0.9129663109779358,0.8782621649479712,0.3646813929080963,0.5196800231933594,0.03229859285056591,0.0662960410118103,1
20.121572767014122,632.2998578337586,0.9821208302880341,0.6114627610830596,8.485809124235875,0.7166404724121094,0.08472517132759094,0.8899872303009033,0.9433409440414703,0.24157844483852386,0.5569229125976562,0.023485857993364334,0.1222325786948204,0
12.99508266836369,3262.662069515306,0.7261887115154837,0.0,50.59556365869471,0.7256025671958923,14.673378944396973,0.20471937954425812,-0.021243219583395218,0.11431532353162766,0.7748565673828125,0.015129447914659977,21.169208526611328,0
12.272027854867567,3853.6970928996598,0.8407707421538515,0.0,25.412866587143903,0.6606661677360535,5.3750104904174805,0.6007653474807739,0.6417358161990083,0.26827123761177063,0.7242546081542969,0.019874565303325653,7.7545013427734375,0
10.210480712629613,6194.871319621599,0.7134002693468505,0.00799508389608422,68.31558901473117,0.41483592987060547,4.730706691741943,0.4083625376224518,0.022044472942329193,0.42516109347343445,0.9768753051757812,0.012492393143475056,6.8249664306640625,0
9.12988858954897,7944.956101190476,0.4695456905195297,0.0,75.44104770011259,0.22859002649784088,11.134363174438477,0.2609614133834839,0.004535699915198381,0.24010705947875977,0.7802047729492188,0.008217365248128772,16.063488006591797,0
14.850365144001332,2128.353914221939,0.9670351584360961,0.0,9.39726163046842,0.6544221639633179,1.163466215133667,0.4849928021430969,0.5606850766185687,0.11270717531442642,1.0,0.006421940866857767,1.6785268783569336,0
6.185763818344665,15649.626574457909,0.6154947327942616,0.0,115.92325004296035,0.3940199911594391,10.997190475463867,0.22090241312980652,-0.0186228870104817,0.15553896129131317,0.9713096618652344,0.007977024652063847,15.865593910217285,0
21.84271462392811,425.4111793154762,0.9915347968593813,0.780775196100692,3.6477597967515187,0.7598852515220642,0.19159069657325745,0.7897002696990967,0.6321350637616314,0.22672444581985474,0.9423484802246094,0.017493431456387043,0.2764069736003876,0
26.96677986875529,130.73816167091837,0.8946807508714111,0.17665950210475906,1.249840671726485,0.6622765064239502,0.049760885536670685,0.9047353267669678,0.959604762440195,0.29566067457199097,0.6295127868652344,0.013785456772893667,0.07178979367017746,0
13.620418173626991,2825.1306932929424,0.6933238859561022,0.0,36.20509807502919,0.5721345543861389,11.732386589050293,0.30939096212387085,0.08790732520232894,0.24346062541007996,0.8408737182617188,0.01354604260995984,16.926254272460938,0
10.876320602701435,5314.327327806122,0.7699905838002803,0.3591678584953085,55.44622956067319,0.49052757024765015,6.699445724487305,0.5356146097183228,0.13815964750672421,0.4087050259113312,0.4734344482421875,0.03371610306203365,9.665257453918457,1
13.97282343141233,2604.9417583439626,0.724528137152979,0.0,28.869399680449902,0.32368534803390503,12.917072296142578,0.2421875,0.4574611520226233,0.1474367082118988,1.0,0.010927378665655851,18.63539695739746,0
6.437112859413689,14769.611607142857,0.5729521776602042,0.18697987425873008,116.93415189614812,0.5190865397453308,11.136102676391602,0.12775032222270966,-0.43633014097211975,0.46248722076416016,0.820404052734375,0.013186569325625896,16.06599998474121,0
11.612021771883539,4486.195378932823,0.9857981947138811,0.6293605625448605,14.220503838751803,0.6793439388275146,0.7395123839378357,0.6477199792861938,0.07333365816013143,0.28545141220092773,0.9635276794433594,0.031973037868738174,1.066890835762024,0
12.03092449308415,4073.689386692177,0.750183028268226,-0.001430192290772663,48.624162991805605,0.4047259986400604,2.376140832901001,0.26307398080825806,-0.027308441927736057,0.32586848735809326,0.9459609985351562,0.025535504333674908,3.428046464920044,0
9.530879330497694,7244.233292144983,0.6149192417310451,0.0,71.59679913182867,0.5038300156593323,9.309561729431152,0.2516741156578064,-0.16181762901508695,0.38803622126579285,0.8896446228027344,0.024975198321044445,13.430858612060547,0
11.578326944467287,4521.136991124575,0.8621258251184793,0.0,38.834382866716446,0.6568533778190613,5.501591682434082,0.5437061786651611,0.3413316857306355,0.24870702624320984,0.9463691711425781,0.021223855204880238,7.9371185302734375,0
16.807466703747615,1356.2310732886904,0.9901055136664784,0.5539578757874304,7.48887920853587,0.6607586741447449,0.055924683809280396,0.8635204434394836,0.9324991161082379,0.1634683907032013,1.0,0.018890938721597195,0.08068224042654037,0
16.9378304460946,1316.1255381058672,0.9700673333523304,0.52063878386689,6.031250055815631,0.5983690023422241,0.05171443894505501,0.8798628449440002,0.7925831446351009,0.38525357842445374,0.3992881774902344,0.0372131522744894,0.07460816204547882,0
22.57173946104139,359.6718218537415,0.9763358066358178,0.5688980532763347,2.5886876876749216,0.7258570194244385,0.026717592030763626,0.922452986240387,0.7929106268515104,0.18868659436702728,0.9980392456054688,0.03449215181171894,0.038545332849025726,1
15.522428261862506,1823.213528380102,0.9489664005906101,0.4179805332853312,8.11369943357674,0.5629013180732727,0.12488427758216858,0.8152503371238708,0.9068592167208679,0.25436073541641235,0.4075660705566406,0.01483737537637353,0.18016991019248962,0
13.5683580613033,2859.200128879677,0.8579676130898322,0.0,48.418028651289276,0.5555335879325867,5.599061965942383,0.46482381224632263,0.2647725424548185,0.1977720856666565,0.9676704406738281,0.01490102568641305,8.077738761901855,1
16.577421302978234,1430.0072212478742,0.8154491572079661,0.0,30.138552417260296,0.5297678112983704,12.446011543273926,0.281269907951355,0.3471252467511114,0.079831562936306,1.0,0.006045432295650244,17.955799102783203,0
17.73192499196626,1096.1951132015306,0.945998440739222,0.0,9.48050864514141,0.72641921043396,1.4491976499557495,0.5637754797935486,0.5124321472011548,0.14843542873859406,0.5769767761230469,0.008118561003357172,2.090750217437744,0
15.443702895240499,1856.5646258503402,0.9350975440074037,0.0,5.603196749453299,0.5332967042922974,0.0664086639881134,0.863261342048645,0.8458262090296615,0.29042792320251465,0.8223381042480469,0.02041818108409643,0.09580744802951813,0
9.559339437870765,7196.915723320578,0.8608789662733471,0.1334438951678366,68.06987422316404,0.458034485578537,3.488020896911621,0.2143455147743225,-0.07168339085584066,0.2293333262205124,1.0,0.010050145909190178,5.032150745391846,1
21.860051910174477,423.7162986288265,0.97759643120709,0.0,9.100127562943971,0.6598765850067139,1.3348124027252197,0.55961012840271,0.20256722295040877,0.165839284658432,0.9848213195800781,0.011942184995859861,1.9257272481918335,0
13.03063913862811,3236.059118569303,0.9692740024962708,0.7485258129701083,19.96362799859921,0.5452013611793518,0.369631826877594,0.6906887888908386,0.6137799058923369,0.29198428988456726,0.6578750610351562,0.020906001329421997,0.533266007900238,0
8.000742969306803,10304.005075467687,0.6614726057130801,0.0,92.84650048953881,0.29687392711639404,7.923946380615234,0.4042968451976776,-0.11536357397974009,0.3237428665161133,1.0,0.012755633797496557,11.43183708190918,0
15.29135731209228,1922.8465601084183,0.8926044795740091,0.21455000364919047,9.365971934548655,0.49971577525138855,0.18518894910812378,0.7669602632522583,0.7862876326543208,0.32656368613243103,0.9955368041992188,0.015662257559597492,0.267171174287796,0
13.263918971603431,3066.821249202806,0.9075019529746016,0.19290854739816451,11.684650294642477,0.48975124955177307,0.19427995383739471,0.7668008804321289,0.7129995355144595,0.27291297912597656,0.09893417358398438,0.01563866948708892,0.2802866995334625,0
15.403026470397167,1874.0350698873299,0.87279934911371,0.0,7.579739342009118,0.38087183237075806,0.1583334356546402,0.7760283946990967,0.7095655456938098,0.34602728486061096,0.721435546875,0.01816354366019368,0.22842687368392944,0
19.281386542825057,767.2584967580782,0.9081469451820575,0.37418648609781185,5.846360756683918,0.5416544079780579,0.023471496999263763,0.9284518957138062,0.9748964993583131,0.18284399807453156,0.2397918701171875,0.024745929054915905,0.033862195909023285,0
21.19715227288866,493.5886147427721,0.9790489130570805,0.7021806943623385,6.717853228892316,0.8292933702468872,1.5475267171859741,0.6714165806770325,0.6817334913692956,0.1420125663280487,0.9197578430175781,0.025629287585616112,2.2326090335845947,0
11.521138812928932,4581.065270248724,0.8625891745440085,0.5118840345941966,66.15062960469128,0.6787534356117249,7.863068580627441,0.35174188017845154,-0.072104944718285,0.3140290379524231,0.8104133605957031,0.01971522346138954,11.344009399414062,0
13.091560819711166,3190.9814453125,0.4940579168012942,0.0,28.80446820455829,0.2080998420715332,4.906277656555176,0.5612045526504517,0.7316624547949994,0.42739957571029663,0.399139404296875,0.011840254068374634,7.078263282775879,0
6.096573443508454,15974.343411192602,0.4491419271394735,0.0,113.91912462175473,0.28576284646987915,15.511250495910645,0.09247449040412903,-0.3622627402043228,0.43213728070259094,0.7554931640625,0.01734042353928089,22.378005981445312,0
11.160068824960758,4978.213043420493,0.7405407864275515,0.4390355047970438,71.26383120515194,0.5221200585365295,2.9698736667633057,0.5202288031578064,-0.39932631905990174,0.270850270986557,0.9627342224121094,0.0251604150980711,4.284622669219971,0
9.929511764641369,6608.900058460885,0.6141626340402115,0.26864195967086824,67.00930718709178,0.5954214334487915,3.7437074184417725,0.46496331691741943,-0.25757724170879515,0.36241453886032104,0.6669387817382812,0.02073661983013153,5.401028156280518,0
24.386723878738685,236.81432690263605,0.906711143767946,0.22248385951673597,2.3387276732760016,0.5230717658996582,0.07272021472454071,0.857401967048645,0.8300322634207352,0.28084155917167664,0.8722305297851562,0.015312385745346546,0.10491310060024261,0
16.61149380484452,1418.8320179634354,0.9790736742125107,0.5262147705131361,7.898935741589946,0.6850894689559937,0.6011990904808044,0.863839328289032,0.9231967905162848,0.146254301071167,0.2840538024902344,0.01564446883276105,0.8673469424247742,0
11.439110151348547,4668.413816698554,0.7968697436153573,0.5870503689830695,59.11302209165263,0.540882408618927,1.1996933221817017,0.5290776491165161,-0.006262683978965232,0.2852354943752289,0.7762565612792969,0.024267989210784435,1.730791687965393,0
10.621557172544978,5635.398650085034,0.7013528677347471,0.0,49.78938138634827,0.42758214473724365,11.30628490447998,0.3428531885147095,-0.4030306929536961,0.33320680260658264,0.8907356262207031,0.015137059148401022,16.311521530151367,0
17.709149569543143,1101.9589179421769,0.9760463308699137,0.6092685005183832,4.165597252014136,0.5444632768630981,0.06670406460762024,0.8709741830825806,0.9356475158364486,0.3683628737926483,0.7727546691894531,0.0180067028850317,0.09623362123966217,0
8.83070012149181,8511.583200467687,0.6017914353033613,0.28735617098473515,64.83314772093233,0.5517765283584595,6.844422817230225,0.5495455861091614,-0.20582495240157073,0.41913074254989624,0.9709739685058594,0.03904332034289837,9.874415397644043,0
8.335617177414086,9539.346918845664,0.6308877694878067,0.2499507059585661,82.53027309679035,0.5415515899658203,4.017239570617676,0.4794921875,-0.04493213081242195,0.3158213198184967,0.6444778442382812,0.03458972182124853,5.795651435852051,0
19.854442856683956,672.412959715136,0.8479981201763491,0.0,16.75129549856525,0.6380010843276978,4.567178726196289,0.45950254797935486,0.4959734491954585,0.16611583530902863,1.0,0.008410716895014048,6.589046478271484,0
16.913767457582093,1323.4380447491496,0.9012465571926924,0.0,33.76078203467445,0.6650292873382568,6.384200572967529,0.43152105808258057,0.2587365680136775,0.10769187659025192,1.0,0.010032398859038949,9.210454940795898,0
22.403205298284597,373.90375876913265,0.8778526305269924,0.0,4.076570368783139,0.5946958065032959,0.05165785551071167,0.8865991234779358,0.953400020207813,0.1406552940607071,0.9947395324707031,0.01284293457865715,0.07452653348445892,0
10.67032005225252,5572.477911086309,0.6848035173245718,0.1284647746577022,56.11639074006552,0.44640791416168213,4.287962436676025,0.3297393023967743,0.017039405041760564,0.33471935987472534,0.7473564147949219,0.012140070088207722,6.186222553253174,0
22.67945343036148,350.86093617134355,0.9315453917192884,0.4020603949693926,2.614297899040147,0.7731435298919678,0.018055230379104614,0.9255819320678711,0.8206711358657555,0.4135676622390747,0.8922233581542969,0.014369800686836243,0.026048319414258003,0
13.682392327720985,2785.1021471088434,0.7824447776980006,0.2925354652174946,48.53599347812086,0.5962112545967102,7.298299312591553,0.3413584232330322,-0.09547153706116678,0.21202710270881653,0.9931182861328125,0.017070135567337275,10.529219627380371,0
12.058413217037678,4047.986348054847,0.7330121890288508,0.006158661629175714,10.997109967297392,0.26850366592407227,1.4512608051300049,0.32033243775367737,0.12438883870233547,0.4585254490375519,0.9894218444824219,0.016129255294799805,2.093726634979248,0
8.72764180011189,8715.979113520409,0.8218273431332048,0.5225131610168172,55.70884499238017,0.4716865122318268,1.5793548822402954,0.46787306666374207,0.05164108931974956,0.41463714838027954,0.4668426513671875,0.022649048827588558,2.2785274982452393,0
15.376712087676136,1885.424525669643,0.897430503765588,0.0,28.00067756979546,0.5538939237594604,6.139082908630371,0.4780970811843872,0.39146036045400584,0.2460920661687851,0.8691177368164062,0.012930706609040499,8.856825828552246,0
9.333000880909468,7581.938768866922,0.25618991502700583,0.0,67.90080926956442,0.24595479667186737,16.383071899414062,0.06413424760103226,-0.016126264651957514,0.5283454656600952,0.22990036010742188,0.01807130326051265,23.63577651977539,0
18.302612997383537,961.2117280505952,0.8733321380250465,0.23500487603152018,6.038424759029299,0.47384563088417053,0.03161730244755745,0.9197624325752258,0.9533022396510253,0.3767467439174652,0.5494651794433594,0.023717550560832024,0.045614130795001984,0
6.500109995296004,14556.915510735544,0.4324862250585142,-0.005848371167428084,113.35971365719877,0.2762880027294159,3.91172194480896,0.3032724857330322,-0.23867239574247806,0.32848504185676575,1.0,0.02319115400314331,5.643421649932861,1
16.16414534467382,1572.772208492772,0.7803706796186313,0.5936034943620557,36.20754943128351,0.7230227589607239,7.090696811676025,0.5406967401504517,0.05309294875020433,0.09424906224012375,1.0,0.009219326544553041,10.229713439941406,0
11.449719855696133,4657.022919323979,0.8352736606591636,-0.001945850216478681,31.376056305264754,0.24811291694641113,2.398430347442627,0.5425302982330322,0.6731246691378032,0.2317226529121399,1.0,0.011105246841907501,3.4602041244506836,0
14.741293274337192,2182.483823607568,0.8707804434683933,0.2860304334117961,23.23124613279664,0.6129429340362549,4.391655921936035,0.5723055005073547,0.4128701119037199,0.2982180416584015,0.3161277770996094,0.02604540716856718,6.335820198059082,0
24.758940068775175,217.36336761267006,0.9571428955852942,0.542894615379232,1.1565689602967508,0.6747167706489563,0.034115370362997055,0.9310029149055481,0.9849013261942394,0.14107996225357056,0.9999885559082031,0.016610178165137768,0.0492180734872818,0
10.256548167848457,6129.506982089711,0.6369168948561689,0.0,70.85949454429974,0.6836997270584106,14.565123558044434,0.17615991830825806,-0.3335151424853781,0.15754914283752441,0.561065673828125,0.013586640357971191,21.013032913208008,0
11.938794659539871,4161.030459449405,0.929015260274388,0.0,8.745854592353554,0.4945284426212311,0.7533783912658691,0.6926219463348389,0.5296586389614071,0.31148725748062134,0.9041481018066406,0.018054398708045483,1.0868953466415405,0
9.841442130787467,6744.288624043367,0.6721356118904144,0.3453078757203922,82.04633710960125,0.6037063002586365,10.712438583374023,0.34456712007522583,-0.3026024462583559,0.28304100036621094,0.8303108215332031,0.01853006612509489,15.454784393310547,0
10.390442922991337,5943.415171928146,0.7355608246761982,0.0,63.093291490334806,0.44669294357299805,6.594773292541504,0.39106348156929016,-0.04160462704171561,0.3932054340839386,1.0,0.01378588518127799,9.514246940612793,1
14.882049928928687,2112.8826065582484,0.9706148837056727,0.5994411846884625,6.862264986775156,0.6301336288452148,2.140979290008545,0.7867107391357422,0.7726777279982433,0.37660807371139526,0.8709602355957031,0.017117584124207497,3.088779926300049,0
14.702895334714343,2201.865706048044,0.9282118782824809,0.0,40.56523044957104,0.5471543669700623,1.3898640871047974,0.5708107352256775,0.3987769030905529,0.2347458004951477,0.15859222412109375,0.012616149615496397,2.005150318145752,0
14.433277010308467,2342.894106079932,0.697006720949695,0.0,24.598413513570137,0.3701249063014984,9.21530818939209,0.4010084569454193,0.5353905037548378,0.19922976195812225,0.9744415283203125,0.00813475507311523,13.294879913330078,0
36.598133100110665,14.23203656462585,0.9794656489442815,0.386020054075882,0.5602480433986059,0.860706627368927,0.014842968434095383,0.9331154823303223,0.9658476489463115,0.09885819256305695,0.9253921508789062,0.011239999439567327,0.021413881331682205,1
24.259564154134907,243.85066565688774,0.9244990243219203,0.5244426472118524,2.0145290724336964,0.6111953854560852,0.041938506066799164,0.9045559763908386,0.8744040286907137,0.3349098861217499,0.8301429748535156,0.031166372820734978,0.06050447002053261,0
5.395580665141187,18772.50783907313,0.671654446721268,0.0,130.25392619978967,0.2278079390525818,19.207687377929688,0.0,-0.06335738856751547,0.16527467966079712,0.9962844848632812,0.005682791816070676,27.710834503173828,0
11.003272012438863,5161.229365965136,0.7555081815717336,0.0,51.63420757957091,0.5178022980690002,5.947158336639404,0.5323860049247742,0.44246404147010454,0.33655640482902527,0.9659271240234375,0.021291770040988922,8.579936027526855,0
18.057498845315557,1017.0223014987245,0.9390866929122449,0.0,11.008549869987988,0.7553157806396484,1.2510268688201904,0.619698703289032,0.6504922081472246,0.14620934426784515,0.3226280212402344,0.010674578603357077,1.8048503398895264,0
16.506295770846716,1453.6196455144557,0.7746954775481675,0.0,28.85516969459099,0.584997832775116,9.602018356323242,0.4011678695678711,0.6523720296948005,0.3526691198348999,0.7176017761230469,0.009226035210303962,13.852784156799316,0
12.920924825383636,3318.851941167092,0.8653645597768531,0.5360070661943787,37.516681651408575,0.6583499908447266,4.3160624504089355,0.5576171875,0.8495338002785542,0.3980822265148163,0.5463714599609375,0.025328501127660275,6.226762294769287,0
10.512837962276954,5778.253148915816,0.8132620183648311,0.0,69.31251990619123,0.44785958528518677,15.814459800720215,0.09652025997638702,-0.23068108259161194,0.21255995333194733,0.9963493347167969,0.00825729756616056,22.81544303894043,0
6.239479832403693,15457.255214976616,0.43355528921117464,0.003518656931151425,115.69419661599133,0.3060517907142639,13.214079856872559,0.19393733143806458,-0.5157412103957012,0.3792165219783783,0.4040946960449219,0.02828368917107582,19.063884735107422,0
22.36614653642981,377.10796662414964,0.9890305739583805,0.7472014557493348,1.341577645374818,0.7058319449424744,0.016118982806801796,0.9408482313156128,0.9760639858780235,0.2223084419965744,0.6561203002929688,0.01816887967288494,0.023254942148923874,0
10.413614355815797,5911.7890027104595,0.4263465973002249,0.0,68.90939893091456,0.2207079827785492,14.927645683288574,0.14457109570503235,-0.20089740189527602,0.3005804419517517,0.4638328552246094,0.00903005269356072,21.536039352416992,0
8.982562848542017,8219.096433886054,0.7627990148427939,0.1887398106684061,80.10608679650353,0.5749024748802185,7.082574844360352,0.1637037694454193,-0.23277810771130225,0.19732557237148285,0.9142494201660156,0.013152111321687698,10.217995643615723,0
22.92909798058313,331.2611939306973,0.9479583025291067,0.0,12.33103475357543,0.760138213634491,5.825817584991455,0.4372807443141937,0.42267901555212395,0.07495347410440445,0.8285903930664062,0.005586962914094329,8.404878616333008,0
12.181030332023159,3935.295307185374,0.9122670314533747,0.0,14.42215405129182,0.5001032948493958,1.444419026374817,0.5953842401504517,0.7080146818886688,0.23691216111183167,0.8195114135742188,0.019501594826579094,2.0838561058044434,0
13.371195064613113,2991.9949378188776,0.7154626156423181,0.48323990592074245,49.865074804209655,0.6105924248695374,10.9071683883667,0.36686861515045166,0.009592602494484409,0.2052631676197052,1.0,0.013176544569432735,15.7357177734375,0
11.075845246360586,5075.698727147109,0.8522676170010554,0.4338070701815967,9.249422051236516,0.42512983083724976,0.1296309232711792,0.8069396018981934,0.8428386427025153,0.533911943435669,0.21953582763671875,0.030074388720095158,0.18701788783073425,0
6.580247323777581,14290.76996306335,0.637613205344892,0.0,98.93098282926992,0.3485182523727417,14.886018753051758,0.11728714406490326,-0.47873084986289555,0.4545700252056122,0.3913154602050781,0.01950362790375948,21.475984573364258,0
6.1433563108281355,15803.188841943027,0.5337893043405538,-0.0019555700607725894,105.73054835419566,0.2348717749118805,14.237162590026855,0.11744658648967743,-0.44965229333076956,0.5846060514450073,0.6785812377929688,0.015788646414875984,20.53988265991211,0
12.725810518404554,3471.3572358630954,0.6752703728710171,0.0,45.20573571160422,0.39329904317855835,11.146059036254883,0.2807716727256775,0.36264251186404645,0.23011788725852966,0.5093917846679688,0.008231767918914557,16.080364227294922,0
19.77556633103472,684.7368928039966,0.8309336526451943,-0.001119955086994271,4.630082050482187,0.3721983730792999,0.0386149100959301,0.904695451259613,0.9657733308637662,0.33408790826797485,0.6594085693359375,0.016934430226683617,0.055709537118673325,0
14.847558467953576,2129.729830994898,0.8316967403342664,0.0,16.42147642499796,0.5801658630371094,5.11164665222168,0.6055086255073547,0.2772264151438428,0.3195664584636688,0.6155662536621094,0.015888345427811146,7.374547481536865,0
15.39039773112005,1879.492459874575,0.7347955271994112,-0.0038336128069137426,7.164301494482396,0.39827385544776917,0.06656171381473541,0.8850845098495483,0.723723705310074,0.4426170587539673,0.6007652282714844,0.021951342932879925,0.09602823853492737,1
22.77235225809628,343.43546051232994,0.9661266790495281,0.43573691888288796,13.82134885288164,0.838382363319397,1.4055333137512207,0.7018694877624512,0.5888435115499817,0.14344818890094757,0.9775962829589844,0.01188413379713893,2.0277559757232666,0
11.874209148447187,4223.3730668048465,0.9037542624934413,0.36620705682710986,10.590720715461881,0.4381045699119568,0.5345875024795532,0.6293447017669678,0.15371060519284824,0.4507405757904053,0.001903533935546875,0.02807081025093794,0.7712467908859253,0
13.9447870254055,2621.8126727253402,0.7207974140550036,0.0,24.861467453498253,0.358336865901947,3.1202220916748047,0.7457748651504517,0.9352426266775286,0.32562023401260376,0.9274444580078125,0.014176196185871959,4.501529216766357,0
10.663693789883201,5580.986627072704,0.6629110203761954,0.09300414374547743,66.91474030506805,0.46406739950180054,8.146828651428223,0.3307158946990967,-0.09727636903473147,0.23288676142692566,1.0,0.013365807943046093,11.753387451171875,0
11.721874324101712,4374.142511692177,0.7023819877339134,0.0,59.47343365325445,0.6143985986709595,13.408531188964844,0.19296078383922577,-0.27822889755400854,0.16994307935237885,0.8551445007324219,0.011578290490433574,19.34442138671875,0
10.025438407130709,6464.52352386267,0.8074679254564125,0.0,57.79836979433797,0.4852985441684723,5.052995204925537,0.2758689224720001,-0.049242934310802594,0.22925104200839996,1.0,0.009269488044083118,7.2899298667907715,0
24.560789736006935,227.51046981292518,0.8739379931293555,0.20308151057858406,4.82686944706075,0.5212135314941406,0.46924254298210144,0.6931003332138062,0.5586054025417082,0.33180034160614014,0.9833335876464844,0.019606308080255985,0.6769738793373108,0
13.601684672303307,2837.343351403061,0.8528554088586318,0.0,11.853874353789696,0.41368791460990906,0.48425236344337463,0.622050404548645,0.732207083458877,0.1277826428413391,1.0,0.011918697040528059,0.6986284255981445,0
15.259508414340866,1936.9995482568027,0.9612516600481347,0.439517891912535,28.4925663035602,0.6419729590415955,1.556821584701538,0.6992984414100647,0.37412729846082027,0.20388205349445343,0.4664421081542969,0.020964568480849266,2.246018886566162,0
7.8481924996593975,10672.37583705357,0.9208502999838469,0.0,18.50318869879152,0.28202617168426514,2.326791286468506,0.3274473547935486,0.07468331554648867,0.3775795102119446,0.9785804748535156,0.020832468755543232,3.3568501472473145,0
16.5990080940174,1422.9169456845239,0.7036964561095184,-0.0020543741668721843,7.637775045828606,0.29105815291404724,0.05647812783718109,0.8869379758834839,0.9400247312023917,0.36011162400245667,0.75250244140625,0.018646747805178165,0.08148059248924255,0
19.64922015709989,704.9500491602892,0.7462239068188552,0.1643629097257998,3.339465093035525,0.38791385293006897,0.0241988692432642,0.9157565832138062,0.9601665207225897,0.4192180931568146,0.6123199462890625,0.022609607316553593,0.03491159528493881,0
6.512674424063539,14514.862244897959,0.6155863786161232,0.0,110.38032131509277,0.3070693910121918,15.783551216125488,0.0806361585855484,-0.2404060708154802,0.39091452956199646,0.7359695434570312,0.013544505462050438,22.77085304260254,1
22.780582526199797,342.78523596938777,0.8726201578422048,0.15017501229428257,0.9965322698138137,0.5229876637458801,0.02329346165060997,0.9256417155265808,0.9651864946737967,0.24962806701660156,0.5480079650878906,0.01916264183819294,0.03360535949468613,0
18.59887682065115,897.8270355017007,0.9429260546811503,0.5576010102823945,21.826271107112156,0.7733052968978882,0.35200613737106323,0.7486647367477417,0.38570765289406106,0.17205187678337097,0.9247627258300781,0.025487175211310387,0.5078376531600952,0
13.502919541014563,2902.6081260629253,0.6001999352275316,0.0,48.48844065866739,0.28613874316215515,17.503829956054688,0.028977997601032257,-0.022140450503494096,0.2502201497554779,0.9980049133300781,0.005775567144155502,25.252689361572266,0
6.931623294739337,13180.079546662415,0.5068567553217606,-0.0029571524658343518,89.32680974125782,0.23155201971530914,5.739089012145996,0.3347815275192261,-0.25787099023965865,0.35742419958114624,0.15773391723632812,0.01745604071766138,8.279755592346191,0
22.491590495973757,366.3711867559524,0.9414867353564899,0.4172107554383289,2.4684514857512774,0.6158080697059631,0.20484566688537598,0.8122010827064514,0.5096400839112619,0.2599082887172699,0.5106239318847656,0.024460838176310062,0.2955298125743866,0
15.193749533371326,1966.5518773915817,0.8827613346363575,0.2630392013068072,8.42229358440526,0.43449240922927856,0.12192900478839874,0.8192761540412903,0.8042210382078353,0.24859565496444702,0.9739646911621094,0.0205900426954031,0.17590638995170593,1
13.256883484534878,3071.7934669961733,0.6779860774751376,0.0,42.02423469888514,0.5822714567184448,13.59476089477539,0.20737005770206451,0.0691994030924465,0.30999287962913513,0.9168510437011719,0.011914970818907022,19.613094329833984,0
6.113113715829812,15913.620216836734,0.3432452552138809,0.0,111.24633296281579,0.21554523706436157,16.43477439880371,0.0711495578289032,-0.12767192407458786,0.3368310332298279,0.9989433288574219,0.011690107989124954,23.71036720275879,0
22.63551522646328,354.4286644345238,0.8608188541264082,0.29454962891849695,3.6926019358131095,0.3953251838684082,0.09339708089828491,0.8446269631385803,0.8608471993117327,0.3188229501247406,0.5125350952148438,0.011373316403478384,0.13474352657794952,0
8.78559010261274,8600.45347045068,0.5767431001651706,0.1783147159603805,87.22919324512009,0.41941365599632263,6.00275993347168,0.2835618555545807,-0.7029377487468675,0.38034960627555847,0.9978675842285156,0.021955205593258142,8.660151481628418,0
30.35444847001554,59.928790656887756,0.957625891095266,0.6443849499232631,0.7818877854705099,0.8094637989997864,0.043328896164894104,0.8862802982330322,0.9873143977827937,0.10679610073566437,0.9707679748535156,0.010125005152076483,0.06251039355993271,0
23.976704775232868,260.2614729485544,0.9959937048792312,0.564380557999534,2.3986566509760285,0.6768799424171448,0.018474072217941284,0.9236686825752258,0.9762966016306267,0.18483279645442963,0.8222236633300781,0.013039345853030682,0.02665245532989502,0
16.338330988774604,1510.940150669643,0.9175582929452454,0.48689500610071423,19.55149863419521,0.6113789677619934,3.8185250759124756,0.6907684803009033,0.5666256140127091,0.22956930100917816,0.8249893188476562,0.016482115723192692,5.508967399597168,0
13.177351907124988,3128.5649115114797,0.7114429086660212,0.0,42.68975210792776,0.3928318917751312,13.975953102111816,0.19453522562980652,0.21537186467969194,0.15921372175216675,1.0,0.006535505293868482,20.16303825378418,0
13.48875073013943,2912.09331818665,0.9695371498804535,0.7108289913804899,7.82077071158492,0.7473301887512207,0.08334764093160629,0.8700773119926453,0.7248854438785257,0.2409333884716034,0.5623016357421875,0.05052405036985874,0.12024523317813873,0
19.67561216202259,700.6790696747449,0.9283734725550422,0.0,15.858637649686418,0.640047013759613,5.872364044189453,0.5151665806770325,0.5141448259041079,0.1415763944387436,0.9997444152832031,0.008214212488383055,8.472030639648438,0
19.60293912955242,712.502590880102,0.807326297770444,0.15788583646231355,5.456931525594296,0.3747926652431488,0.11834347993135452,0.8351203799247742,0.8846246280084756,0.3909939229488373,0.6367568969726562,0.020479478873312473,0.17073357105255127,0
8.759970181489491,8651.339252497874,0.7147335706261189,0.0,90.56006855337897,0.44482889771461487,14.688150405883789,0.1784917116165161,-0.2725783757292972,0.2692963480949402,1.0,0.018253791145980358,21.190521240234375,0
8.295146662275453,9628.656522374575,0.601483941769349,0.0,91.29484213819238,0.3253479301929474,6.425090789794922,0.09697863459587097,-0.21152516991673376,0.44116225838661194,0.88128662109375,0.009836406446993351,9.269447326660156,0
16.339255686408404,1510.6184762967687,0.9530766279029714,0.5066575450578484,12.446448643869056,0.6491737365722656,4.744236946105957,0.49103158712387085,0.0954577427040985,0.2849525809288025,0.9491081237792969,0.01838904619216919,6.844486236572266,0
6.99167829173102,12999.07746067177,0.42417295564826235,0.0,90.72678138625581,0.4373258650302887,15.378931045532227,0.11943957209587097,-0.1518694331146685,0.3911149203777313,0.9969482421875,0.028594336938112974,22.18710708618164,1
15.362412724509294,1891.6426113414116,0.6501196919987882,0.0,24.870774783838577,0.24784617125988007,3.771188735961914,0.6189612746238708,0.7938013506058749,0.3778839707374573,0.8297042846679688,0.009924584534019232,5.440675735473633,0
12.334571932843833,3798.596533535289,0.5467109085874284,0.0,46.99392135611264,0.32946527004241943,15.585294723510742,0.10188137739896774,0.2939397218091632,0.29480087757110596,0.5469398498535156,0.015085718361660838,22.48482894897461,0
7.699859723198184,11043.186038477892,0.5622638050697571,0.16873662046876803,96.47716041536779,0.4232146441936493,13.134878158569336,0.1910674273967743,-0.4429983535362746,0.5800337195396423,0.7457771301269531,0.01879856176674366,18.94961929321289,0
14.540086064213583,2285.9764628507655,0.8630246979519183,0.41111292392757354,17.18841671836687,0.5688366889953613,3.2931363582611084,0.7358298897743225,0.33986989767572456,0.4761664569377899,0.5156211853027344,0.025977425277233124,4.7509918212890625,0
10.5251493823378,5761.896099064626,0.772066968925719,0.31946788817781574,63.488081837439296,0.578101396560669,6.231263637542725,0.4489596486091614,-0.10495114611302594,0.3325190544128418,1.0,0.027414130978286266,8.989812850952148,0
14.407703145201264,2356.7311729379253,0.6085485241425652,0.0,23.715879975732825,0.2590358853340149,4.161192893981934,0.47275590896606445,0.4583444999875807,0.1911478042602539,0.5540237426757812,0.009250315371900797,6.003332138061523,0
6.797758239552378,13592.662600977892,0.6435172817288959,0.0,106.40340010216099,0.34616386890411377,16.008413314819336,0.07134885340929031,-0.09859780681245606,0.42205536365509033,0.3830223083496094,0.015043729450553656,23.095256805419922,0
15.859010181026472,1687.2496346194728,0.939891933322451,0.5515764976151173,10.19706633353806,0.7159464359283447,0.9636169672012329,0.8655133843421936,0.8872586150502945,0.20237824320793152,0.5598335266113281,0.02607780322432518,1.3902053833007812,0
11.48431491628436,4620.073335193452,0.6359211318722648,0.0,54.97305480381875,0.24098002910614014,18.388328552246094,0.015027103945612907,-0.010956988480318192,0.5166839957237244,0.6325149536132812,0.010741983074694872,26.528749465942383,0
19.44300907938772,739.2297778486394,0.9660949131804278,0.2896095906224348,5.119479460049686,0.6515220403671265,0.0886642336845398,0.8466797471046448,0.9027989076112442,0.18820229172706604,0.6638031005859375,0.02034122124314308,0.12791544198989868,0
7.403822521215613,11822.194734534438,0.5559051531724458,0.0,104.97056347155369,0.39474475383758545,16.17192840576172,0.06098533049225807,-0.3070032766080899,0.4680353105068207,0.4847679138183594,0.013280205428600311,23.331161499023438,0
20.76610629832297,545.091903167517,0.94770333544047,0.3332421817305235,2.454061684035555,0.5246634483337402,0.10718472301959991,0.840840220451355,0.8510199923683559,0.2862442433834076,0.9593582153320312,0.018394754268229008,0.15463486313819885,0
13.614758669921907,2828.8146590667516,0.8211607031007878,0.0,43.490095002168445,0.750108540058136,10.129343032836914,0.41304609179496765,-0.09879766684321481,0.15990540385246277,0.7219657897949219,0.012289662845432758,14.613554000854492,1
16.194762838528767,1561.7232541454082,0.786135805403578,0.5927352330472444,14.501275450660795,0.5995566248893738,5.260449409484863,0.6370774507522583,0.24577377735509742,0.18633095920085907,0.9822654724121094,0.01518321130424738,7.589223861694336,0
24.416286989570416,235.20776865433675,0.9677111129402705,0.5623650668893053,1.8621452295078877,0.676875650882721,0.014393111690878868,0.9404695630073547,0.969190915515527,0.215265154838562,0.8249435424804688,0.017113348469138145,0.020764876157045364,0
21.04052289379897,511.71491018282313,0.9826840878265197,0.0,11.323939715979002,0.7690554857254028,5.12362813949585,0.5554050207138062,0.1240373401976766,0.11247324198484421,1.0,0.013385985977947712,7.391833305358887,0
17.140746237817346,1256.046556122449,0.7815259096968047,0.0,21.00412558599107,0.439114511013031,10.56427001953125,0.2958187162876129,0.4942637254815194,0.173762246966362,1.0,0.007451673736795783,15.241020202636719,0
15.949111351377699,1652.6056215454932,0.9721116149186946,0.6670490221520267,10.640864146343963,0.516412615776062,0.11590655148029327,0.8216279149055481,0.8385530423691083,0.4433079957962036,0.30727386474609375,0.023164727725088596,0.16721782088279724,0
5.958837223667892,16489.088103210033,0.6408405801798344,0.09302465439083922,120.8651345843266,0.3608168959617615,13.219559669494629,0.04396524280309677,-0.27556471416508527,0.39251381158828735,0.9565582275390625,0.02358847949653864,19.071792602539062,0
8.395644938515835,9408.40203151573,0.6320722860603326,0.046389111415104545,89.38315156148701,0.492933988571167,9.639389038085938,0.2609614133834839,-0.2598321927981504,0.29125550389289856,0.7615242004394531,0.013742159120738506,13.906700134277344,0
11.468234265819978,4637.211821056548,0.8545224951726742,0.0,62.901666239914945,0.49120205640792847,4.466872692108154,0.43544721603393555,0.11507287050967122,0.16170047223567963,1.0,0.016283261589705944,6.4443359375,1
21.133189280505075,500.91199643920066,0.9868954739785217,0.6128931104792754,11.915019056824647,0.8127705454826355,0.2883777618408203,0.7311463356018066,0.4550604492859639,0.12475571781396866,0.9493560791015625,0.029983198270201683,0.4160410165786743,0
17.014362428911646,1293.1357488307824,0.7009785236663878,0.0,24.234873229786075,0.3109501302242279,13.592103958129883,0.2121133655309677,0.31344737741842055,0.2518610954284668,0.48529815673828125,0.010127344983629882,19.60926055908203,0
8.352817350341411,9501.641183035714,0.7052112067676861,0.13347250392869925,66.52260028619902,0.5700080990791321,5.5750603675842285,0.5753946304321289,-0.30068099369592477,0.3704332411289215,0.5559730529785156,0.03463912568986416,8.043112754821777,0
24.257891489602912,243.94460166879253,0.9693509368509612,0.7618505217080891,9.299067253443233,0.7973601818084717,0.41096362471580505,0.7254862785339355,0.5500603787191851,0.17896263301372528,0.864471435546875,0.009088440798223019,0.5928951501846313,0
8.073044608279295,10133.88333067602,0.7587569326871405,0.0,90.67659835463655,0.49059605598449707,8.06505012512207,0.10799984633922577,-0.11550871677707855,0.31639420986175537,0.9915733337402344,0.011019173078238964,11.635408401489258,0
29.491347175539193,73.10475791879252,0.9130052355678082,0.3315496792367993,1.3495295467898976,0.7240452766418457,0.023252470418810844,0.9229512214660645,0.9313987273719829,0.19973540306091309,0.7238998413085938,0.017984967678785324,0.033546220511198044,0
14.578225294383554,2265.989178093112,0.8602705218974092,0.20572193624692756,29.462731198167383,0.7171892523765564,3.177123546600342,0.5097257494926453,0.2139867022582736,0.24650786817073822,0.8629150390625,0.017549326177686453,4.583620071411133,0
13.86967796047395,2667.5499774128402,0.7370084989474273,0.1233819400065409,35.63643979762679,0.3558104634284973,2.7478854656219482,0.5082310438156128,0.3441661701597678,0.45119139552116394,0.5889244079589844,0.013732311315834522,3.9643609523773193,0
24.61752196981971,224.55780984268708,0.8305291919461552,0.16883831436725003,3.200753247880042,0.4437643885612488,0.23383201658725739,0.7846380472183228,0.4802254078556553,0.42772942781448364,0.6976509094238281,0.022474870085716248,0.3373482823371887,1
16.00126525188921,1632.8783681441328,0.836491021342127,0.16046789805482597,7.635881734055623,0.423220157623291,0.046890612691640854,0.8966039419174194,0.9595876126813492,0.33708837628364563,0.9168319702148438,0.022577481344342232,0.06764885038137436,0
21.52501343295825,457.69800302933675,0.8564640839457169,0.0,16.328164842113615,0.5005248785018921,6.837893009185791,0.33252954483032227,0.4765967469538578,0.18641318380832672,1.0,0.005992107326164842,9.864994049072266,0
