image_id,image_link,transformed_link,ground_truth,transformed_label,invalid
brightness/batch_2_1959.png,https://pilotexp.s3.ca-central-1.amazonaws.com/cifar10/IMG_ORIGINAL/brightness/batch_2_1959.png,https://pilotexp.s3.ca-central-1.amazonaws.com/cifar10/IMG_TRANSFORMED/brightness/batch_2_1959.png,0,0,0
brightness/batch_3_448.png,https://pilotexp.s3.ca-central-1.amazonaws.com/cifar10/IMG_ORIGINAL/brightness/batch_3_448.png,https://pilotexp.s3.ca-central-1.amazonaws.com/cifar10/IMG_TRANSFORMED/brightness/batch_3_448.png,0,0,0
frost/batch_2_9376.png,https://pilotexp.s3.ca-central-1.amazonaws.com/cifar10/IMG_ORIGINAL/frost/batch_2_9376.png,https://pilotexp.s3.ca-central-1.amazonaws.com/cifar10/IMG_TRANSFORMED/frost/batch_2_9376.png,0,0,0
brightness/batch_3_3126.png,https://pilotexp.s3.ca-central-1.amazonaws.com/cifar10/IMG_ORIGINAL/brightness/batch_3_3126.png,https://pilotexp.s3.ca-central-1.amazonaws.com/cifar10/IMG_TRANSFORMED/brightness/batch_3_3126.png,0,0,0
brightness/batch_5_1241.png,https://pilotexp.s3.ca-central-1.amazonaws.com/cifar10/IMG_ORIGINAL/brightness/batch_5_1241.png,https://pilotexp.s3.ca-central-1.amazonaws.com/cifar10/IMG_TRANSFORMED/brightness/batch_5_1241.png,1,1,0
frost/batch_2_942.png,https://pilotexp.s3.ca-central-1.amazonaws.com/cifar10/IMG_ORIGINAL/frost/batch_2_942.png,https://pilotexp.s3.ca-central-1.amazonaws.com/cifar10/IMG_TRANSFORMED/frost/batch_2_942.png,0,0,0
contrast/batch_4_2536.png,https://pilotexp.s3.ca-central-1.amazonaws.com/cifar10/IMG_ORIGINAL/contrast/batch_4_2536.png,https://pilotexp.s3.ca-central-1.amazonaws.com/cifar10/IMG_TRANSFORMED/contrast/batch_4_2536.png,0,0,0
frost/batch_4_977.png,https://pilotexp.s3.ca-central-1.amazonaws.com/cifar10/IMG_ORIGINAL/frost/batch_4_977.png,https://pilotexp.s3.ca-central-1.amazonaws.com/cifar10/IMG_TRANSFORMED/frost/batch_4_977.png,0,0,0
contrast/batch_1_2666.png,https://pilotexp.s3.ca-central-1.amazonaws.com/cifar10/IMG_ORIGINAL/contrast/batch_1_2666.png,https://pilotexp.s3.ca-central-1.amazonaws.com/cifar10/IMG_TRANSFORMED/contrast/batch_1_2666.png,0,0,0
frost/batch_2_1490.png,https://pilotexp.s3.ca-central-1.amazonaws.com/cifar10/IMG_ORIGINAL/frost/batch_2_1490.png,https://pilotexp.s3.ca-central-1.amazonaws.com/cifar10/IMG_TRANSFORMED/frost/batch_2_1490.png,0,0,0
contrast/batch_2_1440.png,https://pilotexp.s3.ca-central-1.amazonaws.com/cifar10/IMG_ORIGINAL/contrast/batch_2_1440.png,https://pilotexp.s3.ca-central-1.amazonaws.com/cifar10/IMG_TRANSFORMED/contrast/batch_2_1440.png,0,0,0
jpeg_compression/batch_3_3300.png,https://pilotexp.s3.ca-central-1.amazonaws.com/cifar10/IMG_ORIGINAL/jpeg_compression/batch_3_3300.png,https://pilotexp.s3.ca-central-1.amazonaws.com/cifar10/IMG_TRANSFORMED/jpeg_compression/batch_3_3300.png,1,1,0
contrast/batch_1_7603.png,https://pilotexp.s3.ca-central-1.amazonaws.com/cifar10/IMG_ORIGINAL/contrast/batch_1_7603.png,https://pilotexp.s3.ca-central-1.amazonaws.com/cifar10/IMG_TRANSFORMED/contrast/batch_1_7603.png,0,0,0
brightness/batch_1_1149.png,https://pilotexp.s3.ca-central-1.amazonaws.com/cifar10/IMG_ORIGINAL/brightness/batch_1_1149.png,https://pilotexp.s3.ca-central-1.amazonaws.com/cifar10/IMG_TRANSFORMED/brightness/batch_1_1149.png,0,0,0
frost/batch_3_6596.png,https://pilotexp.s3.ca-central-1.amazonaws.com/cifar10/IMG_ORIGINAL/frost/batch_3_6596.png,https://pilotexp.s3.ca-central-1.amazonaws.com/cifar10/IMG_TRANSFORMED/frost/batch_3_6596.png,1,1,0
jpeg_compression/batch_5_8341.png,https://pilotexp.s3.ca-central-1.amazonaws.com/cifar10/IMG_ORIGINAL/jpeg_compression/batch_5_8341.png,https://pilotexp.s3.ca-central-1.amazonaws.com/cifar10/IMG_TRANSFORMED/jpeg_compression/batch_5_8341.png,0,0,0
brightness/batch_1_5888.png,https://pilotexp.s3.ca-central-1.amazonaws.com/cifar10/IMG_ORIGINAL/brightness/batch_1_5888.png,https://pilotexp.s3.ca-central-1.amazonaws.com/cifar10/IMG_TRANSFORMED/brightness/batch_1_5888.png,0,0,0
frost/batch_3_5701.png,https://pilotexp.s3.ca-central-1.amazonaws.com/cifar10/IMG_ORIGINAL/frost/batch_3_5701.png,https://pilotexp.s3.ca-central-1.amazonaws.com/cifar10/IMG_TRANSFORMED/frost/batch_3_5701.png,0,0,0
contrast/batch_1_893.png,https://pilotexp.s3.ca-central-1.amazonaws.com/cifar10/IMG_ORIGINAL/contrast/batch_1_893.png,https://pilotexp.s3.ca-central-1.amazonaws.com/cifar10/IMG_TRANSFORMED/contrast/batch_1_893.png,1,1,0
contrast/batch_2_8116.png,https://pilotexp.s3.ca-central-1.amazonaws.com/cifar10/IMG_ORIGINAL/contrast/batch_2_8116.png,https://pilotexp.s3.ca-central-1.amazonaws.com/cifar10/IMG_TRANSFORMED/contrast/batch_2_8116.png,1,0,1
brightness/batch_3_5005.png,https://pilotexp.s3.ca-central-1.amazonaws.com/cifar10/IMG_ORIGINAL/brightness/batch_3_5005.png,https://pilotexp.s3.ca-central-1.amazonaws.com/cifar10/IMG_TRANSFORMED/brightness/batch_3_5005.png,0,0,0
brightness/batch_2_6323.png,https://pilotexp.s3.ca-central-1.amazonaws.com/cifar10/IMG_ORIGINAL/brightness/batch_2_6323.png,https://pilotexp.s3.ca-central-1.amazonaws.com/cifar10/IMG_TRANSFORMED/brightness/batch_2_6323.png,0,0,0
contrast/batch_5_3555.png,https://pilotexp.s3.ca-central-1.amazonaws.com/cifar10/IMG_ORIGINAL/contrast/batch_5_3555.png,https://pilotexp.s3.ca-central-1.amazonaws.com/cifar10/IMG_TRANSFORMED/contrast/batch_5_3555.png,1,1,0
frost/batch_1_4076.png,https://pilotexp.s3.ca-central-1.amazonaws.com/cifar10/IMG_ORIGINAL/frost/batch_1_4076.png,https://pilotexp.s3.ca-central-1.amazonaws.com/cifar10/IMG_TRANSFORMED/frost/batch_1_4076.png,0,0,0
frost/batch_2_6307.png,https://pilotexp.s3.ca-central-1.amazonaws.com/cifar10/IMG_ORIGINAL/frost/batch_2_6307.png,https://pilotexp.s3.ca-central-1.amazonaws.com/cifar10/IMG_TRANSFORMED/frost/batch_2_6307.png,1,0,1
jpeg_compression/batch_3_9707.png,https://pilotexp.s3.ca-central-1.amazonaws.com/cifar10/IMG_ORIGINAL/jpeg_compression/batch_3_9707.png,https://pilotexp.s3.ca-central-1.amazonaws.com/cifar10/IMG_TRANSFORMED/jpeg_compression/batch_3_9707.png,0,0,0
jpeg_compression/batch_2_6571.png,https://pilotexp.s3.ca-central-1.amazonaws.com/cifar10/IMG_ORIGINAL/jpeg_compression/batch_2_6571.png,https://pilotexp.s3.ca-central-1.amazonaws.com/cifar10/IMG_TRANSFORMED/jpeg_compression/batch_2_6571.png,0,0,0
jpeg_compression/batch_1_1019.png,https://pilotexp.s3.ca-central-1.amazonaws.com/cifar10/IMG_ORIGINAL/jpeg_compression/batch_1_1019.png,https://pilotexp.s3.ca-central-1.amazonaws.com/cifar10/IMG_TRANSFORMED/jpeg_compression/batch_1_1019.png,0,0,0
frost/batch_2_77.png,https://pilotexp.s3.ca-central-1.amazonaws.com/cifar10/IMG_ORIGINAL/frost/batch_2_77.png,https://pilotexp.s3.ca-central-1.amazonaws.com/cifar10/IMG_TRANSFORMED/frost/batch_2_77.png,0,0,0
brightness/batch_3_1458.png,https://pilotexp.s3.ca-central-1.amazonaws.com/cifar10/IMG_ORIGINAL/brightness/batch_3_1458.png,https://pilotexp.s3.ca-central-1.amazonaws.com/cifar10/IMG_TRANSFORMED/brightness/batch_3_1458.png,0,0,0
brightness/batch_5_7782.png,https://pilotexp.s3.ca-central-1.amazonaws.com/cifar10/IMG_ORIGINAL/brightness/batch_5_7782.png,https://pilotexp.s3.ca-central-1.amazonaws.com/cifar10/IMG_TRANSFORMED/brightness/batch_5_7782.png,0,1,0
jpeg_compression/batch_5_1174.png,https://pilotexp.s3.ca-central-1.amazonaws.com/cifar10/IMG_ORIGINAL/jpeg_compression/batch_5_1174.png,https://pilotexp.s3.ca-central-1.amazonaws.com/cifar10/IMG_TRANSFORMED/jpeg_compression/batch_5_1174.png,0,0,0
contrast/batch_4_2192.png,https://pilotexp.s3.ca-central-1.amazonaws.com/cifar10/IMG_ORIGINAL/contrast/batch_4_2192.png,https://pilotexp.s3.ca-central-1.amazonaws.com/cifar10/IMG_TRANSFORMED/contrast/batch_4_2192.png,1,1,0
jpeg_compression/batch_2_3374.png,https://pilotexp.s3.ca-central-1.amazonaws.com/cifar10/IMG_ORIGINAL/jpeg_compression/batch_2_3374.png,https://pilotexp.s3.ca-central-1.amazonaws.com/cifar10/IMG_TRANSFORMED/jpeg_compression/batch_2_3374.png,1,0,1
brightness/batch_2_1303.png,https://pilotexp.s3.ca-central-1.amazonaws.com/cifar10/IMG_ORIGINAL/brightness/batch_2_1303.png,https://pilotexp.s3.ca-central-1.amazonaws.com/cifar10/IMG_TRANSFORMED/brightness/batch_2_1303.png,0,0,0
frost/batch_1_178.png,https://pilotexp.s3.ca-central-1.amazonaws.com/cifar10/IMG_ORIGINAL/frost/batch_1_178.png,https://pilotexp.s3.ca-central-1.amazonaws.com/cifar10/IMG_TRANSFORMED/frost/batch_1_178.png,0,0,0
brightness/batch_2_9661.png,https://pilotexp.s3.ca-central-1.amazonaws.com/cifar10/IMG_ORIGINAL/brightness/batch_2_9661.png,https://pilotexp.s3.ca-central-1.amazonaws.com/cifar10/IMG_TRANSFORMED/brightness/batch_2_9661.png,1,0,1
brightness/batch_3_4583.png,https://pilotexp.s3.ca-central-1.amazonaws.com/cifar10/IMG_ORIGINAL/brightness/batch_3_4583.png,https://pilotexp.s3.ca-central-1.amazonaws.com/cifar10/IMG_TRANSFORMED/brightness/batch_3_4583.png,0,0,0
jpeg_compression/batch_3_5240.png,https://pilotexp.s3.ca-central-1.amazonaws.com/cifar10/IMG_ORIGINAL/jpeg_compression/batch_3_5240.png,https://pilotexp.s3.ca-central-1.amazonaws.com/cifar10/IMG_TRANSFORMED/jpeg_compression/batch_3_5240.png,0,1,1
brightness/batch_4_2738.png,https://pilotexp.s3.ca-central-1.amazonaws.com/cifar10/IMG_ORIGINAL/brightness/batch_4_2738.png,https://pilotexp.s3.ca-central-1.amazonaws.com/cifar10/IMG_TRANSFORMED/brightness/batch_4_2738.png,0,0,0
contrast/batch_1_4252.png,https://pilotexp.s3.ca-central-1.amazonaws.com/cifar10/IMG_ORIGINAL/contrast/batch_1_4252.png,https://pilotexp.s3.ca-central-1.amazonaws.com/cifar10/IMG_TRANSFORMED/contrast/batch_1_4252.png,1,0,0
brightness/batch_5_1593.png,https://pilotexp.s3.ca-central-1.amazonaws.com/cifar10/IMG_ORIGINAL/brightness/batch_5_1593.png,https://pilotexp.s3.ca-central-1.amazonaws.com/cifar10/IMG_TRANSFORMED/brightness/batch_5_1593.png,0,0,0
jpeg_compression/batch_3_8788.png,https://pilotexp.s3.ca-central-1.amazonaws.com/cifar10/IMG_ORIGINAL/jpeg_compression/batch_3_8788.png,https://pilotexp.s3.ca-central-1.amazonaws.com/cifar10/IMG_TRANSFORMED/jpeg_compression/batch_3_8788.png,0,0,0
jpeg_compression/batch_5_5290.png,https://pilotexp.s3.ca-central-1.amazonaws.com/cifar10/IMG_ORIGINAL/jpeg_compression/batch_5_5290.png,https://pilotexp.s3.ca-central-1.amazonaws.com/cifar10/IMG_TRANSFORMED/jpeg_compression/batch_5_5290.png,0,0,0
frost/batch_2_7887.png,https://pilotexp.s3.ca-central-1.amazonaws.com/cifar10/IMG_ORIGINAL/frost/batch_2_7887.png,https://pilotexp.s3.ca-central-1.amazonaws.com/cifar10/IMG_TRANSFORMED/frost/batch_2_7887.png,0,0,0
frost/batch_1_6144.png,https://pilotexp.s3.ca-central-1.amazonaws.com/cifar10/IMG_ORIGINAL/frost/batch_1_6144.png,https://pilotexp.s3.ca-central-1.amazonaws.com/cifar10/IMG_TRANSFORMED/frost/batch_1_6144.png,0,0,0
frost/batch_4_2244.png,https://pilotexp.s3.ca-central-1.amazonaws.com/cifar10/IMG_ORIGINAL/frost/batch_4_2244.png,https://pilotexp.s3.ca-central-1.amazonaws.com/cifar10/IMG_TRANSFORMED/frost/batch_4_2244.png,0,0,0
frost/batch_1_9911.png,https://pilotexp.s3.ca-central-1.amazonaws.com/cifar10/IMG_ORIGINAL/frost/batch_1_9911.png,https://pilotexp.s3.ca-central-1.amazonaws.com/cifar10/IMG_TRANSFORMED/frost/batch_1_9911.png,1,0,1
frost/batch_3_805.png,https://pilotexp.s3.ca-central-1.amazonaws.com/cifar10/IMG_ORIGINAL/frost/batch_3_805.png,https://pilotexp.s3.ca-central-1.amazonaws.com/cifar10/IMG_TRANSFORMED/frost/batch_3_805.png,0,0,0
jpeg_compression/batch_3_5099.png,https://pilotexp.s3.ca-central-1.amazonaws.com/cifar10/IMG_ORIGINAL/jpeg_compression/batch_3_5099.png,https://pilotexp.s3.ca-central-1.amazonaws.com/cifar10/IMG_TRANSFORMED/jpeg_compression/batch_3_5099.png,0,0,0
jpeg_compression/batch_5_9500.png,https://pilotexp.s3.ca-central-1.amazonaws.com/cifar10/IMG_ORIGINAL/jpeg_compression/batch_5_9500.png,https://pilotexp.s3.ca-central-1.amazonaws.com/cifar10/IMG_TRANSFORMED/jpeg_compression/batch_5_9500.png,0,0,0
frost/batch_1_6976.png,https://pilotexp.s3.ca-central-1.amazonaws.com/cifar10/IMG_ORIGINAL/frost/batch_1_6976.png,https://pilotexp.s3.ca-central-1.amazonaws.com/cifar10/IMG_TRANSFORMED/frost/batch_1_6976.png,0,0,0
frost/batch_2_1165.png,https://pilotexp.s3.ca-central-1.amazonaws.com/cifar10/IMG_ORIGINAL/frost/batch_2_1165.png,https://pilotexp.s3.ca-central-1.amazonaws.com/cifar10/IMG_TRANSFORMED/frost/batch_2_1165.png,0,0,0
jpeg_compression/batch_1_3483.png,https://pilotexp.s3.ca-central-1.amazonaws.com/cifar10/IMG_ORIGINAL/jpeg_compression/batch_1_3483.png,https://pilotexp.s3.ca-central-1.amazonaws.com/cifar10/IMG_TRANSFORMED/jpeg_compression/batch_1_3483.png,1,1,0
jpeg_compression/batch_1_6322.png,https://pilotexp.s3.ca-central-1.amazonaws.com/cifar10/IMG_ORIGINAL/jpeg_compression/batch_1_6322.png,https://pilotexp.s3.ca-central-1.amazonaws.com/cifar10/IMG_TRANSFORMED/jpeg_compression/batch_1_6322.png,0,0,0
brightness/batch_5_4639.png,https://pilotexp.s3.ca-central-1.amazonaws.com/cifar10/IMG_ORIGINAL/brightness/batch_5_4639.png,https://pilotexp.s3.ca-central-1.amazonaws.com/cifar10/IMG_TRANSFORMED/brightness/batch_5_4639.png,0,0,0
brightness/batch_4_330.png,https://pilotexp.s3.ca-central-1.amazonaws.com/cifar10/IMG_ORIGINAL/brightness/batch_4_330.png,https://pilotexp.s3.ca-central-1.amazonaws.com/cifar10/IMG_TRANSFORMED/brightness/batch_4_330.png,0,0,0
jpeg_compression/batch_1_4478.png,https://pilotexp.s3.ca-central-1.amazonaws.com/cifar10/IMG_ORIGINAL/jpeg_compression/batch_1_4478.png,https://pilotexp.s3.ca-central-1.amazonaws.com/cifar10/IMG_TRANSFORMED/jpeg_compression/batch_1_4478.png,0,0,0
jpeg_compression/batch_1_9382.png,https://pilotexp.s3.ca-central-1.amazonaws.com/cifar10/IMG_ORIGINAL/jpeg_compression/batch_1_9382.png,https://pilotexp.s3.ca-central-1.amazonaws.com/cifar10/IMG_TRANSFORMED/jpeg_compression/batch_1_9382.png,1,1,0
jpeg_compression/batch_1_1375.png,https://pilotexp.s3.ca-central-1.amazonaws.com/cifar10/IMG_ORIGINAL/jpeg_compression/batch_1_1375.png,https://pilotexp.s3.ca-central-1.amazonaws.com/cifar10/IMG_TRANSFORMED/jpeg_compression/batch_1_1375.png,0,0,0
contrast/batch_5_5534.png,https://pilotexp.s3.ca-central-1.amazonaws.com/cifar10/IMG_ORIGINAL/contrast/batch_5_5534.png,https://pilotexp.s3.ca-central-1.amazonaws.com/cifar10/IMG_TRANSFORMED/contrast/batch_5_5534.png,0,0,0
jpeg_compression/batch_1_6202.png,https://pilotexp.s3.ca-central-1.amazonaws.com/cifar10/IMG_ORIGINAL/jpeg_compression/batch_1_6202.png,https://pilotexp.s3.ca-central-1.amazonaws.com/cifar10/IMG_TRANSFORMED/jpeg_compression/batch_1_6202.png,0,0,0
jpeg_compression/batch_1_995.png,https://pilotexp.s3.ca-central-1.amazonaws.com/cifar10/IMG_ORIGINAL/jpeg_compression/batch_1_995.png,https://pilotexp.s3.ca-central-1.amazonaws.com/cifar10/IMG_TRANSFORMED/jpeg_compression/batch_1_995.png,0,0,0
frost/batch_5_3178.png,https://pilotexp.s3.ca-central-1.amazonaws.com/cifar10/IMG_ORIGINAL/frost/batch_5_3178.png,https://pilotexp.s3.ca-central-1.amazonaws.com/cifar10/IMG_TRANSFORMED/frost/batch_5_3178.png,1,1,0
contrast/batch_4_5053.png,https://pilotexp.s3.ca-central-1.amazonaws.com/cifar10/IMG_ORIGINAL/contrast/batch_4_5053.png,https://pilotexp.s3.ca-central-1.amazonaws.com/cifar10/IMG_TRANSFORMED/contrast/batch_4_5053.png,0,0,0
frost/batch_1_5333.png,https://pilotexp.s3.ca-central-1.amazonaws.com/cifar10/IMG_ORIGINAL/frost/batch_1_5333.png,https://pilotexp.s3.ca-central-1.amazonaws.com/cifar10/IMG_TRANSFORMED/frost/batch_1_5333.png,0,0,0
frost/batch_2_4731.png,https://pilotexp.s3.ca-central-1.amazonaws.com/cifar10/IMG_ORIGINAL/frost/batch_2_4731.png,https://pilotexp.s3.ca-central-1.amazonaws.com/cifar10/IMG_TRANSFORMED/frost/batch_2_4731.png,1,1,0
brightness/batch_3_1777.png,https://pilotexp.s3.ca-central-1.amazonaws.com/cifar10/IMG_ORIGINAL/brightness/batch_3_1777.png,https://pilotexp.s3.ca-central-1.amazonaws.com/cifar10/IMG_TRANSFORMED/brightness/batch_3_1777.png,0,0,0
contrast/batch_3_9956.png,https://pilotexp.s3.ca-central-1.amazonaws.com/cifar10/IMG_ORIGINAL/contrast/batch_3_9956.png,https://pilotexp.s3.ca-central-1.amazonaws.com/cifar10/IMG_TRANSFORMED/contrast/batch_3_9956.png,1,1,0
contrast/batch_5_3945.png,https://pilotexp.s3.ca-central-1.amazonaws.com/cifar10/IMG_ORIGINAL/contrast/batch_5_3945.png,https://pilotexp.s3.ca-central-1.amazonaws.com/cifar10/IMG_TRANSFORMED/contrast/batch_5_3945.png,0,1,1
brightness/batch_1_8634.png,https://pilotexp.s3.ca-central-1.amazonaws.com/cifar10/IMG_ORIGINAL/brightness/batch_1_8634.png,https://pilotexp.s3.ca-central-1.amazonaws.com/cifar10/IMG_TRANSFORMED/brightness/batch_1_8634.png,0,0,0
contrast/batch_1_4507.png,https://pilotexp.s3.ca-central-1.amazonaws.com/cifar10/IMG_ORIGINAL/contrast/batch_1_4507.png,https://pilotexp.s3.ca-central-1.amazonaws.com/cifar10/IMG_TRANSFORMED/contrast/batch_1_4507.png,0,0,0
contrast/batch_5_7289.png,https://pilotexp.s3.ca-central-1.amazonaws.com/cifar10/IMG_ORIGINAL/contrast/batch_5_7289.png,https://pilotexp.s3.ca-central-1.amazonaws.com/cifar10/IMG_TRANSFORMED/contrast/batch_5_7289.png,0,0,0
brightness/batch_5_9932.png,https://pilotexp.s3.ca-central-1.amazonaws.com/cifar10/IMG_ORIGINAL/brightness/batch_5_9932.png,https://pilotexp.s3.ca-central-1.amazonaws.com/cifar10/IMG_TRANSFORMED/brightness/batch_5_9932.png,1,1,0
frost/batch_1_2906.png,https://pilotexp.s3.ca-central-1.amazonaws.com/cifar10/IMG_ORIGINAL/frost/batch_1_2906.png,https://pilotexp.s3.ca-central-1.amazonaws.com/cifar10/IMG_TRANSFORMED/frost/batch_1_2906.png,0,0,0
jpeg_compression/batch_5_854.png,https://pilotexp.s3.ca-central-1.amazonaws.com/cifar10/IMG_ORIGINAL/jpeg_compression/batch_5_854.png,https://pilotexp.s3.ca-central-1.amazonaws.com/cifar10/IMG_TRANSFORMED/jpeg_compression/batch_5_854.png,0,0,0
jpeg_compression/batch_4_3230.png,https://pilotexp.s3.ca-central-1.amazonaws.com/cifar10/IMG_ORIGINAL/jpeg_compression/batch_4_3230.png,https://pilotexp.s3.ca-central-1.amazonaws.com/cifar10/IMG_TRANSFORMED/jpeg_compression/batch_4_3230.png,1,1,0
jpeg_compression/batch_1_4915.png,https://pilotexp.s3.ca-central-1.amazonaws.com/cifar10/IMG_ORIGINAL/jpeg_compression/batch_1_4915.png,https://pilotexp.s3.ca-central-1.amazonaws.com/cifar10/IMG_TRANSFORMED/jpeg_compression/batch_1_4915.png,0,0,0
contrast/batch_2_8660.png,https://pilotexp.s3.ca-central-1.amazonaws.com/cifar10/IMG_ORIGINAL/contrast/batch_2_8660.png,https://pilotexp.s3.ca-central-1.amazonaws.com/cifar10/IMG_TRANSFORMED/contrast/batch_2_8660.png,0,0,0
contrast/batch_4_2823.png,https://pilotexp.s3.ca-central-1.amazonaws.com/cifar10/IMG_ORIGINAL/contrast/batch_4_2823.png,https://pilotexp.s3.ca-central-1.amazonaws.com/cifar10/IMG_TRANSFORMED/contrast/batch_4_2823.png,0,0,0
contrast/batch_3_7593.png,https://pilotexp.s3.ca-central-1.amazonaws.com/cifar10/IMG_ORIGINAL/contrast/batch_3_7593.png,https://pilotexp.s3.ca-central-1.amazonaws.com/cifar10/IMG_TRANSFORMED/contrast/batch_3_7593.png,1,1,0
contrast/batch_1_2154.png,https://pilotexp.s3.ca-central-1.amazonaws.com/cifar10/IMG_ORIGINAL/contrast/batch_1_2154.png,https://pilotexp.s3.ca-central-1.amazonaws.com/cifar10/IMG_TRANSFORMED/contrast/batch_1_2154.png,0,0,0
contrast/batch_4_5316.png,https://pilotexp.s3.ca-central-1.amazonaws.com/cifar10/IMG_ORIGINAL/contrast/batch_4_5316.png,https://pilotexp.s3.ca-central-1.amazonaws.com/cifar10/IMG_TRANSFORMED/contrast/batch_4_5316.png,0,0,0
jpeg_compression/batch_5_5034.png,https://pilotexp.s3.ca-central-1.amazonaws.com/cifar10/IMG_ORIGINAL/jpeg_compression/batch_5_5034.png,https://pilotexp.s3.ca-central-1.amazonaws.com/cifar10/IMG_TRANSFORMED/jpeg_compression/batch_5_5034.png,0,0,0
frost/batch_1_3362.png,https://pilotexp.s3.ca-central-1.amazonaws.com/cifar10/IMG_ORIGINAL/frost/batch_1_3362.png,https://pilotexp.s3.ca-central-1.amazonaws.com/cifar10/IMG_TRANSFORMED/frost/batch_1_3362.png,0,0,0
contrast/batch_5_1031.png,https://pilotexp.s3.ca-central-1.amazonaws.com/cifar10/IMG_ORIGINAL/contrast/batch_5_1031.png,https://pilotexp.s3.ca-central-1.amazonaws.com/cifar10/IMG_TRANSFORMED/contrast/batch_5_1031.png,0,0,0
frost/batch_4_820.png,https://pilotexp.s3.ca-central-1.amazonaws.com/cifar10/IMG_ORIGINAL/frost/batch_4_820.png,https://pilotexp.s3.ca-central-1.amazonaws.com/cifar10/IMG_TRANSFORMED/frost/batch_4_820.png,0,0,0
jpeg_compression/batch_1_8369.png,https://pilotexp.s3.ca-central-1.amazonaws.com/cifar10/IMG_ORIGINAL/jpeg_compression/batch_1_8369.png,https://pilotexp.s3.ca-central-1.amazonaws.com/cifar10/IMG_TRANSFORMED/jpeg_compression/batch_1_8369.png,0,0,0
frost/batch_3_1056.png,https://pilotexp.s3.ca-central-1.amazonaws.com/cifar10/IMG_ORIGINAL/frost/batch_3_1056.png,https://pilotexp.s3.ca-central-1.amazonaws.com/cifar10/IMG_TRANSFORMED/frost/batch_3_1056.png,1,1,0
contrast/batch_1_1335.png,https://pilotexp.s3.ca-central-1.amazonaws.com/cifar10/IMG_ORIGINAL/contrast/batch_1_1335.png,https://pilotexp.s3.ca-central-1.amazonaws.com/cifar10/IMG_TRANSFORMED/contrast/batch_1_1335.png,0,0,0
frost/batch_2_1779.png,https://pilotexp.s3.ca-central-1.amazonaws.com/cifar10/IMG_ORIGINAL/frost/batch_2_1779.png,https://pilotexp.s3.ca-central-1.amazonaws.com/cifar10/IMG_TRANSFORMED/frost/batch_2_1779.png,0,0,0
contrast/batch_4_1842.png,https://pilotexp.s3.ca-central-1.amazonaws.com/cifar10/IMG_ORIGINAL/contrast/batch_4_1842.png,https://pilotexp.s3.ca-central-1.amazonaws.com/cifar10/IMG_TRANSFORMED/contrast/batch_4_1842.png,0,0,0
brightness/batch_2_6329.png,https://pilotexp.s3.ca-central-1.amazonaws.com/cifar10/IMG_ORIGINAL/brightness/batch_2_6329.png,https://pilotexp.s3.ca-central-1.amazonaws.com/cifar10/IMG_TRANSFORMED/brightness/batch_2_6329.png,1,0,1
contrast/batch_4_7666.png,https://pilotexp.s3.ca-central-1.amazonaws.com/cifar10/IMG_ORIGINAL/contrast/batch_4_7666.png,https://pilotexp.s3.ca-central-1.amazonaws.com/cifar10/IMG_TRANSFORMED/contrast/batch_4_7666.png,1,1,0
contrast/batch_1_385.png,https://pilotexp.s3.ca-central-1.amazonaws.com/cifar10/IMG_ORIGINAL/contrast/batch_1_385.png,https://pilotexp.s3.ca-central-1.amazonaws.com/cifar10/IMG_TRANSFORMED/contrast/batch_1_385.png,1,1,0
frost/batch_2_5041.png,https://pilotexp.s3.ca-central-1.amazonaws.com/cifar10/IMG_ORIGINAL/frost/batch_2_5041.png,https://pilotexp.s3.ca-central-1.amazonaws.com/cifar10/IMG_TRANSFORMED/frost/batch_2_5041.png,0,0,0
jpeg_compression/batch_5_6824.png,https://pilotexp.s3.ca-central-1.amazonaws.com/cifar10/IMG_ORIGINAL/jpeg_compression/batch_5_6824.png,https://pilotexp.s3.ca-central-1.amazonaws.com/cifar10/IMG_TRANSFORMED/jpeg_compression/batch_5_6824.png,0,0,0
contrast/batch_5_1291.png,https://pilotexp.s3.ca-central-1.amazonaws.com/cifar10/IMG_ORIGINAL/contrast/batch_5_1291.png,https://pilotexp.s3.ca-central-1.amazonaws.com/cifar10/IMG_TRANSFORMED/contrast/batch_5_1291.png,1,1,0
jpeg_compression/batch_2_237.png,https://pilotexp.s3.ca-central-1.amazonaws.com/cifar10/IMG_ORIGINAL/jpeg_compression/batch_2_237.png,https://pilotexp.s3.ca-central-1.amazonaws.com/cifar10/IMG_TRANSFORMED/jpeg_compression/batch_2_237.png,0,0,0
contrast/batch_5_9854.png,https://pilotexp.s3.ca-central-1.amazonaws.com/cifar10/IMG_ORIGINAL/contrast/batch_5_9854.png,https://pilotexp.s3.ca-central-1.amazonaws.com/cifar10/IMG_TRANSFORMED/contrast/batch_5_9854.png,0,0,0
frost/batch_2_9536.png,https://pilotexp.s3.ca-central-1.amazonaws.com/cifar10/IMG_ORIGINAL/frost/batch_2_9536.png,https://pilotexp.s3.ca-central-1.amazonaws.com/cifar10/IMG_TRANSFORMED/frost/batch_2_9536.png,0,0,0
frost/batch_4_8935.png,https://pilotexp.s3.ca-central-1.amazonaws.com/cifar10/IMG_ORIGINAL/frost/batch_4_8935.png,https://pilotexp.s3.ca-central-1.amazonaws.com/cifar10/IMG_TRANSFORMED/frost/batch_4_8935.png,1,1,0
contrast/batch_1_6167.png,https://pilotexp.s3.ca-central-1.amazonaws.com/cifar10/IMG_ORIGINAL/contrast/batch_1_6167.png,https://pilotexp.s3.ca-central-1.amazonaws.com/cifar10/IMG_TRANSFORMED/contrast/batch_1_6167.png,0,1,1
contrast/batch_4_2839.png,https://pilotexp.s3.ca-central-1.amazonaws.com/cifar10/IMG_ORIGINAL/contrast/batch_4_2839.png,https://pilotexp.s3.ca-central-1.amazonaws.com/cifar10/IMG_TRANSFORMED/contrast/batch_4_2839.png,0,0,0
brightness/batch_1_1799.png,https://pilotexp.s3.ca-central-1.amazonaws.com/cifar10/IMG_ORIGINAL/brightness/batch_1_1799.png,https://pilotexp.s3.ca-central-1.amazonaws.com/cifar10/IMG_TRANSFORMED/brightness/batch_1_1799.png,1,1,0
frost/batch_4_5830.png,https://pilotexp.s3.ca-central-1.amazonaws.com/cifar10/IMG_ORIGINAL/frost/batch_4_5830.png,https://pilotexp.s3.ca-central-1.amazonaws.com/cifar10/IMG_TRANSFORMED/frost/batch_4_5830.png,0,0,0
brightness/batch_5_2706.png,https://pilotexp.s3.ca-central-1.amazonaws.com/cifar10/IMG_ORIGINAL/brightness/batch_5_2706.png,https://pilotexp.s3.ca-central-1.amazonaws.com/cifar10/IMG_TRANSFORMED/brightness/batch_5_2706.png,0,0,0
jpeg_compression/batch_5_2702.png,https://pilotexp.s3.ca-central-1.amazonaws.com/cifar10/IMG_ORIGINAL/jpeg_compression/batch_5_2702.png,https://pilotexp.s3.ca-central-1.amazonaws.com/cifar10/IMG_TRANSFORMED/jpeg_compression/batch_5_2702.png,0,0,0
brightness/batch_3_6833.png,https://pilotexp.s3.ca-central-1.amazonaws.com/cifar10/IMG_ORIGINAL/brightness/batch_3_6833.png,https://pilotexp.s3.ca-central-1.amazonaws.com/cifar10/IMG_TRANSFORMED/brightness/batch_3_6833.png,0,0,0
contrast/batch_1_6925.png,https://pilotexp.s3.ca-central-1.amazonaws.com/cifar10/IMG_ORIGINAL/contrast/batch_1_6925.png,https://pilotexp.s3.ca-central-1.amazonaws.com/cifar10/IMG_TRANSFORMED/contrast/batch_1_6925.png,0,0,0
brightness/batch_3_400.png,https://pilotexp.s3.ca-central-1.amazonaws.com/cifar10/IMG_ORIGINAL/brightness/batch_3_400.png,https://pilotexp.s3.ca-central-1.amazonaws.com/cifar10/IMG_TRANSFORMED/brightness/batch_3_400.png,0,1,1
jpeg_compression/batch_3_7362.png,https://pilotexp.s3.ca-central-1.amazonaws.com/cifar10/IMG_ORIGINAL/jpeg_compression/batch_3_7362.png,https://pilotexp.s3.ca-central-1.amazonaws.com/cifar10/IMG_TRANSFORMED/jpeg_compression/batch_3_7362.png,0,0,0
contrast/batch_2_4804.png,https://pilotexp.s3.ca-central-1.amazonaws.com/cifar10/IMG_ORIGINAL/contrast/batch_2_4804.png,https://pilotexp.s3.ca-central-1.amazonaws.com/cifar10/IMG_TRANSFORMED/contrast/batch_2_4804.png,0,0,0
brightness/batch_4_3189.png,https://pilotexp.s3.ca-central-1.amazonaws.com/cifar10/IMG_ORIGINAL/brightness/batch_4_3189.png,https://pilotexp.s3.ca-central-1.amazonaws.com/cifar10/IMG_TRANSFORMED/brightness/batch_4_3189.png,0,0,0
frost/batch_3_8389.png,https://pilotexp.s3.ca-central-1.amazonaws.com/cifar10/IMG_ORIGINAL/frost/batch_3_8389.png,https://pilotexp.s3.ca-central-1.amazonaws.com/cifar10/IMG_TRANSFORMED/frost/batch_3_8389.png,0,0,0
contrast/batch_5_8256.png,https://pilotexp.s3.ca-central-1.amazonaws.com/cifar10/IMG_ORIGINAL/contrast/batch_5_8256.png,https://pilotexp.s3.ca-central-1.amazonaws.com/cifar10/IMG_TRANSFORMED/contrast/batch_5_8256.png,0,0,0
jpeg_compression/batch_5_867.png,https://pilotexp.s3.ca-central-1.amazonaws.com/cifar10/IMG_ORIGINAL/jpeg_compression/batch_5_867.png,https://pilotexp.s3.ca-central-1.amazonaws.com/cifar10/IMG_TRANSFORMED/jpeg_compression/batch_5_867.png,0,0,0
brightness/batch_2_1155.png,https://pilotexp.s3.ca-central-1.amazonaws.com/cifar10/IMG_ORIGINAL/brightness/batch_2_1155.png,https://pilotexp.s3.ca-central-1.amazonaws.com/cifar10/IMG_TRANSFORMED/brightness/batch_2_1155.png,0,0,0
frost/batch_3_7458.png,https://pilotexp.s3.ca-central-1.amazonaws.com/cifar10/IMG_ORIGINAL/frost/batch_3_7458.png,https://pilotexp.s3.ca-central-1.amazonaws.com/cifar10/IMG_TRANSFORMED/frost/batch_3_7458.png,0,0,0
frost/batch_4_7395.png,https://pilotexp.s3.ca-central-1.amazonaws.com/cifar10/IMG_ORIGINAL/frost/batch_4_7395.png,https://pilotexp.s3.ca-central-1.amazonaws.com/cifar10/IMG_TRANSFORMED/frost/batch_4_7395.png,0,0,0
frost/batch_1_5702.png,https://pilotexp.s3.ca-central-1.amazonaws.com/cifar10/IMG_ORIGINAL/frost/batch_1_5702.png,https://pilotexp.s3.ca-central-1.amazonaws.com/cifar10/IMG_TRANSFORMED/frost/batch_1_5702.png,0,0,0
contrast/batch_2_181.png,https://pilotexp.s3.ca-central-1.amazonaws.com/cifar10/IMG_ORIGINAL/contrast/batch_2_181.png,https://pilotexp.s3.ca-central-1.amazonaws.com/cifar10/IMG_TRANSFORMED/contrast/batch_2_181.png,0,0,0
frost/batch_3_8429.png,https://pilotexp.s3.ca-central-1.amazonaws.com/cifar10/IMG_ORIGINAL/frost/batch_3_8429.png,https://pilotexp.s3.ca-central-1.amazonaws.com/cifar10/IMG_TRANSFORMED/frost/batch_3_8429.png,0,0,0
jpeg_compression/batch_3_3793.png,https://pilotexp.s3.ca-central-1.amazonaws.com/cifar10/IMG_ORIGINAL/jpeg_compression/batch_3_3793.png,https://pilotexp.s3.ca-central-1.amazonaws.com/cifar10/IMG_TRANSFORMED/jpeg_compression/batch_3_3793.png,0,0,0
jpeg_compression/batch_1_8399.png,https://pilotexp.s3.ca-central-1.amazonaws.com/cifar10/IMG_ORIGINAL/jpeg_compression/batch_1_8399.png,https://pilotexp.s3.ca-central-1.amazonaws.com/cifar10/IMG_TRANSFORMED/jpeg_compression/batch_1_8399.png,0,0,0
frost/batch_5_9624.png,https://pilotexp.s3.ca-central-1.amazonaws.com/cifar10/IMG_ORIGINAL/frost/batch_5_9624.png,https://pilotexp.s3.ca-central-1.amazonaws.com/cifar10/IMG_TRANSFORMED/frost/batch_5_9624.png,0,0,0
jpeg_compression/batch_3_9464.png,https://pilotexp.s3.ca-central-1.amazonaws.com/cifar10/IMG_ORIGINAL/jpeg_compression/batch_3_9464.png,https://pilotexp.s3.ca-central-1.amazonaws.com/cifar10/IMG_TRANSFORMED/jpeg_compression/batch_3_9464.png,0,1,1
frost/batch_5_9235.png,https://pilotexp.s3.ca-central-1.amazonaws.com/cifar10/IMG_ORIGINAL/frost/batch_5_9235.png,https://pilotexp.s3.ca-central-1.amazonaws.com/cifar10/IMG_TRANSFORMED/frost/batch_5_9235.png,0,0,0
jpeg_compression/batch_1_4666.png,https://pilotexp.s3.ca-central-1.amazonaws.com/cifar10/IMG_ORIGINAL/jpeg_compression/batch_1_4666.png,https://pilotexp.s3.ca-central-1.amazonaws.com/cifar10/IMG_TRANSFORMED/jpeg_compression/batch_1_4666.png,0,0,0
brightness/batch_5_511.png,https://pilotexp.s3.ca-central-1.amazonaws.com/cifar10/IMG_ORIGINAL/brightness/batch_5_511.png,https://pilotexp.s3.ca-central-1.amazonaws.com/cifar10/IMG_TRANSFORMED/brightness/batch_5_511.png,0,0,0
contrast/batch_5_3799.png,https://pilotexp.s3.ca-central-1.amazonaws.com/cifar10/IMG_ORIGINAL/contrast/batch_5_3799.png,https://pilotexp.s3.ca-central-1.amazonaws.com/cifar10/IMG_TRANSFORMED/contrast/batch_5_3799.png,0,0,0
contrast/batch_3_8142.png,https://pilotexp.s3.ca-central-1.amazonaws.com/cifar10/IMG_ORIGINAL/contrast/batch_3_8142.png,https://pilotexp.s3.ca-central-1.amazonaws.com/cifar10/IMG_TRANSFORMED/contrast/batch_3_8142.png,0,0,0
jpeg_compression/batch_5_9475.png,https://pilotexp.s3.ca-central-1.amazonaws.com/cifar10/IMG_ORIGINAL/jpeg_compression/batch_5_9475.png,https://pilotexp.s3.ca-central-1.amazonaws.com/cifar10/IMG_TRANSFORMED/jpeg_compression/batch_5_9475.png,0,0,0
frost/batch_5_3986.png,https://pilotexp.s3.ca-central-1.amazonaws.com/cifar10/IMG_ORIGINAL/frost/batch_5_3986.png,https://pilotexp.s3.ca-central-1.amazonaws.com/cifar10/IMG_TRANSFORMED/frost/batch_5_3986.png,0,0,0
jpeg_compression/batch_2_5792.png,https://pilotexp.s3.ca-central-1.amazonaws.com/cifar10/IMG_ORIGINAL/jpeg_compression/batch_2_5792.png,https://pilotexp.s3.ca-central-1.amazonaws.com/cifar10/IMG_TRANSFORMED/jpeg_compression/batch_2_5792.png,1,0,1
jpeg_compression/batch_1_5574.png,https://pilotexp.s3.ca-central-1.amazonaws.com/cifar10/IMG_ORIGINAL/jpeg_compression/batch_1_5574.png,https://pilotexp.s3.ca-central-1.amazonaws.com/cifar10/IMG_TRANSFORMED/jpeg_compression/batch_1_5574.png,0,0,0
jpeg_compression/batch_2_4248.png,https://pilotexp.s3.ca-central-1.amazonaws.com/cifar10/IMG_ORIGINAL/jpeg_compression/batch_2_4248.png,https://pilotexp.s3.ca-central-1.amazonaws.com/cifar10/IMG_TRANSFORMED/jpeg_compression/batch_2_4248.png,0,0,0
brightness/batch_5_1322.png,https://pilotexp.s3.ca-central-1.amazonaws.com/cifar10/IMG_ORIGINAL/brightness/batch_5_1322.png,https://pilotexp.s3.ca-central-1.amazonaws.com/cifar10/IMG_TRANSFORMED/brightness/batch_5_1322.png,1,0,1
brightness/batch_3_8569.png,https://pilotexp.s3.ca-central-1.amazonaws.com/cifar10/IMG_ORIGINAL/brightness/batch_3_8569.png,https://pilotexp.s3.ca-central-1.amazonaws.com/cifar10/IMG_TRANSFORMED/brightness/batch_3_8569.png,0,0,0
contrast/batch_5_1669.png,https://pilotexp.s3.ca-central-1.amazonaws.com/cifar10/IMG_ORIGINAL/contrast/batch_5_1669.png,https://pilotexp.s3.ca-central-1.amazonaws.com/cifar10/IMG_TRANSFORMED/contrast/batch_5_1669.png,0,0,0
contrast/batch_3_9938.png,https://pilotexp.s3.ca-central-1.amazonaws.com/cifar10/IMG_ORIGINAL/contrast/batch_3_9938.png,https://pilotexp.s3.ca-central-1.amazonaws.com/cifar10/IMG_TRANSFORMED/contrast/batch_3_9938.png,1,0,1
jpeg_compression/batch_4_2406.png,https://pilotexp.s3.ca-central-1.amazonaws.com/cifar10/IMG_ORIGINAL/jpeg_compression/batch_4_2406.png,https://pilotexp.s3.ca-central-1.amazonaws.com/cifar10/IMG_TRANSFORMED/jpeg_compression/batch_4_2406.png,0,0,0
contrast/batch_5_4877.png,https://pilotexp.s3.ca-central-1.amazonaws.com/cifar10/IMG_ORIGINAL/contrast/batch_5_4877.png,https://pilotexp.s3.ca-central-1.amazonaws.com/cifar10/IMG_TRANSFORMED/contrast/batch_5_4877.png,0,0,0
contrast/batch_1_9871.png,https://pilotexp.s3.ca-central-1.amazonaws.com/cifar10/IMG_ORIGINAL/contrast/batch_1_9871.png,https://pilotexp.s3.ca-central-1.amazonaws.com/cifar10/IMG_TRANSFORMED/contrast/batch_1_9871.png,0,0,0
brightness/batch_3_2253.png,https://pilotexp.s3.ca-central-1.amazonaws.com/cifar10/IMG_ORIGINAL/brightness/batch_3_2253.png,https://pilotexp.s3.ca-central-1.amazonaws.com/cifar10/IMG_TRANSFORMED/brightness/batch_3_2253.png,0,0,0
contrast/batch_3_8999.png,https://pilotexp.s3.ca-central-1.amazonaws.com/cifar10/IMG_ORIGINAL/contrast/batch_3_8999.png,https://pilotexp.s3.ca-central-1.amazonaws.com/cifar10/IMG_TRANSFORMED/contrast/batch_3_8999.png,0,0,0
jpeg_compression/batch_3_4366.png,https://pilotexp.s3.ca-central-1.amazonaws.com/cifar10/IMG_ORIGINAL/jpeg_compression/batch_3_4366.png,https://pilotexp.s3.ca-central-1.amazonaws.com/cifar10/IMG_TRANSFORMED/jpeg_compression/batch_3_4366.png,0,0,0
jpeg_compression/batch_3_6975.png,https://pilotexp.s3.ca-central-1.amazonaws.com/cifar10/IMG_ORIGINAL/jpeg_compression/batch_3_6975.png,https://pilotexp.s3.ca-central-1.amazonaws.com/cifar10/IMG_TRANSFORMED/jpeg_compression/batch_3_6975.png,0,0,0
brightness/batch_2_8416.png,https://pilotexp.s3.ca-central-1.amazonaws.com/cifar10/IMG_ORIGINAL/brightness/batch_2_8416.png,https://pilotexp.s3.ca-central-1.amazonaws.com/cifar10/IMG_TRANSFORMED/brightness/batch_2_8416.png,0,0,0
contrast/batch_3_225.png,https://pilotexp.s3.ca-central-1.amazonaws.com/cifar10/IMG_ORIGINAL/contrast/batch_3_225.png,https://pilotexp.s3.ca-central-1.amazonaws.com/cifar10/IMG_TRANSFORMED/contrast/batch_3_225.png,0,0,0
brightness/batch_4_5717.png,https://pilotexp.s3.ca-central-1.amazonaws.com/cifar10/IMG_ORIGINAL/brightness/batch_4_5717.png,https://pilotexp.s3.ca-central-1.amazonaws.com/cifar10/IMG_TRANSFORMED/brightness/batch_4_5717.png,1,1,0
frost/batch_5_9282.png,https://pilotexp.s3.ca-central-1.amazonaws.com/cifar10/IMG_ORIGINAL/frost/batch_5_9282.png,https://pilotexp.s3.ca-central-1.amazonaws.com/cifar10/IMG_TRANSFORMED/frost/batch_5_9282.png,0,0,0
frost/batch_3_9231.png,https://pilotexp.s3.ca-central-1.amazonaws.com/cifar10/IMG_ORIGINAL/frost/batch_3_9231.png,https://pilotexp.s3.ca-central-1.amazonaws.com/cifar10/IMG_TRANSFORMED/frost/batch_3_9231.png,1,0,1
jpeg_compression/batch_3_4348.png,https://pilotexp.s3.ca-central-1.amazonaws.com/cifar10/IMG_ORIGINAL/jpeg_compression/batch_3_4348.png,https://pilotexp.s3.ca-central-1.amazonaws.com/cifar10/IMG_TRANSFORMED/jpeg_compression/batch_3_4348.png,0,0,0
contrast/batch_4_9311.png,https://pilotexp.s3.ca-central-1.amazonaws.com/cifar10/IMG_ORIGINAL/contrast/batch_4_9311.png,https://pilotexp.s3.ca-central-1.amazonaws.com/cifar10/IMG_TRANSFORMED/contrast/batch_4_9311.png,0,0,0
brightness/batch_5_3027.png,https://pilotexp.s3.ca-central-1.amazonaws.com/cifar10/IMG_ORIGINAL/brightness/batch_5_3027.png,https://pilotexp.s3.ca-central-1.amazonaws.com/cifar10/IMG_TRANSFORMED/brightness/batch_5_3027.png,0,0,0
frost/batch_2_8027.png,https://pilotexp.s3.ca-central-1.amazonaws.com/cifar10/IMG_ORIGINAL/frost/batch_2_8027.png,https://pilotexp.s3.ca-central-1.amazonaws.com/cifar10/IMG_TRANSFORMED/frost/batch_2_8027.png,0,0,0
frost/batch_1_9561.png,https://pilotexp.s3.ca-central-1.amazonaws.com/cifar10/IMG_ORIGINAL/frost/batch_1_9561.png,https://pilotexp.s3.ca-central-1.amazonaws.com/cifar10/IMG_TRANSFORMED/frost/batch_1_9561.png,1,0,0
brightness/batch_5_718.png,https://pilotexp.s3.ca-central-1.amazonaws.com/cifar10/IMG_ORIGINAL/brightness/batch_5_718.png,https://pilotexp.s3.ca-central-1.amazonaws.com/cifar10/IMG_TRANSFORMED/brightness/batch_5_718.png,0,0,0
contrast/batch_4_7819.png,https://pilotexp.s3.ca-central-1.amazonaws.com/cifar10/IMG_ORIGINAL/contrast/batch_4_7819.png,https://pilotexp.s3.ca-central-1.amazonaws.com/cifar10/IMG_TRANSFORMED/contrast/batch_4_7819.png,1,0,1
brightness/batch_3_239.png,https://pilotexp.s3.ca-central-1.amazonaws.com/cifar10/IMG_ORIGINAL/brightness/batch_3_239.png,https://pilotexp.s3.ca-central-1.amazonaws.com/cifar10/IMG_TRANSFORMED/brightness/batch_3_239.png,0,1,1
brightness/batch_2_99.png,https://pilotexp.s3.ca-central-1.amazonaws.com/cifar10/IMG_ORIGINAL/brightness/batch_2_99.png,https://pilotexp.s3.ca-central-1.amazonaws.com/cifar10/IMG_TRANSFORMED/brightness/batch_2_99.png,0,0,0
contrast/batch_1_8554.png,https://pilotexp.s3.ca-central-1.amazonaws.com/cifar10/IMG_ORIGINAL/contrast/batch_1_8554.png,https://pilotexp.s3.ca-central-1.amazonaws.com/cifar10/IMG_TRANSFORMED/contrast/batch_1_8554.png,0,0,0
contrast/batch_5_1279.png,https://pilotexp.s3.ca-central-1.amazonaws.com/cifar10/IMG_ORIGINAL/contrast/batch_5_1279.png,https://pilotexp.s3.ca-central-1.amazonaws.com/cifar10/IMG_TRANSFORMED/contrast/batch_5_1279.png,1,1,0
jpeg_compression/batch_1_5777.png,https://pilotexp.s3.ca-central-1.amazonaws.com/cifar10/IMG_ORIGINAL/jpeg_compression/batch_1_5777.png,https://pilotexp.s3.ca-central-1.amazonaws.com/cifar10/IMG_TRANSFORMED/jpeg_compression/batch_1_5777.png,0,1,1
contrast/batch_3_788.png,https://pilotexp.s3.ca-central-1.amazonaws.com/cifar10/IMG_ORIGINAL/contrast/batch_3_788.png,https://pilotexp.s3.ca-central-1.amazonaws.com/cifar10/IMG_TRANSFORMED/contrast/batch_3_788.png,0,0,0
jpeg_compression/batch_1_2651.png,https://pilotexp.s3.ca-central-1.amazonaws.com/cifar10/IMG_ORIGINAL/jpeg_compression/batch_1_2651.png,https://pilotexp.s3.ca-central-1.amazonaws.com/cifar10/IMG_TRANSFORMED/jpeg_compression/batch_1_2651.png,0,0,0
brightness/batch_2_9327.png,https://pilotexp.s3.ca-central-1.amazonaws.com/cifar10/IMG_ORIGINAL/brightness/batch_2_9327.png,https://pilotexp.s3.ca-central-1.amazonaws.com/cifar10/IMG_TRANSFORMED/brightness/batch_2_9327.png,0,0,0
brightness/batch_2_5099.png,https://pilotexp.s3.ca-central-1.amazonaws.com/cifar10/IMG_ORIGINAL/brightness/batch_2_5099.png,https://pilotexp.s3.ca-central-1.amazonaws.com/cifar10/IMG_TRANSFORMED/brightness/batch_2_5099.png,0,0,0
contrast/batch_3_9645.png,https://pilotexp.s3.ca-central-1.amazonaws.com/cifar10/IMG_ORIGINAL/contrast/batch_3_9645.png,https://pilotexp.s3.ca-central-1.amazonaws.com/cifar10/IMG_TRANSFORMED/contrast/batch_3_9645.png,0,0,0
brightness/batch_2_8703.png,https://pilotexp.s3.ca-central-1.amazonaws.com/cifar10/IMG_ORIGINAL/brightness/batch_2_8703.png,https://pilotexp.s3.ca-central-1.amazonaws.com/cifar10/IMG_TRANSFORMED/brightness/batch_2_8703.png,1,0,1
brightness/batch_5_8761.png,https://pilotexp.s3.ca-central-1.amazonaws.com/cifar10/IMG_ORIGINAL/brightness/batch_5_8761.png,https://pilotexp.s3.ca-central-1.amazonaws.com/cifar10/IMG_TRANSFORMED/brightness/batch_5_8761.png,0,0,0
brightness/batch_2_1949.png,https://pilotexp.s3.ca-central-1.amazonaws.com/cifar10/IMG_ORIGINAL/brightness/batch_2_1949.png,https://pilotexp.s3.ca-central-1.amazonaws.com/cifar10/IMG_TRANSFORMED/brightness/batch_2_1949.png,0,0,0
brightness/batch_1_1734.png,https://pilotexp.s3.ca-central-1.amazonaws.com/cifar10/IMG_ORIGINAL/brightness/batch_1_1734.png,https://pilotexp.s3.ca-central-1.amazonaws.com/cifar10/IMG_TRANSFORMED/brightness/batch_1_1734.png,1,0,1
contrast/batch_2_8207.png,https://pilotexp.s3.ca-central-1.amazonaws.com/cifar10/IMG_ORIGINAL/contrast/batch_2_8207.png,https://pilotexp.s3.ca-central-1.amazonaws.com/cifar10/IMG_TRANSFORMED/contrast/batch_2_8207.png,0,0,0
jpeg_compression/batch_1_479.png,https://pilotexp.s3.ca-central-1.amazonaws.com/cifar10/IMG_ORIGINAL/jpeg_compression/batch_1_479.png,https://pilotexp.s3.ca-central-1.amazonaws.com/cifar10/IMG_TRANSFORMED/jpeg_compression/batch_1_479.png,0,0,0
brightness/batch_5_2898.png,https://pilotexp.s3.ca-central-1.amazonaws.com/cifar10/IMG_ORIGINAL/brightness/batch_5_2898.png,https://pilotexp.s3.ca-central-1.amazonaws.com/cifar10/IMG_TRANSFORMED/brightness/batch_5_2898.png,0,0,0
contrast/batch_5_6133.png,https://pilotexp.s3.ca-central-1.amazonaws.com/cifar10/IMG_ORIGINAL/contrast/batch_5_6133.png,https://pilotexp.s3.ca-central-1.amazonaws.com/cifar10/IMG_TRANSFORMED/contrast/batch_5_6133.png,0,0,0
brightness/batch_2_4105.png,https://pilotexp.s3.ca-central-1.amazonaws.com/cifar10/IMG_ORIGINAL/brightness/batch_2_4105.png,https://pilotexp.s3.ca-central-1.amazonaws.com/cifar10/IMG_TRANSFORMED/brightness/batch_2_4105.png,0,0,0
contrast/batch_1_1570.png,https://pilotexp.s3.ca-central-1.amazonaws.com/cifar10/IMG_ORIGINAL/contrast/batch_1_1570.png,https://pilotexp.s3.ca-central-1.amazonaws.com/cifar10/IMG_TRANSFORMED/contrast/batch_1_1570.png,1,1,0
frost/batch_1_2476.png,https://pilotexp.s3.ca-central-1.amazonaws.com/cifar10/IMG_ORIGINAL/frost/batch_1_2476.png,https://pilotexp.s3.ca-central-1.amazonaws.com/cifar10/IMG_TRANSFORMED/frost/batch_1_2476.png,0,0,0
frost/batch_5_1088.png,https://pilotexp.s3.ca-central-1.amazonaws.com/cifar10/IMG_ORIGINAL/frost/batch_5_1088.png,https://pilotexp.s3.ca-central-1.amazonaws.com/cifar10/IMG_TRANSFORMED/frost/batch_5_1088.png,0,1,1
frost/batch_4_8547.png,https://pilotexp.s3.ca-central-1.amazonaws.com/cifar10/IMG_ORIGINAL/frost/batch_4_8547.png,https://pilotexp.s3.ca-central-1.amazonaws.com/cifar10/IMG_TRANSFORMED/frost/batch_4_8547.png,0,0,0
brightness/batch_4_6652.png,https://pilotexp.s3.ca-central-1.amazonaws.com/cifar10/IMG_ORIGINAL/brightness/batch_4_6652.png,https://pilotexp.s3.ca-central-1.amazonaws.com/cifar10/IMG_TRANSFORMED/brightness/batch_4_6652.png,0,0,0
jpeg_compression/batch_3_4211.png,https://pilotexp.s3.ca-central-1.amazonaws.com/cifar10/IMG_ORIGINAL/jpeg_compression/batch_3_4211.png,https://pilotexp.s3.ca-central-1.amazonaws.com/cifar10/IMG_TRANSFORMED/jpeg_compression/batch_3_4211.png,1,1,0
jpeg_compression/batch_1_7734.png,https://pilotexp.s3.ca-central-1.amazonaws.com/cifar10/IMG_ORIGINAL/jpeg_compression/batch_1_7734.png,https://pilotexp.s3.ca-central-1.amazonaws.com/cifar10/IMG_TRANSFORMED/jpeg_compression/batch_1_7734.png,0,0,0
frost/batch_1_3499.png,https://pilotexp.s3.ca-central-1.amazonaws.com/cifar10/IMG_ORIGINAL/frost/batch_1_3499.png,https://pilotexp.s3.ca-central-1.amazonaws.com/cifar10/IMG_TRANSFORMED/frost/batch_1_3499.png,0,0,0
contrast/batch_1_7563.png,https://pilotexp.s3.ca-central-1.amazonaws.com/cifar10/IMG_ORIGINAL/contrast/batch_1_7563.png,https://pilotexp.s3.ca-central-1.amazonaws.com/cifar10/IMG_TRANSFORMED/contrast/batch_1_7563.png,0,0,0
brightness/batch_5_1652.png,https://pilotexp.s3.ca-central-1.amazonaws.com/cifar10/IMG_ORIGINAL/brightness/batch_5_1652.png,https://pilotexp.s3.ca-central-1.amazonaws.com/cifar10/IMG_TRANSFORMED/brightness/batch_5_1652.png,0,0,0
frost/batch_4_6952.png,https://pilotexp.s3.ca-central-1.amazonaws.com/cifar10/IMG_ORIGINAL/frost/batch_4_6952.png,https://pilotexp.s3.ca-central-1.amazonaws.com/cifar10/IMG_TRANSFORMED/frost/batch_4_6952.png,0,0,0
brightness/batch_3_1864.png,https://pilotexp.s3.ca-central-1.amazonaws.com/cifar10/IMG_ORIGINAL/brightness/batch_3_1864.png,https://pilotexp.s3.ca-central-1.amazonaws.com/cifar10/IMG_TRANSFORMED/brightness/batch_3_1864.png,0,0,0
contrast/batch_5_1367.png,https://pilotexp.s3.ca-central-1.amazonaws.com/cifar10/IMG_ORIGINAL/contrast/batch_5_1367.png,https://pilotexp.s3.ca-central-1.amazonaws.com/cifar10/IMG_TRANSFORMED/contrast/batch_5_1367.png,0,0,0
brightness/batch_3_3248.png,https://pilotexp.s3.ca-central-1.amazonaws.com/cifar10/IMG_ORIGINAL/brightness/batch_3_3248.png,https://pilotexp.s3.ca-central-1.amazonaws.com/cifar10/IMG_TRANSFORMED/brightness/batch_3_3248.png,1,1,0
frost/batch_2_3305.png,https://pilotexp.s3.ca-central-1.amazonaws.com/cifar10/IMG_ORIGINAL/frost/batch_2_3305.png,https://pilotexp.s3.ca-central-1.amazonaws.com/cifar10/IMG_TRANSFORMED/frost/batch_2_3305.png,0,0,0
frost/batch_1_158.png,https://pilotexp.s3.ca-central-1.amazonaws.com/cifar10/IMG_ORIGINAL/frost/batch_1_158.png,https://pilotexp.s3.ca-central-1.amazonaws.com/cifar10/IMG_TRANSFORMED/frost/batch_1_158.png,0,0,0
frost/batch_1_8860.png,https://pilotexp.s3.ca-central-1.amazonaws.com/cifar10/IMG_ORIGINAL/frost/batch_1_8860.png,https://pilotexp.s3.ca-central-1.amazonaws.com/cifar10/IMG_TRANSFORMED/frost/batch_1_8860.png,0,0,0
frost/batch_1_2989.png,https://pilotexp.s3.ca-central-1.amazonaws.com/cifar10/IMG_ORIGINAL/frost/batch_1_2989.png,https://pilotexp.s3.ca-central-1.amazonaws.com/cifar10/IMG_TRANSFORMED/frost/batch_1_2989.png,0,0,0
contrast/batch_4_3444.png,https://pilotexp.s3.ca-central-1.amazonaws.com/cifar10/IMG_ORIGINAL/contrast/batch_4_3444.png,https://pilotexp.s3.ca-central-1.amazonaws.com/cifar10/IMG_TRANSFORMED/contrast/batch_4_3444.png,1,1,0
frost/batch_4_9295.png,https://pilotexp.s3.ca-central-1.amazonaws.com/cifar10/IMG_ORIGINAL/frost/batch_4_9295.png,https://pilotexp.s3.ca-central-1.amazonaws.com/cifar10/IMG_TRANSFORMED/frost/batch_4_9295.png,0,1,1
frost/batch_5_3402.png,https://pilotexp.s3.ca-central-1.amazonaws.com/cifar10/IMG_ORIGINAL/frost/batch_5_3402.png,https://pilotexp.s3.ca-central-1.amazonaws.com/cifar10/IMG_TRANSFORMED/frost/batch_5_3402.png,0,0,0
contrast/batch_3_7446.png,https://pilotexp.s3.ca-central-1.amazonaws.com/cifar10/IMG_ORIGINAL/contrast/batch_3_7446.png,https://pilotexp.s3.ca-central-1.amazonaws.com/cifar10/IMG_TRANSFORMED/contrast/batch_3_7446.png,0,0,0
frost/batch_2_4193.png,https://pilotexp.s3.ca-central-1.amazonaws.com/cifar10/IMG_ORIGINAL/frost/batch_2_4193.png,https://pilotexp.s3.ca-central-1.amazonaws.com/cifar10/IMG_TRANSFORMED/frost/batch_2_4193.png,0,0,0
frost/batch_2_5901.png,https://pilotexp.s3.ca-central-1.amazonaws.com/cifar10/IMG_ORIGINAL/frost/batch_2_5901.png,https://pilotexp.s3.ca-central-1.amazonaws.com/cifar10/IMG_TRANSFORMED/frost/batch_2_5901.png,1,0,1
frost/batch_5_5140.png,https://pilotexp.s3.ca-central-1.amazonaws.com/cifar10/IMG_ORIGINAL/frost/batch_5_5140.png,https://pilotexp.s3.ca-central-1.amazonaws.com/cifar10/IMG_TRANSFORMED/frost/batch_5_5140.png,0,0,0
contrast/batch_5_5660.png,https://pilotexp.s3.ca-central-1.amazonaws.com/cifar10/IMG_ORIGINAL/contrast/batch_5_5660.png,https://pilotexp.s3.ca-central-1.amazonaws.com/cifar10/IMG_TRANSFORMED/contrast/batch_5_5660.png,0,0,0
brightness/batch_2_6272.png,https://pilotexp.s3.ca-central-1.amazonaws.com/cifar10/IMG_ORIGINAL/brightness/batch_2_6272.png,https://pilotexp.s3.ca-central-1.amazonaws.com/cifar10/IMG_TRANSFORMED/brightness/batch_2_6272.png,1,0,1
contrast/batch_3_8111.png,https://pilotexp.s3.ca-central-1.amazonaws.com/cifar10/IMG_ORIGINAL/contrast/batch_3_8111.png,https://pilotexp.s3.ca-central-1.amazonaws.com/cifar10/IMG_TRANSFORMED/contrast/batch_3_8111.png,0,0,0
brightness/batch_1_9729.png,https://pilotexp.s3.ca-central-1.amazonaws.com/cifar10/IMG_ORIGINAL/brightness/batch_1_9729.png,https://pilotexp.s3.ca-central-1.amazonaws.com/cifar10/IMG_TRANSFORMED/brightness/batch_1_9729.png,0,0,0
brightness/batch_4_8577.png,https://pilotexp.s3.ca-central-1.amazonaws.com/cifar10/IMG_ORIGINAL/brightness/batch_4_8577.png,https://pilotexp.s3.ca-central-1.amazonaws.com/cifar10/IMG_TRANSFORMED/brightness/batch_4_8577.png,1,1,0
brightness/batch_4_4247.png,https://pilotexp.s3.ca-central-1.amazonaws.com/cifar10/IMG_ORIGINAL/brightness/batch_4_4247.png,https://pilotexp.s3.ca-central-1.amazonaws.com/cifar10/IMG_TRANSFORMED/brightness/batch_4_4247.png,0,0,0
jpeg_compression/batch_1_4266.png,https://pilotexp.s3.ca-central-1.amazonaws.com/cifar10/IMG_ORIGINAL/jpeg_compression/batch_1_4266.png,https://pilotexp.s3.ca-central-1.amazonaws.com/cifar10/IMG_TRANSFORMED/jpeg_compression/batch_1_4266.png,0,0,0
contrast/batch_3_4030.png,https://pilotexp.s3.ca-central-1.amazonaws.com/cifar10/IMG_ORIGINAL/contrast/batch_3_4030.png,https://pilotexp.s3.ca-central-1.amazonaws.com/cifar10/IMG_TRANSFORMED/contrast/batch_3_4030.png,0,0,0
brightness/batch_1_398.png,https://pilotexp.s3.ca-central-1.amazonaws.com/cifar10/IMG_ORIGINAL/brightness/batch_1_398.png,https://pilotexp.s3.ca-central-1.amazonaws.com/cifar10/IMG_TRANSFORMED/brightness/batch_1_398.png,0,0,0
contrast/batch_4_611.png,https://pilotexp.s3.ca-central-1.amazonaws.com/cifar10/IMG_ORIGINAL/contrast/batch_4_611.png,https://pilotexp.s3.ca-central-1.amazonaws.com/cifar10/IMG_TRANSFORMED/contrast/batch_4_611.png,0,0,0
contrast/batch_3_1672.png,https://pilotexp.s3.ca-central-1.amazonaws.com/cifar10/IMG_ORIGINAL/contrast/batch_3_1672.png,https://pilotexp.s3.ca-central-1.amazonaws.com/cifar10/IMG_TRANSFORMED/contrast/batch_3_1672.png,0,0,0
jpeg_compression/batch_5_2879.png,https://pilotexp.s3.ca-central-1.amazonaws.com/cifar10/IMG_ORIGINAL/jpeg_compression/batch_5_2879.png,https://pilotexp.s3.ca-central-1.amazonaws.com/cifar10/IMG_TRANSFORMED/jpeg_compression/batch_5_2879.png,1,1,0
frost/batch_2_107.png,https://pilotexp.s3.ca-central-1.amazonaws.com/cifar10/IMG_ORIGINAL/frost/batch_2_107.png,https://pilotexp.s3.ca-central-1.amazonaws.com/cifar10/IMG_TRANSFORMED/frost/batch_2_107.png,1,1,0
brightness/batch_2_6598.png,https://pilotexp.s3.ca-central-1.amazonaws.com/cifar10/IMG_ORIGINAL/brightness/batch_2_6598.png,https://pilotexp.s3.ca-central-1.amazonaws.com/cifar10/IMG_TRANSFORMED/brightness/batch_2_6598.png,1,0,0
brightness/batch_4_3271.png,https://pilotexp.s3.ca-central-1.amazonaws.com/cifar10/IMG_ORIGINAL/brightness/batch_4_3271.png,https://pilotexp.s3.ca-central-1.amazonaws.com/cifar10/IMG_TRANSFORMED/brightness/batch_4_3271.png,1,0,1
frost/batch_5_6281.png,https://pilotexp.s3.ca-central-1.amazonaws.com/cifar10/IMG_ORIGINAL/frost/batch_5_6281.png,https://pilotexp.s3.ca-central-1.amazonaws.com/cifar10/IMG_TRANSFORMED/frost/batch_5_6281.png,1,1,0
contrast/batch_4_5484.png,https://pilotexp.s3.ca-central-1.amazonaws.com/cifar10/IMG_ORIGINAL/contrast/batch_4_5484.png,https://pilotexp.s3.ca-central-1.amazonaws.com/cifar10/IMG_TRANSFORMED/contrast/batch_4_5484.png,0,0,0
contrast/batch_5_6153.png,https://pilotexp.s3.ca-central-1.amazonaws.com/cifar10/IMG_ORIGINAL/contrast/batch_5_6153.png,https://pilotexp.s3.ca-central-1.amazonaws.com/cifar10/IMG_TRANSFORMED/contrast/batch_5_6153.png,0,0,0
contrast/batch_5_2277.png,https://pilotexp.s3.ca-central-1.amazonaws.com/cifar10/IMG_ORIGINAL/contrast/batch_5_2277.png,https://pilotexp.s3.ca-central-1.amazonaws.com/cifar10/IMG_TRANSFORMED/contrast/batch_5_2277.png,0,0,0
brightness/batch_1_9280.png,https://pilotexp.s3.ca-central-1.amazonaws.com/cifar10/IMG_ORIGINAL/brightness/batch_1_9280.png,https://pilotexp.s3.ca-central-1.amazonaws.com/cifar10/IMG_TRANSFORMED/brightness/batch_1_9280.png,0,0,0
brightness/batch_2_3459.png,https://pilotexp.s3.ca-central-1.amazonaws.com/cifar10/IMG_ORIGINAL/brightness/batch_2_3459.png,https://pilotexp.s3.ca-central-1.amazonaws.com/cifar10/IMG_TRANSFORMED/brightness/batch_2_3459.png,0,0,0
brightness/batch_3_4755.png,https://pilotexp.s3.ca-central-1.amazonaws.com/cifar10/IMG_ORIGINAL/brightness/batch_3_4755.png,https://pilotexp.s3.ca-central-1.amazonaws.com/cifar10/IMG_TRANSFORMED/brightness/batch_3_4755.png,0,0,0
jpeg_compression/batch_2_7677.png,https://pilotexp.s3.ca-central-1.amazonaws.com/cifar10/IMG_ORIGINAL/jpeg_compression/batch_2_7677.png,https://pilotexp.s3.ca-central-1.amazonaws.com/cifar10/IMG_TRANSFORMED/jpeg_compression/batch_2_7677.png,0,0,0
frost/batch_1_3435.png,https://pilotexp.s3.ca-central-1.amazonaws.com/cifar10/IMG_ORIGINAL/frost/batch_1_3435.png,https://pilotexp.s3.ca-central-1.amazonaws.com/cifar10/IMG_TRANSFORMED/frost/batch_1_3435.png,0,0,0
brightness/batch_2_4864.png,https://pilotexp.s3.ca-central-1.amazonaws.com/cifar10/IMG_ORIGINAL/brightness/batch_2_4864.png,https://pilotexp.s3.ca-central-1.amazonaws.com/cifar10/IMG_TRANSFORMED/brightness/batch_2_4864.png,0,0,0
frost/batch_5_8403.png,https://pilotexp.s3.ca-central-1.amazonaws.com/cifar10/IMG_ORIGINAL/frost/batch_5_8403.png,https://pilotexp.s3.ca-central-1.amazonaws.com/cifar10/IMG_TRANSFORMED/frost/batch_5_8403.png,0,0,0
contrast/batch_4_720.png,https://pilotexp.s3.ca-central-1.amazonaws.com/cifar10/IMG_ORIGINAL/contrast/batch_4_720.png,https://pilotexp.s3.ca-central-1.amazonaws.com/cifar10/IMG_TRANSFORMED/contrast/batch_4_720.png,0,0,0
contrast/batch_4_7372.png,https://pilotexp.s3.ca-central-1.amazonaws.com/cifar10/IMG_ORIGINAL/contrast/batch_4_7372.png,https://pilotexp.s3.ca-central-1.amazonaws.com/cifar10/IMG_TRANSFORMED/contrast/batch_4_7372.png,0,0,0
brightness/batch_4_4235.png,https://pilotexp.s3.ca-central-1.amazonaws.com/cifar10/IMG_ORIGINAL/brightness/batch_4_4235.png,https://pilotexp.s3.ca-central-1.amazonaws.com/cifar10/IMG_TRANSFORMED/brightness/batch_4_4235.png,0,0,0
brightness/batch_1_7080.png,https://pilotexp.s3.ca-central-1.amazonaws.com/cifar10/IMG_ORIGINAL/brightness/batch_1_7080.png,https://pilotexp.s3.ca-central-1.amazonaws.com/cifar10/IMG_TRANSFORMED/brightness/batch_1_7080.png,1,1,0
jpeg_compression/batch_5_9160.png,https://pilotexp.s3.ca-central-1.amazonaws.com/cifar10/IMG_ORIGINAL/jpeg_compression/batch_5_9160.png,https://pilotexp.s3.ca-central-1.amazonaws.com/cifar10/IMG_TRANSFORMED/jpeg_compression/batch_5_9160.png,0,0,0
frost/batch_3_2994.png,https://pilotexp.s3.ca-central-1.amazonaws.com/cifar10/IMG_ORIGINAL/frost/batch_3_2994.png,https://pilotexp.s3.ca-central-1.amazonaws.com/cifar10/IMG_TRANSFORMED/frost/batch_3_2994.png,0,0,0
brightness/batch_1_7474.png,https://pilotexp.s3.ca-central-1.amazonaws.com/cifar10/IMG_ORIGINAL/brightness/batch_1_7474.png,https://pilotexp.s3.ca-central-1.amazonaws.com/cifar10/IMG_TRANSFORMED/brightness/batch_1_7474.png,0,0,0
jpeg_compression/batch_5_52.png,https://pilotexp.s3.ca-central-1.amazonaws.com/cifar10/IMG_ORIGINAL/jpeg_compression/batch_5_52.png,https://pilotexp.s3.ca-central-1.amazonaws.com/cifar10/IMG_TRANSFORMED/jpeg_compression/batch_5_52.png,1,1,0
contrast/batch_3_9902.png,https://pilotexp.s3.ca-central-1.amazonaws.com/cifar10/IMG_ORIGINAL/contrast/batch_3_9902.png,https://pilotexp.s3.ca-central-1.amazonaws.com/cifar10/IMG_TRANSFORMED/contrast/batch_3_9902.png,0,0,0
frost/batch_4_3311.png,https://pilotexp.s3.ca-central-1.amazonaws.com/cifar10/IMG_ORIGINAL/frost/batch_4_3311.png,https://pilotexp.s3.ca-central-1.amazonaws.com/cifar10/IMG_TRANSFORMED/frost/batch_4_3311.png,0,0,0
jpeg_compression/batch_4_2645.png,https://pilotexp.s3.ca-central-1.amazonaws.com/cifar10/IMG_ORIGINAL/jpeg_compression/batch_4_2645.png,https://pilotexp.s3.ca-central-1.amazonaws.com/cifar10/IMG_TRANSFORMED/jpeg_compression/batch_4_2645.png,0,0,0
frost/batch_2_5060.png,https://pilotexp.s3.ca-central-1.amazonaws.com/cifar10/IMG_ORIGINAL/frost/batch_2_5060.png,https://pilotexp.s3.ca-central-1.amazonaws.com/cifar10/IMG_TRANSFORMED/frost/batch_2_5060.png,0,0,0
contrast/batch_4_3424.png,https://pilotexp.s3.ca-central-1.amazonaws.com/cifar10/IMG_ORIGINAL/contrast/batch_4_3424.png,https://pilotexp.s3.ca-central-1.amazonaws.com/cifar10/IMG_TRANSFORMED/contrast/batch_4_3424.png,0,1,1
frost/batch_2_5999.png,https://pilotexp.s3.ca-central-1.amazonaws.com/cifar10/IMG_ORIGINAL/frost/batch_2_5999.png,https://pilotexp.s3.ca-central-1.amazonaws.com/cifar10/IMG_TRANSFORMED/frost/batch_2_5999.png,0,0,0
brightness/batch_3_4315.png,https://pilotexp.s3.ca-central-1.amazonaws.com/cifar10/IMG_ORIGINAL/brightness/batch_3_4315.png,https://pilotexp.s3.ca-central-1.amazonaws.com/cifar10/IMG_TRANSFORMED/brightness/batch_3_4315.png,0,0,0
jpeg_compression/batch_4_9714.png,https://pilotexp.s3.ca-central-1.amazonaws.com/cifar10/IMG_ORIGINAL/jpeg_compression/batch_4_9714.png,https://pilotexp.s3.ca-central-1.amazonaws.com/cifar10/IMG_TRANSFORMED/jpeg_compression/batch_4_9714.png,0,0,0
brightness/batch_3_3045.png,https://pilotexp.s3.ca-central-1.amazonaws.com/cifar10/IMG_ORIGINAL/brightness/batch_3_3045.png,https://pilotexp.s3.ca-central-1.amazonaws.com/cifar10/IMG_TRANSFORMED/brightness/batch_3_3045.png,0,0,0
contrast/batch_3_3129.png,https://pilotexp.s3.ca-central-1.amazonaws.com/cifar10/IMG_ORIGINAL/contrast/batch_3_3129.png,https://pilotexp.s3.ca-central-1.amazonaws.com/cifar10/IMG_TRANSFORMED/contrast/batch_3_3129.png,1,0,1
frost/batch_2_380.png,https://pilotexp.s3.ca-central-1.amazonaws.com/cifar10/IMG_ORIGINAL/frost/batch_2_380.png,https://pilotexp.s3.ca-central-1.amazonaws.com/cifar10/IMG_TRANSFORMED/frost/batch_2_380.png,1,0,1
jpeg_compression/batch_1_6283.png,https://pilotexp.s3.ca-central-1.amazonaws.com/cifar10/IMG_ORIGINAL/jpeg_compression/batch_1_6283.png,https://pilotexp.s3.ca-central-1.amazonaws.com/cifar10/IMG_TRANSFORMED/jpeg_compression/batch_1_6283.png,0,1,1
frost/batch_2_9668.png,https://pilotexp.s3.ca-central-1.amazonaws.com/cifar10/IMG_ORIGINAL/frost/batch_2_9668.png,https://pilotexp.s3.ca-central-1.amazonaws.com/cifar10/IMG_TRANSFORMED/frost/batch_2_9668.png,1,0,0
jpeg_compression/batch_5_5194.png,https://pilotexp.s3.ca-central-1.amazonaws.com/cifar10/IMG_ORIGINAL/jpeg_compression/batch_5_5194.png,https://pilotexp.s3.ca-central-1.amazonaws.com/cifar10/IMG_TRANSFORMED/jpeg_compression/batch_5_5194.png,1,0,1
contrast/batch_3_1067.png,https://pilotexp.s3.ca-central-1.amazonaws.com/cifar10/IMG_ORIGINAL/contrast/batch_3_1067.png,https://pilotexp.s3.ca-central-1.amazonaws.com/cifar10/IMG_TRANSFORMED/contrast/batch_3_1067.png,1,1,0
frost/batch_2_5959.png,https://pilotexp.s3.ca-central-1.amazonaws.com/cifar10/IMG_ORIGINAL/frost/batch_2_5959.png,https://pilotexp.s3.ca-central-1.amazonaws.com/cifar10/IMG_TRANSFORMED/frost/batch_2_5959.png,0,0,0
frost/batch_4_2729.png,https://pilotexp.s3.ca-central-1.amazonaws.com/cifar10/IMG_ORIGINAL/frost/batch_4_2729.png,https://pilotexp.s3.ca-central-1.amazonaws.com/cifar10/IMG_TRANSFORMED/frost/batch_4_2729.png,1,0,1
brightness/batch_3_3138.png,https://pilotexp.s3.ca-central-1.amazonaws.com/cifar10/IMG_ORIGINAL/brightness/batch_3_3138.png,https://pilotexp.s3.ca-central-1.amazonaws.com/cifar10/IMG_TRANSFORMED/brightness/batch_3_3138.png,0,0,0
contrast/batch_2_1630.png,https://pilotexp.s3.ca-central-1.amazonaws.com/cifar10/IMG_ORIGINAL/contrast/batch_2_1630.png,https://pilotexp.s3.ca-central-1.amazonaws.com/cifar10/IMG_TRANSFORMED/contrast/batch_2_1630.png,0,0,0
contrast/batch_3_2463.png,https://pilotexp.s3.ca-central-1.amazonaws.com/cifar10/IMG_ORIGINAL/contrast/batch_3_2463.png,https://pilotexp.s3.ca-central-1.amazonaws.com/cifar10/IMG_TRANSFORMED/contrast/batch_3_2463.png,0,0,0
jpeg_compression/batch_5_2553.png,https://pilotexp.s3.ca-central-1.amazonaws.com/cifar10/IMG_ORIGINAL/jpeg_compression/batch_5_2553.png,https://pilotexp.s3.ca-central-1.amazonaws.com/cifar10/IMG_TRANSFORMED/jpeg_compression/batch_5_2553.png,0,0,0
jpeg_compression/batch_4_1588.png,https://pilotexp.s3.ca-central-1.amazonaws.com/cifar10/IMG_ORIGINAL/jpeg_compression/batch_4_1588.png,https://pilotexp.s3.ca-central-1.amazonaws.com/cifar10/IMG_TRANSFORMED/jpeg_compression/batch_4_1588.png,0,0,0
jpeg_compression/batch_2_1826.png,https://pilotexp.s3.ca-central-1.amazonaws.com/cifar10/IMG_ORIGINAL/jpeg_compression/batch_2_1826.png,https://pilotexp.s3.ca-central-1.amazonaws.com/cifar10/IMG_TRANSFORMED/jpeg_compression/batch_2_1826.png,0,0,0
frost/batch_4_1296.png,https://pilotexp.s3.ca-central-1.amazonaws.com/cifar10/IMG_ORIGINAL/frost/batch_4_1296.png,https://pilotexp.s3.ca-central-1.amazonaws.com/cifar10/IMG_TRANSFORMED/frost/batch_4_1296.png,1,0,0
contrast/batch_3_5293.png,https://pilotexp.s3.ca-central-1.amazonaws.com/cifar10/IMG_ORIGINAL/contrast/batch_3_5293.png,https://pilotexp.s3.ca-central-1.amazonaws.com/cifar10/IMG_TRANSFORMED/contrast/batch_3_5293.png,0,0,0
jpeg_compression/batch_4_5600.png,https://pilotexp.s3.ca-central-1.amazonaws.com/cifar10/IMG_ORIGINAL/jpeg_compression/batch_4_5600.png,https://pilotexp.s3.ca-central-1.amazonaws.com/cifar10/IMG_TRANSFORMED/jpeg_compression/batch_4_5600.png,0,0,0
contrast/batch_1_9633.png,https://pilotexp.s3.ca-central-1.amazonaws.com/cifar10/IMG_ORIGINAL/contrast/batch_1_9633.png,https://pilotexp.s3.ca-central-1.amazonaws.com/cifar10/IMG_TRANSFORMED/contrast/batch_1_9633.png,0,0,0
frost/batch_4_8502.png,https://pilotexp.s3.ca-central-1.amazonaws.com/cifar10/IMG_ORIGINAL/frost/batch_4_8502.png,https://pilotexp.s3.ca-central-1.amazonaws.com/cifar10/IMG_TRANSFORMED/frost/batch_4_8502.png,0,0,0
frost/batch_5_2491.png,https://pilotexp.s3.ca-central-1.amazonaws.com/cifar10/IMG_ORIGINAL/frost/batch_5_2491.png,https://pilotexp.s3.ca-central-1.amazonaws.com/cifar10/IMG_TRANSFORMED/frost/batch_5_2491.png,0,0,0
brightness/batch_5_7756.png,https://pilotexp.s3.ca-central-1.amazonaws.com/cifar10/IMG_ORIGINAL/brightness/batch_5_7756.png,https://pilotexp.s3.ca-central-1.amazonaws.com/cifar10/IMG_TRANSFORMED/brightness/batch_5_7756.png,0,0,0
contrast/batch_5_4628.png,https://pilotexp.s3.ca-central-1.amazonaws.com/cifar10/IMG_ORIGINAL/contrast/batch_5_4628.png,https://pilotexp.s3.ca-central-1.amazonaws.com/cifar10/IMG_TRANSFORMED/contrast/batch_5_4628.png,0,0,0
brightness/batch_4_4256.png,https://pilotexp.s3.ca-central-1.amazonaws.com/cifar10/IMG_ORIGINAL/brightness/batch_4_4256.png,https://pilotexp.s3.ca-central-1.amazonaws.com/cifar10/IMG_TRANSFORMED/brightness/batch_4_4256.png,0,0,0
frost/batch_5_9181.png,https://pilotexp.s3.ca-central-1.amazonaws.com/cifar10/IMG_ORIGINAL/frost/batch_5_9181.png,https://pilotexp.s3.ca-central-1.amazonaws.com/cifar10/IMG_TRANSFORMED/frost/batch_5_9181.png,1,0,1
brightness/batch_5_330.png,https://pilotexp.s3.ca-central-1.amazonaws.com/cifar10/IMG_ORIGINAL/brightness/batch_5_330.png,https://pilotexp.s3.ca-central-1.amazonaws.com/cifar10/IMG_TRANSFORMED/brightness/batch_5_330.png,0,0,0
jpeg_compression/batch_3_6956.png,https://pilotexp.s3.ca-central-1.amazonaws.com/cifar10/IMG_ORIGINAL/jpeg_compression/batch_3_6956.png,https://pilotexp.s3.ca-central-1.amazonaws.com/cifar10/IMG_TRANSFORMED/jpeg_compression/batch_3_6956.png,0,0,0
brightness/batch_5_1278.png,https://pilotexp.s3.ca-central-1.amazonaws.com/cifar10/IMG_ORIGINAL/brightness/batch_5_1278.png,https://pilotexp.s3.ca-central-1.amazonaws.com/cifar10/IMG_TRANSFORMED/brightness/batch_5_1278.png,1,1,0
contrast/batch_4_7873.png,https://pilotexp.s3.ca-central-1.amazonaws.com/cifar10/IMG_ORIGINAL/contrast/batch_4_7873.png,https://pilotexp.s3.ca-central-1.amazonaws.com/cifar10/IMG_TRANSFORMED/contrast/batch_4_7873.png,0,0,0
brightness/batch_3_3478.png,https://pilotexp.s3.ca-central-1.amazonaws.com/cifar10/IMG_ORIGINAL/brightness/batch_3_3478.png,https://pilotexp.s3.ca-central-1.amazonaws.com/cifar10/IMG_TRANSFORMED/brightness/batch_3_3478.png,0,0,0
contrast/batch_2_7271.png,https://pilotexp.s3.ca-central-1.amazonaws.com/cifar10/IMG_ORIGINAL/contrast/batch_2_7271.png,https://pilotexp.s3.ca-central-1.amazonaws.com/cifar10/IMG_TRANSFORMED/contrast/batch_2_7271.png,0,0,0
jpeg_compression/batch_1_2395.png,https://pilotexp.s3.ca-central-1.amazonaws.com/cifar10/IMG_ORIGINAL/jpeg_compression/batch_1_2395.png,https://pilotexp.s3.ca-central-1.amazonaws.com/cifar10/IMG_TRANSFORMED/jpeg_compression/batch_1_2395.png,0,0,0
brightness/batch_2_8858.png,https://pilotexp.s3.ca-central-1.amazonaws.com/cifar10/IMG_ORIGINAL/brightness/batch_2_8858.png,https://pilotexp.s3.ca-central-1.amazonaws.com/cifar10/IMG_TRANSFORMED/brightness/batch_2_8858.png,0,0,0
frost/batch_2_2881.png,https://pilotexp.s3.ca-central-1.amazonaws.com/cifar10/IMG_ORIGINAL/frost/batch_2_2881.png,https://pilotexp.s3.ca-central-1.amazonaws.com/cifar10/IMG_TRANSFORMED/frost/batch_2_2881.png,1,0,1
jpeg_compression/batch_5_3051.png,https://pilotexp.s3.ca-central-1.amazonaws.com/cifar10/IMG_ORIGINAL/jpeg_compression/batch_5_3051.png,https://pilotexp.s3.ca-central-1.amazonaws.com/cifar10/IMG_TRANSFORMED/jpeg_compression/batch_5_3051.png,0,0,0
brightness/batch_1_5180.png,https://pilotexp.s3.ca-central-1.amazonaws.com/cifar10/IMG_ORIGINAL/brightness/batch_1_5180.png,https://pilotexp.s3.ca-central-1.amazonaws.com/cifar10/IMG_TRANSFORMED/brightness/batch_1_5180.png,0,0,0
brightness/batch_1_7047.png,https://pilotexp.s3.ca-central-1.amazonaws.com/cifar10/IMG_ORIGINAL/brightness/batch_1_7047.png,https://pilotexp.s3.ca-central-1.amazonaws.com/cifar10/IMG_TRANSFORMED/brightness/batch_1_7047.png,0,0,0
frost/batch_4_180.png,https://pilotexp.s3.ca-central-1.amazonaws.com/cifar10/IMG_ORIGINAL/frost/batch_4_180.png,https://pilotexp.s3.ca-central-1.amazonaws.com/cifar10/IMG_TRANSFORMED/frost/batch_4_180.png,1,0,1
jpeg_compression/batch_4_5330.png,https://pilotexp.s3.ca-central-1.amazonaws.com/cifar10/IMG_ORIGINAL/jpeg_compression/batch_4_5330.png,https://pilotexp.s3.ca-central-1.amazonaws.com/cifar10/IMG_TRANSFORMED/jpeg_compression/batch_4_5330.png,1,0,1
brightness/batch_4_8648.png,https://pilotexp.s3.ca-central-1.amazonaws.com/cifar10/IMG_ORIGINAL/brightness/batch_4_8648.png,https://pilotexp.s3.ca-central-1.amazonaws.com/cifar10/IMG_TRANSFORMED/brightness/batch_4_8648.png,0,0,0
frost/batch_4_7536.png,https://pilotexp.s3.ca-central-1.amazonaws.com/cifar10/IMG_ORIGINAL/frost/batch_4_7536.png,https://pilotexp.s3.ca-central-1.amazonaws.com/cifar10/IMG_TRANSFORMED/frost/batch_4_7536.png,1,0,0
contrast/batch_2_4676.png,https://pilotexp.s3.ca-central-1.amazonaws.com/cifar10/IMG_ORIGINAL/contrast/batch_2_4676.png,https://pilotexp.s3.ca-central-1.amazonaws.com/cifar10/IMG_TRANSFORMED/contrast/batch_2_4676.png,1,1,0
brightness/batch_4_5016.png,https://pilotexp.s3.ca-central-1.amazonaws.com/cifar10/IMG_ORIGINAL/brightness/batch_4_5016.png,https://pilotexp.s3.ca-central-1.amazonaws.com/cifar10/IMG_TRANSFORMED/brightness/batch_4_5016.png,0,0,0
frost/batch_5_5144.png,https://pilotexp.s3.ca-central-1.amazonaws.com/cifar10/IMG_ORIGINAL/frost/batch_5_5144.png,https://pilotexp.s3.ca-central-1.amazonaws.com/cifar10/IMG_TRANSFORMED/frost/batch_5_5144.png,0,0,0
jpeg_compression/batch_5_3871.png,https://pilotexp.s3.ca-central-1.amazonaws.com/cifar10/IMG_ORIGINAL/jpeg_compression/batch_5_3871.png,https://pilotexp.s3.ca-central-1.amazonaws.com/cifar10/IMG_TRANSFORMED/jpeg_compression/batch_5_3871.png,0,0,0
frost/batch_2_4890.png,https://pilotexp.s3.ca-central-1.amazonaws.com/cifar10/IMG_ORIGINAL/frost/batch_2_4890.png,https://pilotexp.s3.ca-central-1.amazonaws.com/cifar10/IMG_TRANSFORMED/frost/batch_2_4890.png,1,1,0
contrast/batch_3_9547.png,https://pilotexp.s3.ca-central-1.amazonaws.com/cifar10/IMG_ORIGINAL/contrast/batch_3_9547.png,https://pilotexp.s3.ca-central-1.amazonaws.com/cifar10/IMG_TRANSFORMED/contrast/batch_3_9547.png,0,0,0
contrast/batch_1_6587.png,https://pilotexp.s3.ca-central-1.amazonaws.com/cifar10/IMG_ORIGINAL/contrast/batch_1_6587.png,https://pilotexp.s3.ca-central-1.amazonaws.com/cifar10/IMG_TRANSFORMED/contrast/batch_1_6587.png,1,1,0
frost/batch_1_2744.png,https://pilotexp.s3.ca-central-1.amazonaws.com/cifar10/IMG_ORIGINAL/frost/batch_1_2744.png,https://pilotexp.s3.ca-central-1.amazonaws.com/cifar10/IMG_TRANSFORMED/frost/batch_1_2744.png,0,0,0
brightness/batch_3_633.png,https://pilotexp.s3.ca-central-1.amazonaws.com/cifar10/IMG_ORIGINAL/brightness/batch_3_633.png,https://pilotexp.s3.ca-central-1.amazonaws.com/cifar10/IMG_TRANSFORMED/brightness/batch_3_633.png,0,0,0
frost/batch_4_4928.png,https://pilotexp.s3.ca-central-1.amazonaws.com/cifar10/IMG_ORIGINAL/frost/batch_4_4928.png,https://pilotexp.s3.ca-central-1.amazonaws.com/cifar10/IMG_TRANSFORMED/frost/batch_4_4928.png,0,0,0
jpeg_compression/batch_4_5909.png,https://pilotexp.s3.ca-central-1.amazonaws.com/cifar10/IMG_ORIGINAL/jpeg_compression/batch_4_5909.png,https://pilotexp.s3.ca-central-1.amazonaws.com/cifar10/IMG_TRANSFORMED/jpeg_compression/batch_4_5909.png,0,1,1
jpeg_compression/batch_1_6508.png,https://pilotexp.s3.ca-central-1.amazonaws.com/cifar10/IMG_ORIGINAL/jpeg_compression/batch_1_6508.png,https://pilotexp.s3.ca-central-1.amazonaws.com/cifar10/IMG_TRANSFORMED/jpeg_compression/batch_1_6508.png,0,0,0
jpeg_compression/batch_3_5045.png,https://pilotexp.s3.ca-central-1.amazonaws.com/cifar10/IMG_ORIGINAL/jpeg_compression/batch_3_5045.png,https://pilotexp.s3.ca-central-1.amazonaws.com/cifar10/IMG_TRANSFORMED/jpeg_compression/batch_3_5045.png,0,0,0
jpeg_compression/batch_3_9269.png,https://pilotexp.s3.ca-central-1.amazonaws.com/cifar10/IMG_ORIGINAL/jpeg_compression/batch_3_9269.png,https://pilotexp.s3.ca-central-1.amazonaws.com/cifar10/IMG_TRANSFORMED/jpeg_compression/batch_3_9269.png,0,0,0
frost/batch_3_6859.png,https://pilotexp.s3.ca-central-1.amazonaws.com/cifar10/IMG_ORIGINAL/frost/batch_3_6859.png,https://pilotexp.s3.ca-central-1.amazonaws.com/cifar10/IMG_TRANSFORMED/frost/batch_3_6859.png,0,0,0
brightness/batch_4_8220.png,https://pilotexp.s3.ca-central-1.amazonaws.com/cifar10/IMG_ORIGINAL/brightness/batch_4_8220.png,https://pilotexp.s3.ca-central-1.amazonaws.com/cifar10/IMG_TRANSFORMED/brightness/batch_4_8220.png,0,1,1
jpeg_compression/batch_3_2978.png,https://pilotexp.s3.ca-central-1.amazonaws.com/cifar10/IMG_ORIGINAL/jpeg_compression/batch_3_2978.png,https://pilotexp.s3.ca-central-1.amazonaws.com/cifar10/IMG_TRANSFORMED/jpeg_compression/batch_3_2978.png,0,0,0
frost/batch_4_7715.png,https://pilotexp.s3.ca-central-1.amazonaws.com/cifar10/IMG_ORIGINAL/frost/batch_4_7715.png,https://pilotexp.s3.ca-central-1.amazonaws.com/cifar10/IMG_TRANSFORMED/frost/batch_4_7715.png,0,0,0
jpeg_compression/batch_3_7854.png,https://pilotexp.s3.ca-central-1.amazonaws.com/cifar10/IMG_ORIGINAL/jpeg_compression/batch_3_7854.png,https://pilotexp.s3.ca-central-1.amazonaws.com/cifar10/IMG_TRANSFORMED/jpeg_compression/batch_3_7854.png,0,0,0
frost/batch_2_3722.png,https://pilotexp.s3.ca-central-1.amazonaws.com/cifar10/IMG_ORIGINAL/frost/batch_2_3722.png,https://pilotexp.s3.ca-central-1.amazonaws.com/cifar10/IMG_TRANSFORMED/frost/batch_2_3722.png,1,0,1
contrast/batch_4_7386.png,https://pilotexp.s3.ca-central-1.amazonaws.com/cifar10/IMG_ORIGINAL/contrast/batch_4_7386.png,https://pilotexp.s3.ca-central-1.amazonaws.com/cifar10/IMG_TRANSFORMED/contrast/batch_4_7386.png,0,0,0
brightness/batch_3_3331.png,https://pilotexp.s3.ca-central-1.amazonaws.com/cifar10/IMG_ORIGINAL/brightness/batch_3_3331.png,https://pilotexp.s3.ca-central-1.amazonaws.com/cifar10/IMG_TRANSFORMED/brightness/batch_3_3331.png,0,0,0
jpeg_compression/batch_3_2544.png,https://pilotexp.s3.ca-central-1.amazonaws.com/cifar10/IMG_ORIGINAL/jpeg_compression/batch_3_2544.png,https://pilotexp.s3.ca-central-1.amazonaws.com/cifar10/IMG_TRANSFORMED/jpeg_compression/batch_3_2544.png,0,0,0
frost/batch_1_1669.png,https://pilotexp.s3.ca-central-1.amazonaws.com/cifar10/IMG_ORIGINAL/frost/batch_1_1669.png,https://pilotexp.s3.ca-central-1.amazonaws.com/cifar10/IMG_TRANSFORMED/frost/batch_1_1669.png,1,0,0
frost/batch_5_8577.png,https://pilotexp.s3.ca-central-1.amazonaws.com/cifar10/IMG_ORIGINAL/frost/batch_5_8577.png,https://pilotexp.s3.ca-central-1.amazonaws.com/cifar10/IMG_TRANSFORMED/frost/batch_5_8577.png,1,1,0
contrast/batch_3_8607.png,https://pilotexp.s3.ca-central-1.amazonaws.com/cifar10/IMG_ORIGINAL/contrast/batch_3_8607.png,https://pilotexp.s3.ca-central-1.amazonaws.com/cifar10/IMG_TRANSFORMED/contrast/batch_3_8607.png,0,0,0
contrast/batch_5_1007.png,https://pilotexp.s3.ca-central-1.amazonaws.com/cifar10/IMG_ORIGINAL/contrast/batch_5_1007.png,https://pilotexp.s3.ca-central-1.amazonaws.com/cifar10/IMG_TRANSFORMED/contrast/batch_5_1007.png,0,0,0
frost/batch_3_4212.png,https://pilotexp.s3.ca-central-1.amazonaws.com/cifar10/IMG_ORIGINAL/frost/batch_3_4212.png,https://pilotexp.s3.ca-central-1.amazonaws.com/cifar10/IMG_TRANSFORMED/frost/batch_3_4212.png,0,0,0
brightness/batch_4_5500.png,https://pilotexp.s3.ca-central-1.amazonaws.com/cifar10/IMG_ORIGINAL/brightness/batch_4_5500.png,https://pilotexp.s3.ca-central-1.amazonaws.com/cifar10/IMG_TRANSFORMED/brightness/batch_4_5500.png,0,0,0
brightness/batch_5_7536.png,https://pilotexp.s3.ca-central-1.amazonaws.com/cifar10/IMG_ORIGINAL/brightness/batch_5_7536.png,https://pilotexp.s3.ca-central-1.amazonaws.com/cifar10/IMG_TRANSFORMED/brightness/batch_5_7536.png,0,0,0
brightness/batch_3_2349.png,https://pilotexp.s3.ca-central-1.amazonaws.com/cifar10/IMG_ORIGINAL/brightness/batch_3_2349.png,https://pilotexp.s3.ca-central-1.amazonaws.com/cifar10/IMG_TRANSFORMED/brightness/batch_3_2349.png,1,0,0
brightness/batch_2_1264.png,https://pilotexp.s3.ca-central-1.amazonaws.com/cifar10/IMG_ORIGINAL/brightness/batch_2_1264.png,https://pilotexp.s3.ca-central-1.amazonaws.com/cifar10/IMG_TRANSFORMED/brightness/batch_2_1264.png,1,1,0
jpeg_compression/batch_2_2352.png,https://pilotexp.s3.ca-central-1.amazonaws.com/cifar10/IMG_ORIGINAL/jpeg_compression/batch_2_2352.png,https://pilotexp.s3.ca-central-1.amazonaws.com/cifar10/IMG_TRANSFORMED/jpeg_compression/batch_2_2352.png,0,0,0
frost/batch_5_9254.png,https://pilotexp.s3.ca-central-1.amazonaws.com/cifar10/IMG_ORIGINAL/frost/batch_5_9254.png,https://pilotexp.s3.ca-central-1.amazonaws.com/cifar10/IMG_TRANSFORMED/frost/batch_5_9254.png,0,0,0
jpeg_compression/batch_4_3536.png,https://pilotexp.s3.ca-central-1.amazonaws.com/cifar10/IMG_ORIGINAL/jpeg_compression/batch_4_3536.png,https://pilotexp.s3.ca-central-1.amazonaws.com/cifar10/IMG_TRANSFORMED/jpeg_compression/batch_4_3536.png,0,1,1
contrast/batch_3_7327.png,https://pilotexp.s3.ca-central-1.amazonaws.com/cifar10/IMG_ORIGINAL/contrast/batch_3_7327.png,https://pilotexp.s3.ca-central-1.amazonaws.com/cifar10/IMG_TRANSFORMED/contrast/batch_3_7327.png,0,0,0
frost/batch_5_4230.png,https://pilotexp.s3.ca-central-1.amazonaws.com/cifar10/IMG_ORIGINAL/frost/batch_5_4230.png,https://pilotexp.s3.ca-central-1.amazonaws.com/cifar10/IMG_TRANSFORMED/frost/batch_5_4230.png,0,1,1
jpeg_compression/batch_5_6177.png,https://pilotexp.s3.ca-central-1.amazonaws.com/cifar10/IMG_ORIGINAL/jpeg_compression/batch_5_6177.png,https://pilotexp.s3.ca-central-1.amazonaws.com/cifar10/IMG_TRANSFORMED/jpeg_compression/batch_5_6177.png,1,1,0
brightness/batch_5_2649.png,https://pilotexp.s3.ca-central-1.amazonaws.com/cifar10/IMG_ORIGINAL/brightness/batch_5_2649.png,https://pilotexp.s3.ca-central-1.amazonaws.com/cifar10/IMG_TRANSFORMED/brightness/batch_5_2649.png,0,0,0
brightness/batch_3_8530.png,https://pilotexp.s3.ca-central-1.amazonaws.com/cifar10/IMG_ORIGINAL/brightness/batch_3_8530.png,https://pilotexp.s3.ca-central-1.amazonaws.com/cifar10/IMG_TRANSFORMED/brightness/batch_3_8530.png,1,1,0
brightness/batch_4_5701.png,https://pilotexp.s3.ca-central-1.amazonaws.com/cifar10/IMG_ORIGINAL/brightness/batch_4_5701.png,https://pilotexp.s3.ca-central-1.amazonaws.com/cifar10/IMG_TRANSFORMED/brightness/batch_4_5701.png,0,0,0
brightness/batch_1_542.png,https://pilotexp.s3.ca-central-1.amazonaws.com/cifar10/IMG_ORIGINAL/brightness/batch_1_542.png,https://pilotexp.s3.ca-central-1.amazonaws.com/cifar10/IMG_TRANSFORMED/brightness/batch_1_542.png,0,0,0
brightness/batch_1_6064.png,https://pilotexp.s3.ca-central-1.amazonaws.com/cifar10/IMG_ORIGINAL/brightness/batch_1_6064.png,https://pilotexp.s3.ca-central-1.amazonaws.com/cifar10/IMG_TRANSFORMED/brightness/batch_1_6064.png,1,1,0
jpeg_compression/batch_5_7659.png,https://pilotexp.s3.ca-central-1.amazonaws.com/cifar10/IMG_ORIGINAL/jpeg_compression/batch_5_7659.png,https://pilotexp.s3.ca-central-1.amazonaws.com/cifar10/IMG_TRANSFORMED/jpeg_compression/batch_5_7659.png,0,0,0
contrast/batch_1_8503.png,https://pilotexp.s3.ca-central-1.amazonaws.com/cifar10/IMG_ORIGINAL/contrast/batch_1_8503.png,https://pilotexp.s3.ca-central-1.amazonaws.com/cifar10/IMG_TRANSFORMED/contrast/batch_1_8503.png,0,0,0
frost/batch_4_2530.png,https://pilotexp.s3.ca-central-1.amazonaws.com/cifar10/IMG_ORIGINAL/frost/batch_4_2530.png,https://pilotexp.s3.ca-central-1.amazonaws.com/cifar10/IMG_TRANSFORMED/frost/batch_4_2530.png,0,0,0
jpeg_compression/batch_5_3134.png,https://pilotexp.s3.ca-central-1.amazonaws.com/cifar10/IMG_ORIGINAL/jpeg_compression/batch_5_3134.png,https://pilotexp.s3.ca-central-1.amazonaws.com/cifar10/IMG_TRANSFORMED/jpeg_compression/batch_5_3134.png,0,0,0
brightness/batch_2_8309.png,https://pilotexp.s3.ca-central-1.amazonaws.com/cifar10/IMG_ORIGINAL/brightness/batch_2_8309.png,https://pilotexp.s3.ca-central-1.amazonaws.com/cifar10/IMG_TRANSFORMED/brightness/batch_2_8309.png,0,0,0
jpeg_compression/batch_5_7482.png,https://pilotexp.s3.ca-central-1.amazonaws.com/cifar10/IMG_ORIGINAL/jpeg_compression/batch_5_7482.png,https://pilotexp.s3.ca-central-1.amazonaws.com/cifar10/IMG_TRANSFORMED/jpeg_compression/batch_5_7482.png,0,0,0
jpeg_compression/batch_3_3712.png,https://pilotexp.s3.ca-central-1.amazonaws.com/cifar10/IMG_ORIGINAL/jpeg_compression/batch_3_3712.png,https://pilotexp.s3.ca-central-1.amazonaws.com/cifar10/IMG_TRANSFORMED/jpeg_compression/batch_3_3712.png,0,0,0
contrast/batch_2_4649.png,https://pilotexp.s3.ca-central-1.amazonaws.com/cifar10/IMG_ORIGINAL/contrast/batch_2_4649.png,https://pilotexp.s3.ca-central-1.amazonaws.com/cifar10/IMG_TRANSFORMED/contrast/batch_2_4649.png,0,0,0
frost/batch_3_1041.png,https://pilotexp.s3.ca-central-1.amazonaws.com/cifar10/IMG_ORIGINAL/frost/batch_3_1041.png,https://pilotexp.s3.ca-central-1.amazonaws.com/cifar10/IMG_TRANSFORMED/frost/batch_3_1041.png,0,0,0
contrast/batch_5_9525.png,https://pilotexp.s3.ca-central-1.amazonaws.com/cifar10/IMG_ORIGINAL/contrast/batch_5_9525.png,https://pilotexp.s3.ca-central-1.amazonaws.com/cifar10/IMG_TRANSFORMED/contrast/batch_5_9525.png,0,0,0
frost/batch_2_2686.png,https://pilotexp.s3.ca-central-1.amazonaws.com/cifar10/IMG_ORIGINAL/frost/batch_2_2686.png,https://pilotexp.s3.ca-central-1.amazonaws.com/cifar10/IMG_TRANSFORMED/frost/batch_2_2686.png,0,0,0
contrast/batch_3_2695.png,https://pilotexp.s3.ca-central-1.amazonaws.com/cifar10/IMG_ORIGINAL/contrast/batch_3_2695.png,https://pilotexp.s3.ca-central-1.amazonaws.com/cifar10/IMG_TRANSFORMED/contrast/batch_3_2695.png,0,0,0
jpeg_compression/batch_1_9641.png,https://pilotexp.s3.ca-central-1.amazonaws.com/cifar10/IMG_ORIGINAL/jpeg_compression/batch_1_9641.png,https://pilotexp.s3.ca-central-1.amazonaws.com/cifar10/IMG_TRANSFORMED/jpeg_compression/batch_1_9641.png,0,0,0
frost/batch_4_8435.png,https://pilotexp.s3.ca-central-1.amazonaws.com/cifar10/IMG_ORIGINAL/frost/batch_4_8435.png,https://pilotexp.s3.ca-central-1.amazonaws.com/cifar10/IMG_TRANSFORMED/frost/batch_4_8435.png,0,0,0
frost/batch_1_6804.png,https://pilotexp.s3.ca-central-1.amazonaws.com/cifar10/IMG_ORIGINAL/frost/batch_1_6804.png,https://pilotexp.s3.ca-central-1.amazonaws.com/cifar10/IMG_TRANSFORMED/frost/batch_1_6804.png,0,0,0
jpeg_compression/batch_4_5559.png,https://pilotexp.s3.ca-central-1.amazonaws.com/cifar10/IMG_ORIGINAL/jpeg_compression/batch_4_5559.png,https://pilotexp.s3.ca-central-1.amazonaws.com/cifar10/IMG_TRANSFORMED/jpeg_compression/batch_4_5559.png,0,1,1
frost/batch_5_3239.png,https://pilotexp.s3.ca-central-1.amazonaws.com/cifar10/IMG_ORIGINAL/frost/batch_5_3239.png,https://pilotexp.s3.ca-central-1.amazonaws.com/cifar10/IMG_TRANSFORMED/frost/batch_5_3239.png,0,0,0
brightness/batch_4_9515.png,https://pilotexp.s3.ca-central-1.amazonaws.com/cifar10/IMG_ORIGINAL/brightness/batch_4_9515.png,https://pilotexp.s3.ca-central-1.amazonaws.com/cifar10/IMG_TRANSFORMED/brightness/batch_4_9515.png,0,0,0
contrast/batch_2_72.png,https://pilotexp.s3.ca-central-1.amazonaws.com/cifar10/IMG_ORIGINAL/contrast/batch_2_72.png,https://pilotexp.s3.ca-central-1.amazonaws.com/cifar10/IMG_TRANSFORMED/contrast/batch_2_72.png,0,1,1
contrast/batch_3_6392.png,https://pilotexp.s3.ca-central-1.amazonaws.com/cifar10/IMG_ORIGINAL/contrast/batch_3_6392.png,https://pilotexp.s3.ca-central-1.amazonaws.com/cifar10/IMG_TRANSFORMED/contrast/batch_3_6392.png,0,0,0
jpeg_compression/batch_4_8230.png,https://pilotexp.s3.ca-central-1.amazonaws.com/cifar10/IMG_ORIGINAL/jpeg_compression/batch_4_8230.png,https://pilotexp.s3.ca-central-1.amazonaws.com/cifar10/IMG_TRANSFORMED/jpeg_compression/batch_4_8230.png,0,0,0
frost/batch_3_7741.png,https://pilotexp.s3.ca-central-1.amazonaws.com/cifar10/IMG_ORIGINAL/frost/batch_3_7741.png,https://pilotexp.s3.ca-central-1.amazonaws.com/cifar10/IMG_TRANSFORMED/frost/batch_3_7741.png,0,0,0
contrast/batch_4_3689.png,https://pilotexp.s3.ca-central-1.amazonaws.com/cifar10/IMG_ORIGINAL/contrast/batch_4_3689.png,https://pilotexp.s3.ca-central-1.amazonaws.com/cifar10/IMG_TRANSFORMED/contrast/batch_4_3689.png,0,0,0
contrast/batch_5_6203.png,https://pilotexp.s3.ca-central-1.amazonaws.com/cifar10/IMG_ORIGINAL/contrast/batch_5_6203.png,https://pilotexp.s3.ca-central-1.amazonaws.com/cifar10/IMG_TRANSFORMED/contrast/batch_5_6203.png,0,0,0
contrast/batch_4_2404.png,https://pilotexp.s3.ca-central-1.amazonaws.com/cifar10/IMG_ORIGINAL/contrast/batch_4_2404.png,https://pilotexp.s3.ca-central-1.amazonaws.com/cifar10/IMG_TRANSFORMED/contrast/batch_4_2404.png,0,1,1
jpeg_compression/batch_4_6098.png,https://pilotexp.s3.ca-central-1.amazonaws.com/cifar10/IMG_ORIGINAL/jpeg_compression/batch_4_6098.png,https://pilotexp.s3.ca-central-1.amazonaws.com/cifar10/IMG_TRANSFORMED/jpeg_compression/batch_4_6098.png,0,0,0
frost/batch_3_2511.png,https://pilotexp.s3.ca-central-1.amazonaws.com/cifar10/IMG_ORIGINAL/frost/batch_3_2511.png,https://pilotexp.s3.ca-central-1.amazonaws.com/cifar10/IMG_TRANSFORMED/frost/batch_3_2511.png,0,0,0
jpeg_compression/batch_2_827.png,https://pilotexp.s3.ca-central-1.amazonaws.com/cifar10/IMG_ORIGINAL/jpeg_compression/batch_2_827.png,https://pilotexp.s3.ca-central-1.amazonaws.com/cifar10/IMG_TRANSFORMED/jpeg_compression/batch_2_827.png,1,0,1
contrast/batch_2_1566.png,https://pilotexp.s3.ca-central-1.amazonaws.com/cifar10/IMG_ORIGINAL/contrast/batch_2_1566.png,https://pilotexp.s3.ca-central-1.amazonaws.com/cifar10/IMG_TRANSFORMED/contrast/batch_2_1566.png,0,0,0
contrast/batch_3_5135.png,https://pilotexp.s3.ca-central-1.amazonaws.com/cifar10/IMG_ORIGINAL/contrast/batch_3_5135.png,https://pilotexp.s3.ca-central-1.amazonaws.com/cifar10/IMG_TRANSFORMED/contrast/batch_3_5135.png,1,1,0
jpeg_compression/batch_2_5452.png,https://pilotexp.s3.ca-central-1.amazonaws.com/cifar10/IMG_ORIGINAL/jpeg_compression/batch_2_5452.png,https://pilotexp.s3.ca-central-1.amazonaws.com/cifar10/IMG_TRANSFORMED/jpeg_compression/batch_2_5452.png,0,0,0
frost/batch_3_7191.png,https://pilotexp.s3.ca-central-1.amazonaws.com/cifar10/IMG_ORIGINAL/frost/batch_3_7191.png,https://pilotexp.s3.ca-central-1.amazonaws.com/cifar10/IMG_TRANSFORMED/frost/batch_3_7191.png,0,0,0
contrast/batch_1_1176.png,https://pilotexp.s3.ca-central-1.amazonaws.com/cifar10/IMG_ORIGINAL/contrast/batch_1_1176.png,https://pilotexp.s3.ca-central-1.amazonaws.com/cifar10/IMG_TRANSFORMED/contrast/batch_1_1176.png,0,0,0
jpeg_compression/batch_4_2892.png,https://pilotexp.s3.ca-central-1.amazonaws.com/cifar10/IMG_ORIGINAL/jpeg_compression/batch_4_2892.png,https://pilotexp.s3.ca-central-1.amazonaws.com/cifar10/IMG_TRANSFORMED/jpeg_compression/batch_4_2892.png,0,0,0
frost/batch_3_6032.png,https://pilotexp.s3.ca-central-1.amazonaws.com/cifar10/IMG_ORIGINAL/frost/batch_3_6032.png,https://pilotexp.s3.ca-central-1.amazonaws.com/cifar10/IMG_TRANSFORMED/frost/batch_3_6032.png,0,0,0
jpeg_compression/batch_3_947.png,https://pilotexp.s3.ca-central-1.amazonaws.com/cifar10/IMG_ORIGINAL/jpeg_compression/batch_3_947.png,https://pilotexp.s3.ca-central-1.amazonaws.com/cifar10/IMG_TRANSFORMED/jpeg_compression/batch_3_947.png,1,0,1
brightness/batch_1_8485.png,https://pilotexp.s3.ca-central-1.amazonaws.com/cifar10/IMG_ORIGINAL/brightness/batch_1_8485.png,https://pilotexp.s3.ca-central-1.amazonaws.com/cifar10/IMG_TRANSFORMED/brightness/batch_1_8485.png,0,0,0
brightness/batch_3_3623.png,https://pilotexp.s3.ca-central-1.amazonaws.com/cifar10/IMG_ORIGINAL/brightness/batch_3_3623.png,https://pilotexp.s3.ca-central-1.amazonaws.com/cifar10/IMG_TRANSFORMED/brightness/batch_3_3623.png,0,0,0
brightness/batch_1_4017.png,https://pilotexp.s3.ca-central-1.amazonaws.com/cifar10/IMG_ORIGINAL/brightness/batch_1_4017.png,https://pilotexp.s3.ca-central-1.amazonaws.com/cifar10/IMG_TRANSFORMED/brightness/batch_1_4017.png,0,0,0
contrast/batch_3_1148.png,https://pilotexp.s3.ca-central-1.amazonaws.com/cifar10/IMG_ORIGINAL/contrast/batch_3_1148.png,https://pilotexp.s3.ca-central-1.amazonaws.com/cifar10/IMG_TRANSFORMED/contrast/batch_3_1148.png,0,0,0
contrast/batch_2_2785.png,https://pilotexp.s3.ca-central-1.amazonaws.com/cifar10/IMG_ORIGINAL/contrast/batch_2_2785.png,https://pilotexp.s3.ca-central-1.amazonaws.com/cifar10/IMG_TRANSFORMED/contrast/batch_2_2785.png,0,0,0
contrast/batch_4_9973.png,https://pilotexp.s3.ca-central-1.amazonaws.com/cifar10/IMG_ORIGINAL/contrast/batch_4_9973.png,https://pilotexp.s3.ca-central-1.amazonaws.com/cifar10/IMG_TRANSFORMED/contrast/batch_4_9973.png,0,0,0
jpeg_compression/batch_3_2346.png,https://pilotexp.s3.ca-central-1.amazonaws.com/cifar10/IMG_ORIGINAL/jpeg_compression/batch_3_2346.png,https://pilotexp.s3.ca-central-1.amazonaws.com/cifar10/IMG_TRANSFORMED/jpeg_compression/batch_3_2346.png,1,0,1
contrast/batch_3_3458.png,https://pilotexp.s3.ca-central-1.amazonaws.com/cifar10/IMG_ORIGINAL/contrast/batch_3_3458.png,https://pilotexp.s3.ca-central-1.amazonaws.com/cifar10/IMG_TRANSFORMED/contrast/batch_3_3458.png,0,0,0
brightness/batch_2_20.png,https://pilotexp.s3.ca-central-1.amazonaws.com/cifar10/IMG_ORIGINAL/brightness/batch_2_20.png,https://pilotexp.s3.ca-central-1.amazonaws.com/cifar10/IMG_TRANSFORMED/brightness/batch_2_20.png,0,0,0
contrast/batch_1_4862.png,https://pilotexp.s3.ca-central-1.amazonaws.com/cifar10/IMG_ORIGINAL/contrast/batch_1_4862.png,https://pilotexp.s3.ca-central-1.amazonaws.com/cifar10/IMG_TRANSFORMED/contrast/batch_1_4862.png,0,0,0
brightness/batch_2_61.png,https://pilotexp.s3.ca-central-1.amazonaws.com/cifar10/IMG_ORIGINAL/brightness/batch_2_61.png,https://pilotexp.s3.ca-central-1.amazonaws.com/cifar10/IMG_TRANSFORMED/brightness/batch_2_61.png,0,0,0
contrast/batch_2_998.png,https://pilotexp.s3.ca-central-1.amazonaws.com/cifar10/IMG_ORIGINAL/contrast/batch_2_998.png,https://pilotexp.s3.ca-central-1.amazonaws.com/cifar10/IMG_TRANSFORMED/contrast/batch_2_998.png,0,1,1
contrast/batch_4_2963.png,https://pilotexp.s3.ca-central-1.amazonaws.com/cifar10/IMG_ORIGINAL/contrast/batch_4_2963.png,https://pilotexp.s3.ca-central-1.amazonaws.com/cifar10/IMG_TRANSFORMED/contrast/batch_4_2963.png,0,0,0
brightness/batch_4_7535.png,https://pilotexp.s3.ca-central-1.amazonaws.com/cifar10/IMG_ORIGINAL/brightness/batch_4_7535.png,https://pilotexp.s3.ca-central-1.amazonaws.com/cifar10/IMG_TRANSFORMED/brightness/batch_4_7535.png,1,1,0
frost/batch_4_5062.png,https://pilotexp.s3.ca-central-1.amazonaws.com/cifar10/IMG_ORIGINAL/frost/batch_4_5062.png,https://pilotexp.s3.ca-central-1.amazonaws.com/cifar10/IMG_TRANSFORMED/frost/batch_4_5062.png,0,0,0
brightness/batch_4_1599.png,https://pilotexp.s3.ca-central-1.amazonaws.com/cifar10/IMG_ORIGINAL/brightness/batch_4_1599.png,https://pilotexp.s3.ca-central-1.amazonaws.com/cifar10/IMG_TRANSFORMED/brightness/batch_4_1599.png,1,0,1
contrast/batch_4_210.png,https://pilotexp.s3.ca-central-1.amazonaws.com/cifar10/IMG_ORIGINAL/contrast/batch_4_210.png,https://pilotexp.s3.ca-central-1.amazonaws.com/cifar10/IMG_TRANSFORMED/contrast/batch_4_210.png,0,0,0
contrast/batch_3_793.png,https://pilotexp.s3.ca-central-1.amazonaws.com/cifar10/IMG_ORIGINAL/contrast/batch_3_793.png,https://pilotexp.s3.ca-central-1.amazonaws.com/cifar10/IMG_TRANSFORMED/contrast/batch_3_793.png,0,0,0
jpeg_compression/batch_3_4050.png,https://pilotexp.s3.ca-central-1.amazonaws.com/cifar10/IMG_ORIGINAL/jpeg_compression/batch_3_4050.png,https://pilotexp.s3.ca-central-1.amazonaws.com/cifar10/IMG_TRANSFORMED/jpeg_compression/batch_3_4050.png,0,0,0
brightness/batch_1_9951.png,https://pilotexp.s3.ca-central-1.amazonaws.com/cifar10/IMG_ORIGINAL/brightness/batch_1_9951.png,https://pilotexp.s3.ca-central-1.amazonaws.com/cifar10/IMG_TRANSFORMED/brightness/batch_1_9951.png,0,0,0
brightness/batch_5_175.png,https://pilotexp.s3.ca-central-1.amazonaws.com/cifar10/IMG_ORIGINAL/brightness/batch_5_175.png,https://pilotexp.s3.ca-central-1.amazonaws.com/cifar10/IMG_TRANSFORMED/brightness/batch_5_175.png,0,0,0
contrast/batch_1_586.png,https://pilotexp.s3.ca-central-1.amazonaws.com/cifar10/IMG_ORIGINAL/contrast/batch_1_586.png,https://pilotexp.s3.ca-central-1.amazonaws.com/cifar10/IMG_TRANSFORMED/contrast/batch_1_586.png,0,0,0
brightness/batch_1_3580.png,https://pilotexp.s3.ca-central-1.amazonaws.com/cifar10/IMG_ORIGINAL/brightness/batch_1_3580.png,https://pilotexp.s3.ca-central-1.amazonaws.com/cifar10/IMG_TRANSFORMED/brightness/batch_1_3580.png,0,0,0
jpeg_compression/batch_3_9538.png,https://pilotexp.s3.ca-central-1.amazonaws.com/cifar10/IMG_ORIGINAL/jpeg_compression/batch_3_9538.png,https://pilotexp.s3.ca-central-1.amazonaws.com/cifar10/IMG_TRANSFORMED/jpeg_compression/batch_3_9538.png,0,0,0
contrast/batch_5_7676.png,https://pilotexp.s3.ca-central-1.amazonaws.com/cifar10/IMG_ORIGINAL/contrast/batch_5_7676.png,https://pilotexp.s3.ca-central-1.amazonaws.com/cifar10/IMG_TRANSFORMED/contrast/batch_5_7676.png,0,0,0
frost/batch_3_929.png,https://pilotexp.s3.ca-central-1.amazonaws.com/cifar10/IMG_ORIGINAL/frost/batch_3_929.png,https://pilotexp.s3.ca-central-1.amazonaws.com/cifar10/IMG_TRANSFORMED/frost/batch_3_929.png,0,0,0
brightness/batch_2_9231.png,https://pilotexp.s3.ca-central-1.amazonaws.com/cifar10/IMG_ORIGINAL/brightness/batch_2_9231.png,https://pilotexp.s3.ca-central-1.amazonaws.com/cifar10/IMG_TRANSFORMED/brightness/batch_2_9231.png,0,0,0
contrast/batch_5_7116.png,https://pilotexp.s3.ca-central-1.amazonaws.com/cifar10/IMG_ORIGINAL/contrast/batch_5_7116.png,https://pilotexp.s3.ca-central-1.amazonaws.com/cifar10/IMG_TRANSFORMED/contrast/batch_5_7116.png,0,0,0
frost/batch_3_9005.png,https://pilotexp.s3.ca-central-1.amazonaws.com/cifar10/IMG_ORIGINAL/frost/batch_3_9005.png,https://pilotexp.s3.ca-central-1.amazonaws.com/cifar10/IMG_TRANSFORMED/frost/batch_3_9005.png,0,0,0
jpeg_compression/batch_4_3988.png,https://pilotexp.s3.ca-central-1.amazonaws.com/cifar10/IMG_ORIGINAL/jpeg_compression/batch_4_3988.png,https://pilotexp.s3.ca-central-1.amazonaws.com/cifar10/IMG_TRANSFORMED/jpeg_compression/batch_4_3988.png,0,1,1
jpeg_compression/batch_1_9799.png,https://pilotexp.s3.ca-central-1.amazonaws.com/cifar10/IMG_ORIGINAL/jpeg_compression/batch_1_9799.png,https://pilotexp.s3.ca-central-1.amazonaws.com/cifar10/IMG_TRANSFORMED/jpeg_compression/batch_1_9799.png,0,0,0
jpeg_compression/batch_2_5797.png,https://pilotexp.s3.ca-central-1.amazonaws.com/cifar10/IMG_ORIGINAL/jpeg_compression/batch_2_5797.png,https://pilotexp.s3.ca-central-1.amazonaws.com/cifar10/IMG_TRANSFORMED/jpeg_compression/batch_2_5797.png,1,0,1
contrast/batch_3_8158.png,https://pilotexp.s3.ca-central-1.amazonaws.com/cifar10/IMG_ORIGINAL/contrast/batch_3_8158.png,https://pilotexp.s3.ca-central-1.amazonaws.com/cifar10/IMG_TRANSFORMED/contrast/batch_3_8158.png,0,0,0
frost/batch_4_9043.png,https://pilotexp.s3.ca-central-1.amazonaws.com/cifar10/IMG_ORIGINAL/frost/batch_4_9043.png,https://pilotexp.s3.ca-central-1.amazonaws.com/cifar10/IMG_TRANSFORMED/frost/batch_4_9043.png,1,0,1
contrast/batch_1_8310.png,https://pilotexp.s3.ca-central-1.amazonaws.com/cifar10/IMG_ORIGINAL/contrast/batch_1_8310.png,https://pilotexp.s3.ca-central-1.amazonaws.com/cifar10/IMG_TRANSFORMED/contrast/batch_1_8310.png,1,1,0
jpeg_compression/batch_3_3591.png,https://pilotexp.s3.ca-central-1.amazonaws.com/cifar10/IMG_ORIGINAL/jpeg_compression/batch_3_3591.png,https://pilotexp.s3.ca-central-1.amazonaws.com/cifar10/IMG_TRANSFORMED/jpeg_compression/batch_3_3591.png,0,0,0
contrast/batch_5_3024.png,https://pilotexp.s3.ca-central-1.amazonaws.com/cifar10/IMG_ORIGINAL/contrast/batch_5_3024.png,https://pilotexp.s3.ca-central-1.amazonaws.com/cifar10/IMG_TRANSFORMED/contrast/batch_5_3024.png,0,0,0
contrast/batch_5_4981.png,https://pilotexp.s3.ca-central-1.amazonaws.com/cifar10/IMG_ORIGINAL/contrast/batch_5_4981.png,https://pilotexp.s3.ca-central-1.amazonaws.com/cifar10/IMG_TRANSFORMED/contrast/batch_5_4981.png,0,0,0
brightness/batch_2_572.png,https://pilotexp.s3.ca-central-1.amazonaws.com/cifar10/IMG_ORIGINAL/brightness/batch_2_572.png,https://pilotexp.s3.ca-central-1.amazonaws.com/cifar10/IMG_TRANSFORMED/brightness/batch_2_572.png,0,1,1
brightness/batch_2_430.png,https://pilotexp.s3.ca-central-1.amazonaws.com/cifar10/IMG_ORIGINAL/brightness/batch_2_430.png,https://pilotexp.s3.ca-central-1.amazonaws.com/cifar10/IMG_TRANSFORMED/brightness/batch_2_430.png,0,1,1
brightness/batch_4_9436.png,https://pilotexp.s3.ca-central-1.amazonaws.com/cifar10/IMG_ORIGINAL/brightness/batch_4_9436.png,https://pilotexp.s3.ca-central-1.amazonaws.com/cifar10/IMG_TRANSFORMED/brightness/batch_4_9436.png,0,0,0
jpeg_compression/batch_1_8667.png,https://pilotexp.s3.ca-central-1.amazonaws.com/cifar10/IMG_ORIGINAL/jpeg_compression/batch_1_8667.png,https://pilotexp.s3.ca-central-1.amazonaws.com/cifar10/IMG_TRANSFORMED/jpeg_compression/batch_1_8667.png,1,1,0
jpeg_compression/batch_1_9867.png,https://pilotexp.s3.ca-central-1.amazonaws.com/cifar10/IMG_ORIGINAL/jpeg_compression/batch_1_9867.png,https://pilotexp.s3.ca-central-1.amazonaws.com/cifar10/IMG_TRANSFORMED/jpeg_compression/batch_1_9867.png,0,0,0
frost/batch_4_664.png,https://pilotexp.s3.ca-central-1.amazonaws.com/cifar10/IMG_ORIGINAL/frost/batch_4_664.png,https://pilotexp.s3.ca-central-1.amazonaws.com/cifar10/IMG_TRANSFORMED/frost/batch_4_664.png,0,0,0
jpeg_compression/batch_2_5693.png,https://pilotexp.s3.ca-central-1.amazonaws.com/cifar10/IMG_ORIGINAL/jpeg_compression/batch_2_5693.png,https://pilotexp.s3.ca-central-1.amazonaws.com/cifar10/IMG_TRANSFORMED/jpeg_compression/batch_2_5693.png,1,1,0
jpeg_compression/batch_4_1574.png,https://pilotexp.s3.ca-central-1.amazonaws.com/cifar10/IMG_ORIGINAL/jpeg_compression/batch_4_1574.png,https://pilotexp.s3.ca-central-1.amazonaws.com/cifar10/IMG_TRANSFORMED/jpeg_compression/batch_4_1574.png,0,0,0
frost/batch_1_7741.png,https://pilotexp.s3.ca-central-1.amazonaws.com/cifar10/IMG_ORIGINAL/frost/batch_1_7741.png,https://pilotexp.s3.ca-central-1.amazonaws.com/cifar10/IMG_TRANSFORMED/frost/batch_1_7741.png,0,0,0
jpeg_compression/batch_3_394.png,https://pilotexp.s3.ca-central-1.amazonaws.com/cifar10/IMG_ORIGINAL/jpeg_compression/batch_3_394.png,https://pilotexp.s3.ca-central-1.amazonaws.com/cifar10/IMG_TRANSFORMED/jpeg_compression/batch_3_394.png,0,0,0
contrast/batch_3_6103.png,https://pilotexp.s3.ca-central-1.amazonaws.com/cifar10/IMG_ORIGINAL/contrast/batch_3_6103.png,https://pilotexp.s3.ca-central-1.amazonaws.com/cifar10/IMG_TRANSFORMED/contrast/batch_3_6103.png,0,0,0
jpeg_compression/batch_4_9756.png,https://pilotexp.s3.ca-central-1.amazonaws.com/cifar10/IMG_ORIGINAL/jpeg_compression/batch_4_9756.png,https://pilotexp.s3.ca-central-1.amazonaws.com/cifar10/IMG_TRANSFORMED/jpeg_compression/batch_4_9756.png,0,0,0
contrast/batch_3_804.png,https://pilotexp.s3.ca-central-1.amazonaws.com/cifar10/IMG_ORIGINAL/contrast/batch_3_804.png,https://pilotexp.s3.ca-central-1.amazonaws.com/cifar10/IMG_TRANSFORMED/contrast/batch_3_804.png,1,1,0
brightness/batch_2_9597.png,https://pilotexp.s3.ca-central-1.amazonaws.com/cifar10/IMG_ORIGINAL/brightness/batch_2_9597.png,https://pilotexp.s3.ca-central-1.amazonaws.com/cifar10/IMG_TRANSFORMED/brightness/batch_2_9597.png,1,0,0
contrast/batch_3_4077.png,https://pilotexp.s3.ca-central-1.amazonaws.com/cifar10/IMG_ORIGINAL/contrast/batch_3_4077.png,https://pilotexp.s3.ca-central-1.amazonaws.com/cifar10/IMG_TRANSFORMED/contrast/batch_3_4077.png,0,0,0
frost/batch_2_6675.png,https://pilotexp.s3.ca-central-1.amazonaws.com/cifar10/IMG_ORIGINAL/frost/batch_2_6675.png,https://pilotexp.s3.ca-central-1.amazonaws.com/cifar10/IMG_TRANSFORMED/frost/batch_2_6675.png,0,0,0
brightness/batch_4_7191.png,https://pilotexp.s3.ca-central-1.amazonaws.com/cifar10/IMG_ORIGINAL/brightness/batch_4_7191.png,https://pilotexp.s3.ca-central-1.amazonaws.com/cifar10/IMG_TRANSFORMED/brightness/batch_4_7191.png,0,0,0
frost/batch_3_7218.png,https://pilotexp.s3.ca-central-1.amazonaws.com/cifar10/IMG_ORIGINAL/frost/batch_3_7218.png,https://pilotexp.s3.ca-central-1.amazonaws.com/cifar10/IMG_TRANSFORMED/frost/batch_3_7218.png,0,0,0
contrast/batch_2_1591.png,https://pilotexp.s3.ca-central-1.amazonaws.com/cifar10/IMG_ORIGINAL/contrast/batch_2_1591.png,https://pilotexp.s3.ca-central-1.amazonaws.com/cifar10/IMG_TRANSFORMED/contrast/batch_2_1591.png,0,0,0
brightness/batch_4_1962.png,https://pilotexp.s3.ca-central-1.amazonaws.com/cifar10/IMG_ORIGINAL/brightness/batch_4_1962.png,https://pilotexp.s3.ca-central-1.amazonaws.com/cifar10/IMG_TRANSFORMED/brightness/batch_4_1962.png,1,0,1
contrast/batch_3_8168.png,https://pilotexp.s3.ca-central-1.amazonaws.com/cifar10/IMG_ORIGINAL/contrast/batch_3_8168.png,https://pilotexp.s3.ca-central-1.amazonaws.com/cifar10/IMG_TRANSFORMED/contrast/batch_3_8168.png,0,0,0
jpeg_compression/batch_4_2178.png,https://pilotexp.s3.ca-central-1.amazonaws.com/cifar10/IMG_ORIGINAL/jpeg_compression/batch_4_2178.png,https://pilotexp.s3.ca-central-1.amazonaws.com/cifar10/IMG_TRANSFORMED/jpeg_compression/batch_4_2178.png,0,1,1
brightness/batch_3_7289.png,https://pilotexp.s3.ca-central-1.amazonaws.com/cifar10/IMG_ORIGINAL/brightness/batch_3_7289.png,https://pilotexp.s3.ca-central-1.amazonaws.com/cifar10/IMG_TRANSFORMED/brightness/batch_3_7289.png,0,0,0
brightness/batch_2_7566.png,https://pilotexp.s3.ca-central-1.amazonaws.com/cifar10/IMG_ORIGINAL/brightness/batch_2_7566.png,https://pilotexp.s3.ca-central-1.amazonaws.com/cifar10/IMG_TRANSFORMED/brightness/batch_2_7566.png,0,0,0
frost/batch_5_5843.png,https://pilotexp.s3.ca-central-1.amazonaws.com/cifar10/IMG_ORIGINAL/frost/batch_5_5843.png,https://pilotexp.s3.ca-central-1.amazonaws.com/cifar10/IMG_TRANSFORMED/frost/batch_5_5843.png,0,0,0
jpeg_compression/batch_2_9422.png,https://pilotexp.s3.ca-central-1.amazonaws.com/cifar10/IMG_ORIGINAL/jpeg_compression/batch_2_9422.png,https://pilotexp.s3.ca-central-1.amazonaws.com/cifar10/IMG_TRANSFORMED/jpeg_compression/batch_2_9422.png,0,0,0
jpeg_compression/batch_2_126.png,https://pilotexp.s3.ca-central-1.amazonaws.com/cifar10/IMG_ORIGINAL/jpeg_compression/batch_2_126.png,https://pilotexp.s3.ca-central-1.amazonaws.com/cifar10/IMG_TRANSFORMED/jpeg_compression/batch_2_126.png,0,0,0
jpeg_compression/batch_5_5481.png,https://pilotexp.s3.ca-central-1.amazonaws.com/cifar10/IMG_ORIGINAL/jpeg_compression/batch_5_5481.png,https://pilotexp.s3.ca-central-1.amazonaws.com/cifar10/IMG_TRANSFORMED/jpeg_compression/batch_5_5481.png,0,0,0
brightness/batch_2_9069.png,https://pilotexp.s3.ca-central-1.amazonaws.com/cifar10/IMG_ORIGINAL/brightness/batch_2_9069.png,https://pilotexp.s3.ca-central-1.amazonaws.com/cifar10/IMG_TRANSFORMED/brightness/batch_2_9069.png,0,0,0
contrast/batch_3_3176.png,https://pilotexp.s3.ca-central-1.amazonaws.com/cifar10/IMG_ORIGINAL/contrast/batch_3_3176.png,https://pilotexp.s3.ca-central-1.amazonaws.com/cifar10/IMG_TRANSFORMED/contrast/batch_3_3176.png,0,0,0
jpeg_compression/batch_1_9257.png,https://pilotexp.s3.ca-central-1.amazonaws.com/cifar10/IMG_ORIGINAL/jpeg_compression/batch_1_9257.png,https://pilotexp.s3.ca-central-1.amazonaws.com/cifar10/IMG_TRANSFORMED/jpeg_compression/batch_1_9257.png,0,0,0
frost/batch_1_3664.png,https://pilotexp.s3.ca-central-1.amazonaws.com/cifar10/IMG_ORIGINAL/frost/batch_1_3664.png,https://pilotexp.s3.ca-central-1.amazonaws.com/cifar10/IMG_TRANSFORMED/frost/batch_1_3664.png,0,0,0
brightness/batch_5_1842.png,https://pilotexp.s3.ca-central-1.amazonaws.com/cifar10/IMG_ORIGINAL/brightness/batch_5_1842.png,https://pilotexp.s3.ca-central-1.amazonaws.com/cifar10/IMG_TRANSFORMED/brightness/batch_5_1842.png,0,0,0
contrast/batch_2_5635.png,https://pilotexp.s3.ca-central-1.amazonaws.com/cifar10/IMG_ORIGINAL/contrast/batch_2_5635.png,https://pilotexp.s3.ca-central-1.amazonaws.com/cifar10/IMG_TRANSFORMED/contrast/batch_2_5635.png,0,0,0
frost/batch_5_5400.png,https://pilotexp.s3.ca-central-1.amazonaws.com/cifar10/IMG_ORIGINAL/frost/batch_5_5400.png,https://pilotexp.s3.ca-central-1.amazonaws.com/cifar10/IMG_TRANSFORMED/frost/batch_5_5400.png,0,0,0
frost/batch_4_6560.png,https://pilotexp.s3.ca-central-1.amazonaws.com/cifar10/IMG_ORIGINAL/frost/batch_4_6560.png,https://pilotexp.s3.ca-central-1.amazonaws.com/cifar10/IMG_TRANSFORMED/frost/batch_4_6560.png,0,1,1
brightness/batch_5_9722.png,https://pilotexp.s3.ca-central-1.amazonaws.com/cifar10/IMG_ORIGINAL/brightness/batch_5_9722.png,https://pilotexp.s3.ca-central-1.amazonaws.com/cifar10/IMG_TRANSFORMED/brightness/batch_5_9722.png,0,0,0
brightness/batch_5_8068.png,https://pilotexp.s3.ca-central-1.amazonaws.com/cifar10/IMG_ORIGINAL/brightness/batch_5_8068.png,https://pilotexp.s3.ca-central-1.amazonaws.com/cifar10/IMG_TRANSFORMED/brightness/batch_5_8068.png,0,0,0
frost/batch_4_4574.png,https://pilotexp.s3.ca-central-1.amazonaws.com/cifar10/IMG_ORIGINAL/frost/batch_4_4574.png,https://pilotexp.s3.ca-central-1.amazonaws.com/cifar10/IMG_TRANSFORMED/frost/batch_4_4574.png,0,0,0
jpeg_compression/batch_3_6593.png,https://pilotexp.s3.ca-central-1.amazonaws.com/cifar10/IMG_ORIGINAL/jpeg_compression/batch_3_6593.png,https://pilotexp.s3.ca-central-1.amazonaws.com/cifar10/IMG_TRANSFORMED/jpeg_compression/batch_3_6593.png,0,0,0
contrast/batch_3_8121.png,https://pilotexp.s3.ca-central-1.amazonaws.com/cifar10/IMG_ORIGINAL/contrast/batch_3_8121.png,https://pilotexp.s3.ca-central-1.amazonaws.com/cifar10/IMG_TRANSFORMED/contrast/batch_3_8121.png,0,0,0
jpeg_compression/batch_2_6112.png,https://pilotexp.s3.ca-central-1.amazonaws.com/cifar10/IMG_ORIGINAL/jpeg_compression/batch_2_6112.png,https://pilotexp.s3.ca-central-1.amazonaws.com/cifar10/IMG_TRANSFORMED/jpeg_compression/batch_2_6112.png,0,0,0
jpeg_compression/batch_4_4745.png,https://pilotexp.s3.ca-central-1.amazonaws.com/cifar10/IMG_ORIGINAL/jpeg_compression/batch_4_4745.png,https://pilotexp.s3.ca-central-1.amazonaws.com/cifar10/IMG_TRANSFORMED/jpeg_compression/batch_4_4745.png,0,0,0
brightness/batch_5_639.png,https://pilotexp.s3.ca-central-1.amazonaws.com/cifar10/IMG_ORIGINAL/brightness/batch_5_639.png,https://pilotexp.s3.ca-central-1.amazonaws.com/cifar10/IMG_TRANSFORMED/brightness/batch_5_639.png,0,0,0
jpeg_compression/batch_5_5754.png,https://pilotexp.s3.ca-central-1.amazonaws.com/cifar10/IMG_ORIGINAL/jpeg_compression/batch_5_5754.png,https://pilotexp.s3.ca-central-1.amazonaws.com/cifar10/IMG_TRANSFORMED/jpeg_compression/batch_5_5754.png,0,0,0
jpeg_compression/batch_5_3301.png,https://pilotexp.s3.ca-central-1.amazonaws.com/cifar10/IMG_ORIGINAL/jpeg_compression/batch_5_3301.png,https://pilotexp.s3.ca-central-1.amazonaws.com/cifar10/IMG_TRANSFORMED/jpeg_compression/batch_5_3301.png,0,0,0
frost/batch_3_5862.png,https://pilotexp.s3.ca-central-1.amazonaws.com/cifar10/IMG_ORIGINAL/frost/batch_3_5862.png,https://pilotexp.s3.ca-central-1.amazonaws.com/cifar10/IMG_TRANSFORMED/frost/batch_3_5862.png,0,0,0
frost/batch_4_845.png,https://pilotexp.s3.ca-central-1.amazonaws.com/cifar10/IMG_ORIGINAL/frost/batch_4_845.png,https://pilotexp.s3.ca-central-1.amazonaws.com/cifar10/IMG_TRANSFORMED/frost/batch_4_845.png,0,0,0
jpeg_compression/batch_5_1493.png,https://pilotexp.s3.ca-central-1.amazonaws.com/cifar10/IMG_ORIGINAL/jpeg_compression/batch_5_1493.png,https://pilotexp.s3.ca-central-1.amazonaws.com/cifar10/IMG_TRANSFORMED/jpeg_compression/batch_5_1493.png,0,0,0
brightness/batch_4_3855.png,https://pilotexp.s3.ca-central-1.amazonaws.com/cifar10/IMG_ORIGINAL/brightness/batch_4_3855.png,https://pilotexp.s3.ca-central-1.amazonaws.com/cifar10/IMG_TRANSFORMED/brightness/batch_4_3855.png,0,0,0
brightness/batch_5_5642.png,https://pilotexp.s3.ca-central-1.amazonaws.com/cifar10/IMG_ORIGINAL/brightness/batch_5_5642.png,https://pilotexp.s3.ca-central-1.amazonaws.com/cifar10/IMG_TRANSFORMED/brightness/batch_5_5642.png,1,0,1
jpeg_compression/batch_4_5598.png,https://pilotexp.s3.ca-central-1.amazonaws.com/cifar10/IMG_ORIGINAL/jpeg_compression/batch_4_5598.png,https://pilotexp.s3.ca-central-1.amazonaws.com/cifar10/IMG_TRANSFORMED/jpeg_compression/batch_4_5598.png,0,0,0
frost/batch_2_3712.png,https://pilotexp.s3.ca-central-1.amazonaws.com/cifar10/IMG_ORIGINAL/frost/batch_2_3712.png,https://pilotexp.s3.ca-central-1.amazonaws.com/cifar10/IMG_TRANSFORMED/frost/batch_2_3712.png,0,0,0
jpeg_compression/batch_2_3007.png,https://pilotexp.s3.ca-central-1.amazonaws.com/cifar10/IMG_ORIGINAL/jpeg_compression/batch_2_3007.png,https://pilotexp.s3.ca-central-1.amazonaws.com/cifar10/IMG_TRANSFORMED/jpeg_compression/batch_2_3007.png,0,0,0
contrast/batch_4_1431.png,https://pilotexp.s3.ca-central-1.amazonaws.com/cifar10/IMG_ORIGINAL/contrast/batch_4_1431.png,https://pilotexp.s3.ca-central-1.amazonaws.com/cifar10/IMG_TRANSFORMED/contrast/batch_4_1431.png,0,0,0
brightness/batch_3_3913.png,https://pilotexp.s3.ca-central-1.amazonaws.com/cifar10/IMG_ORIGINAL/brightness/batch_3_3913.png,https://pilotexp.s3.ca-central-1.amazonaws.com/cifar10/IMG_TRANSFORMED/brightness/batch_3_3913.png,0,0,0
contrast/batch_2_3516.png,https://pilotexp.s3.ca-central-1.amazonaws.com/cifar10/IMG_ORIGINAL/contrast/batch_2_3516.png,https://pilotexp.s3.ca-central-1.amazonaws.com/cifar10/IMG_TRANSFORMED/contrast/batch_2_3516.png,0,0,0
frost/batch_1_6872.png,https://pilotexp.s3.ca-central-1.amazonaws.com/cifar10/IMG_ORIGINAL/frost/batch_1_6872.png,https://pilotexp.s3.ca-central-1.amazonaws.com/cifar10/IMG_TRANSFORMED/frost/batch_1_6872.png,0,0,0
brightness/batch_2_8610.png,https://pilotexp.s3.ca-central-1.amazonaws.com/cifar10/IMG_ORIGINAL/brightness/batch_2_8610.png,https://pilotexp.s3.ca-central-1.amazonaws.com/cifar10/IMG_TRANSFORMED/brightness/batch_2_8610.png,0,0,0
jpeg_compression/batch_2_5143.png,https://pilotexp.s3.ca-central-1.amazonaws.com/cifar10/IMG_ORIGINAL/jpeg_compression/batch_2_5143.png,https://pilotexp.s3.ca-central-1.amazonaws.com/cifar10/IMG_TRANSFORMED/jpeg_compression/batch_2_5143.png,0,0,0
contrast/batch_5_8033.png,https://pilotexp.s3.ca-central-1.amazonaws.com/cifar10/IMG_ORIGINAL/contrast/batch_5_8033.png,https://pilotexp.s3.ca-central-1.amazonaws.com/cifar10/IMG_TRANSFORMED/contrast/batch_5_8033.png,1,1,0
brightness/batch_5_8497.png,https://pilotexp.s3.ca-central-1.amazonaws.com/cifar10/IMG_ORIGINAL/brightness/batch_5_8497.png,https://pilotexp.s3.ca-central-1.amazonaws.com/cifar10/IMG_TRANSFORMED/brightness/batch_5_8497.png,0,0,0
frost/batch_2_8831.png,https://pilotexp.s3.ca-central-1.amazonaws.com/cifar10/IMG_ORIGINAL/frost/batch_2_8831.png,https://pilotexp.s3.ca-central-1.amazonaws.com/cifar10/IMG_TRANSFORMED/frost/batch_2_8831.png,0,0,0
brightness/batch_2_3735.png,https://pilotexp.s3.ca-central-1.amazonaws.com/cifar10/IMG_ORIGINAL/brightness/batch_2_3735.png,https://pilotexp.s3.ca-central-1.amazonaws.com/cifar10/IMG_TRANSFORMED/brightness/batch_2_3735.png,0,0,0
frost/batch_2_9622.png,https://pilotexp.s3.ca-central-1.amazonaws.com/cifar10/IMG_ORIGINAL/frost/batch_2_9622.png,https://pilotexp.s3.ca-central-1.amazonaws.com/cifar10/IMG_TRANSFORMED/frost/batch_2_9622.png,0,0,0
frost/batch_5_6488.png,https://pilotexp.s3.ca-central-1.amazonaws.com/cifar10/IMG_ORIGINAL/frost/batch_5_6488.png,https://pilotexp.s3.ca-central-1.amazonaws.com/cifar10/IMG_TRANSFORMED/frost/batch_5_6488.png,0,0,0
contrast/batch_2_6005.png,https://pilotexp.s3.ca-central-1.amazonaws.com/cifar10/IMG_ORIGINAL/contrast/batch_2_6005.png,https://pilotexp.s3.ca-central-1.amazonaws.com/cifar10/IMG_TRANSFORMED/contrast/batch_2_6005.png,0,0,0
frost/batch_3_5106.png,https://pilotexp.s3.ca-central-1.amazonaws.com/cifar10/IMG_ORIGINAL/frost/batch_3_5106.png,https://pilotexp.s3.ca-central-1.amazonaws.com/cifar10/IMG_TRANSFORMED/frost/batch_3_5106.png,0,0,0
jpeg_compression/batch_4_7646.png,https://pilotexp.s3.ca-central-1.amazonaws.com/cifar10/IMG_ORIGINAL/jpeg_compression/batch_4_7646.png,https://pilotexp.s3.ca-central-1.amazonaws.com/cifar10/IMG_TRANSFORMED/jpeg_compression/batch_4_7646.png,0,0,0
contrast/batch_4_1722.png,https://pilotexp.s3.ca-central-1.amazonaws.com/cifar10/IMG_ORIGINAL/contrast/batch_4_1722.png,https://pilotexp.s3.ca-central-1.amazonaws.com/cifar10/IMG_TRANSFORMED/contrast/batch_4_1722.png,1,0,1
brightness/batch_5_6589.png,https://pilotexp.s3.ca-central-1.amazonaws.com/cifar10/IMG_ORIGINAL/brightness/batch_5_6589.png,https://pilotexp.s3.ca-central-1.amazonaws.com/cifar10/IMG_TRANSFORMED/brightness/batch_5_6589.png,0,0,0
contrast/batch_5_1886.png,https://pilotexp.s3.ca-central-1.amazonaws.com/cifar10/IMG_ORIGINAL/contrast/batch_5_1886.png,https://pilotexp.s3.ca-central-1.amazonaws.com/cifar10/IMG_TRANSFORMED/contrast/batch_5_1886.png,0,0,0
jpeg_compression/batch_1_6632.png,https://pilotexp.s3.ca-central-1.amazonaws.com/cifar10/IMG_ORIGINAL/jpeg_compression/batch_1_6632.png,https://pilotexp.s3.ca-central-1.amazonaws.com/cifar10/IMG_TRANSFORMED/jpeg_compression/batch_1_6632.png,0,1,1
brightness/batch_4_9659.png,https://pilotexp.s3.ca-central-1.amazonaws.com/cifar10/IMG_ORIGINAL/brightness/batch_4_9659.png,https://pilotexp.s3.ca-central-1.amazonaws.com/cifar10/IMG_TRANSFORMED/brightness/batch_4_9659.png,0,0,0
brightness/batch_3_5571.png,https://pilotexp.s3.ca-central-1.amazonaws.com/cifar10/IMG_ORIGINAL/brightness/batch_3_5571.png,https://pilotexp.s3.ca-central-1.amazonaws.com/cifar10/IMG_TRANSFORMED/brightness/batch_3_5571.png,0,0,0
brightness/batch_1_9279.png,https://pilotexp.s3.ca-central-1.amazonaws.com/cifar10/IMG_ORIGINAL/brightness/batch_1_9279.png,https://pilotexp.s3.ca-central-1.amazonaws.com/cifar10/IMG_TRANSFORMED/brightness/batch_1_9279.png,0,0,0
contrast/batch_1_5189.png,https://pilotexp.s3.ca-central-1.amazonaws.com/cifar10/IMG_ORIGINAL/contrast/batch_1_5189.png,https://pilotexp.s3.ca-central-1.amazonaws.com/cifar10/IMG_TRANSFORMED/contrast/batch_1_5189.png,0,0,0
contrast/batch_1_2614.png,https://pilotexp.s3.ca-central-1.amazonaws.com/cifar10/IMG_ORIGINAL/contrast/batch_1_2614.png,https://pilotexp.s3.ca-central-1.amazonaws.com/cifar10/IMG_TRANSFORMED/contrast/batch_1_2614.png,0,0,0
contrast/batch_5_667.png,https://pilotexp.s3.ca-central-1.amazonaws.com/cifar10/IMG_ORIGINAL/contrast/batch_5_667.png,https://pilotexp.s3.ca-central-1.amazonaws.com/cifar10/IMG_TRANSFORMED/contrast/batch_5_667.png,0,0,0
frost/batch_2_1454.png,https://pilotexp.s3.ca-central-1.amazonaws.com/cifar10/IMG_ORIGINAL/frost/batch_2_1454.png,https://pilotexp.s3.ca-central-1.amazonaws.com/cifar10/IMG_TRANSFORMED/frost/batch_2_1454.png,0,0,0
frost/batch_2_3708.png,https://pilotexp.s3.ca-central-1.amazonaws.com/cifar10/IMG_ORIGINAL/frost/batch_2_3708.png,https://pilotexp.s3.ca-central-1.amazonaws.com/cifar10/IMG_TRANSFORMED/frost/batch_2_3708.png,0,0,0
jpeg_compression/batch_2_4246.png,https://pilotexp.s3.ca-central-1.amazonaws.com/cifar10/IMG_ORIGINAL/jpeg_compression/batch_2_4246.png,https://pilotexp.s3.ca-central-1.amazonaws.com/cifar10/IMG_TRANSFORMED/jpeg_compression/batch_2_4246.png,0,0,0
brightness/batch_5_532.png,https://pilotexp.s3.ca-central-1.amazonaws.com/cifar10/IMG_ORIGINAL/brightness/batch_5_532.png,https://pilotexp.s3.ca-central-1.amazonaws.com/cifar10/IMG_TRANSFORMED/brightness/batch_5_532.png,0,0,0
jpeg_compression/batch_3_3337.png,https://pilotexp.s3.ca-central-1.amazonaws.com/cifar10/IMG_ORIGINAL/jpeg_compression/batch_3_3337.png,https://pilotexp.s3.ca-central-1.amazonaws.com/cifar10/IMG_TRANSFORMED/jpeg_compression/batch_3_3337.png,0,0,0
brightness/batch_3_5602.png,https://pilotexp.s3.ca-central-1.amazonaws.com/cifar10/IMG_ORIGINAL/brightness/batch_3_5602.png,https://pilotexp.s3.ca-central-1.amazonaws.com/cifar10/IMG_TRANSFORMED/brightness/batch_3_5602.png,0,0,0
jpeg_compression/batch_3_251.png,https://pilotexp.s3.ca-central-1.amazonaws.com/cifar10/IMG_ORIGINAL/jpeg_compression/batch_3_251.png,https://pilotexp.s3.ca-central-1.amazonaws.com/cifar10/IMG_TRANSFORMED/jpeg_compression/batch_3_251.png,0,0,0
frost/batch_2_6804.png,https://pilotexp.s3.ca-central-1.amazonaws.com/cifar10/IMG_ORIGINAL/frost/batch_2_6804.png,https://pilotexp.s3.ca-central-1.amazonaws.com/cifar10/IMG_TRANSFORMED/frost/batch_2_6804.png,0,0,0
frost/batch_5_8583.png,https://pilotexp.s3.ca-central-1.amazonaws.com/cifar10/IMG_ORIGINAL/frost/batch_5_8583.png,https://pilotexp.s3.ca-central-1.amazonaws.com/cifar10/IMG_TRANSFORMED/frost/batch_5_8583.png,0,0,0
frost/batch_4_8687.png,https://pilotexp.s3.ca-central-1.amazonaws.com/cifar10/IMG_ORIGINAL/frost/batch_4_8687.png,https://pilotexp.s3.ca-central-1.amazonaws.com/cifar10/IMG_TRANSFORMED/frost/batch_4_8687.png,1,1,0
brightness/batch_1_4889.png,https://pilotexp.s3.ca-central-1.amazonaws.com/cifar10/IMG_ORIGINAL/brightness/batch_1_4889.png,https://pilotexp.s3.ca-central-1.amazonaws.com/cifar10/IMG_TRANSFORMED/brightness/batch_1_4889.png,1,1,0
contrast/batch_3_2929.png,https://pilotexp.s3.ca-central-1.amazonaws.com/cifar10/IMG_ORIGINAL/contrast/batch_3_2929.png,https://pilotexp.s3.ca-central-1.amazonaws.com/cifar10/IMG_TRANSFORMED/contrast/batch_3_2929.png,0,0,0
jpeg_compression/batch_5_6823.png,https://pilotexp.s3.ca-central-1.amazonaws.com/cifar10/IMG_ORIGINAL/jpeg_compression/batch_5_6823.png,https://pilotexp.s3.ca-central-1.amazonaws.com/cifar10/IMG_TRANSFORMED/jpeg_compression/batch_5_6823.png,0,1,1
brightness/batch_1_6041.png,https://pilotexp.s3.ca-central-1.amazonaws.com/cifar10/IMG_ORIGINAL/brightness/batch_1_6041.png,https://pilotexp.s3.ca-central-1.amazonaws.com/cifar10/IMG_TRANSFORMED/brightness/batch_1_6041.png,0,0,0
frost/batch_3_8904.png,https://pilotexp.s3.ca-central-1.amazonaws.com/cifar10/IMG_ORIGINAL/frost/batch_3_8904.png,https://pilotexp.s3.ca-central-1.amazonaws.com/cifar10/IMG_TRANSFORMED/frost/batch_3_8904.png,0,0,0
jpeg_compression/batch_5_7681.png,https://pilotexp.s3.ca-central-1.amazonaws.com/cifar10/IMG_ORIGINAL/jpeg_compression/batch_5_7681.png,https://pilotexp.s3.ca-central-1.amazonaws.com/cifar10/IMG_TRANSFORMED/jpeg_compression/batch_5_7681.png,0,0,0
frost/batch_4_4185.png,https://pilotexp.s3.ca-central-1.amazonaws.com/cifar10/IMG_ORIGINAL/frost/batch_4_4185.png,https://pilotexp.s3.ca-central-1.amazonaws.com/cifar10/IMG_TRANSFORMED/frost/batch_4_4185.png,0,0,0
jpeg_compression/batch_2_9745.png,https://pilotexp.s3.ca-central-1.amazonaws.com/cifar10/IMG_ORIGINAL/jpeg_compression/batch_2_9745.png,https://pilotexp.s3.ca-central-1.amazonaws.com/cifar10/IMG_TRANSFORMED/jpeg_compression/batch_2_9745.png,1,0,1
contrast/batch_3_5847.png,https://pilotexp.s3.ca-central-1.amazonaws.com/cifar10/IMG_ORIGINAL/contrast/batch_3_5847.png,https://pilotexp.s3.ca-central-1.amazonaws.com/cifar10/IMG_TRANSFORMED/contrast/batch_3_5847.png,0,0,0
frost/batch_2_2246.png,https://pilotexp.s3.ca-central-1.amazonaws.com/cifar10/IMG_ORIGINAL/frost/batch_2_2246.png,https://pilotexp.s3.ca-central-1.amazonaws.com/cifar10/IMG_TRANSFORMED/frost/batch_2_2246.png,0,0,0
brightness/batch_5_2610.png,https://pilotexp.s3.ca-central-1.amazonaws.com/cifar10/IMG_ORIGINAL/brightness/batch_5_2610.png,https://pilotexp.s3.ca-central-1.amazonaws.com/cifar10/IMG_TRANSFORMED/brightness/batch_5_2610.png,0,0,0
contrast/batch_2_9377.png,https://pilotexp.s3.ca-central-1.amazonaws.com/cifar10/IMG_ORIGINAL/contrast/batch_2_9377.png,https://pilotexp.s3.ca-central-1.amazonaws.com/cifar10/IMG_TRANSFORMED/contrast/batch_2_9377.png,1,1,0
frost/batch_4_7157.png,https://pilotexp.s3.ca-central-1.amazonaws.com/cifar10/IMG_ORIGINAL/frost/batch_4_7157.png,https://pilotexp.s3.ca-central-1.amazonaws.com/cifar10/IMG_TRANSFORMED/frost/batch_4_7157.png,1,0,0
jpeg_compression/batch_4_2741.png,https://pilotexp.s3.ca-central-1.amazonaws.com/cifar10/IMG_ORIGINAL/jpeg_compression/batch_4_2741.png,https://pilotexp.s3.ca-central-1.amazonaws.com/cifar10/IMG_TRANSFORMED/jpeg_compression/batch_4_2741.png,0,0,0
contrast/batch_4_1000.png,https://pilotexp.s3.ca-central-1.amazonaws.com/cifar10/IMG_ORIGINAL/contrast/batch_4_1000.png,https://pilotexp.s3.ca-central-1.amazonaws.com/cifar10/IMG_TRANSFORMED/contrast/batch_4_1000.png,0,0,0
brightness/batch_3_4848.png,https://pilotexp.s3.ca-central-1.amazonaws.com/cifar10/IMG_ORIGINAL/brightness/batch_3_4848.png,https://pilotexp.s3.ca-central-1.amazonaws.com/cifar10/IMG_TRANSFORMED/brightness/batch_3_4848.png,0,0,0
contrast/batch_5_1742.png,https://pilotexp.s3.ca-central-1.amazonaws.com/cifar10/IMG_ORIGINAL/contrast/batch_5_1742.png,https://pilotexp.s3.ca-central-1.amazonaws.com/cifar10/IMG_TRANSFORMED/contrast/batch_5_1742.png,1,1,0
contrast/batch_4_7073.png,https://pilotexp.s3.ca-central-1.amazonaws.com/cifar10/IMG_ORIGINAL/contrast/batch_4_7073.png,https://pilotexp.s3.ca-central-1.amazonaws.com/cifar10/IMG_TRANSFORMED/contrast/batch_4_7073.png,0,0,0
brightness/batch_1_2277.png,https://pilotexp.s3.ca-central-1.amazonaws.com/cifar10/IMG_ORIGINAL/brightness/batch_1_2277.png,https://pilotexp.s3.ca-central-1.amazonaws.com/cifar10/IMG_TRANSFORMED/brightness/batch_1_2277.png,0,0,0
frost/batch_3_3637.png,https://pilotexp.s3.ca-central-1.amazonaws.com/cifar10/IMG_ORIGINAL/frost/batch_3_3637.png,https://pilotexp.s3.ca-central-1.amazonaws.com/cifar10/IMG_TRANSFORMED/frost/batch_3_3637.png,0,0,0
frost/batch_4_5951.png,https://pilotexp.s3.ca-central-1.amazonaws.com/cifar10/IMG_ORIGINAL/frost/batch_4_5951.png,https://pilotexp.s3.ca-central-1.amazonaws.com/cifar10/IMG_TRANSFORMED/frost/batch_4_5951.png,0,0,0
contrast/batch_4_4595.png,https://pilotexp.s3.ca-central-1.amazonaws.com/cifar10/IMG_ORIGINAL/contrast/batch_4_4595.png,https://pilotexp.s3.ca-central-1.amazonaws.com/cifar10/IMG_TRANSFORMED/contrast/batch_4_4595.png,1,1,0
contrast/batch_5_9010.png,https://pilotexp.s3.ca-central-1.amazonaws.com/cifar10/IMG_ORIGINAL/contrast/batch_5_9010.png,https://pilotexp.s3.ca-central-1.amazonaws.com/cifar10/IMG_TRANSFORMED/contrast/batch_5_9010.png,0,0,0
jpeg_compression/batch_2_1254.png,https://pilotexp.s3.ca-central-1.amazonaws.com/cifar10/IMG_ORIGINAL/jpeg_compression/batch_2_1254.png,https://pilotexp.s3.ca-central-1.amazonaws.com/cifar10/IMG_TRANSFORMED/jpeg_compression/batch_2_1254.png,0,0,0
contrast/batch_1_2275.png,https://pilotexp.s3.ca-central-1.amazonaws.com/cifar10/IMG_ORIGINAL/contrast/batch_1_2275.png,https://pilotexp.s3.ca-central-1.amazonaws.com/cifar10/IMG_TRANSFORMED/contrast/batch_1_2275.png,0,0,0
brightness/batch_5_4212.png,https://pilotexp.s3.ca-central-1.amazonaws.com/cifar10/IMG_ORIGINAL/brightness/batch_5_4212.png,https://pilotexp.s3.ca-central-1.amazonaws.com/cifar10/IMG_TRANSFORMED/brightness/batch_5_4212.png,1,1,0
jpeg_compression/batch_5_3163.png,https://pilotexp.s3.ca-central-1.amazonaws.com/cifar10/IMG_ORIGINAL/jpeg_compression/batch_5_3163.png,https://pilotexp.s3.ca-central-1.amazonaws.com/cifar10/IMG_TRANSFORMED/jpeg_compression/batch_5_3163.png,0,0,0
contrast/batch_2_9820.png,https://pilotexp.s3.ca-central-1.amazonaws.com/cifar10/IMG_ORIGINAL/contrast/batch_2_9820.png,https://pilotexp.s3.ca-central-1.amazonaws.com/cifar10/IMG_TRANSFORMED/contrast/batch_2_9820.png,0,0,0
contrast/batch_1_193.png,https://pilotexp.s3.ca-central-1.amazonaws.com/cifar10/IMG_ORIGINAL/contrast/batch_1_193.png,https://pilotexp.s3.ca-central-1.amazonaws.com/cifar10/IMG_TRANSFORMED/contrast/batch_1_193.png,0,0,0
brightness/batch_4_5294.png,https://pilotexp.s3.ca-central-1.amazonaws.com/cifar10/IMG_ORIGINAL/brightness/batch_4_5294.png,https://pilotexp.s3.ca-central-1.amazonaws.com/cifar10/IMG_TRANSFORMED/brightness/batch_4_5294.png,0,0,0
jpeg_compression/batch_1_5117.png,https://pilotexp.s3.ca-central-1.amazonaws.com/cifar10/IMG_ORIGINAL/jpeg_compression/batch_1_5117.png,https://pilotexp.s3.ca-central-1.amazonaws.com/cifar10/IMG_TRANSFORMED/jpeg_compression/batch_1_5117.png,0,1,1
contrast/batch_4_1617.png,https://pilotexp.s3.ca-central-1.amazonaws.com/cifar10/IMG_ORIGINAL/contrast/batch_4_1617.png,https://pilotexp.s3.ca-central-1.amazonaws.com/cifar10/IMG_TRANSFORMED/contrast/batch_4_1617.png,0,0,0
frost/batch_3_8405.png,https://pilotexp.s3.ca-central-1.amazonaws.com/cifar10/IMG_ORIGINAL/frost/batch_3_8405.png,https://pilotexp.s3.ca-central-1.amazonaws.com/cifar10/IMG_TRANSFORMED/frost/batch_3_8405.png,1,0,0
jpeg_compression/batch_3_8892.png,https://pilotexp.s3.ca-central-1.amazonaws.com/cifar10/IMG_ORIGINAL/jpeg_compression/batch_3_8892.png,https://pilotexp.s3.ca-central-1.amazonaws.com/cifar10/IMG_TRANSFORMED/jpeg_compression/batch_3_8892.png,0,0,0
brightness/batch_5_1215.png,https://pilotexp.s3.ca-central-1.amazonaws.com/cifar10/IMG_ORIGINAL/brightness/batch_5_1215.png,https://pilotexp.s3.ca-central-1.amazonaws.com/cifar10/IMG_TRANSFORMED/brightness/batch_5_1215.png,1,0,1
jpeg_compression/batch_5_5573.png,https://pilotexp.s3.ca-central-1.amazonaws.com/cifar10/IMG_ORIGINAL/jpeg_compression/batch_5_5573.png,https://pilotexp.s3.ca-central-1.amazonaws.com/cifar10/IMG_TRANSFORMED/jpeg_compression/batch_5_5573.png,1,0,1
brightness/batch_3_3992.png,https://pilotexp.s3.ca-central-1.amazonaws.com/cifar10/IMG_ORIGINAL/brightness/batch_3_3992.png,https://pilotexp.s3.ca-central-1.amazonaws.com/cifar10/IMG_TRANSFORMED/brightness/batch_3_3992.png,0,0,0
brightness/batch_4_3399.png,https://pilotexp.s3.ca-central-1.amazonaws.com/cifar10/IMG_ORIGINAL/brightness/batch_4_3399.png,https://pilotexp.s3.ca-central-1.amazonaws.com/cifar10/IMG_TRANSFORMED/brightness/batch_4_3399.png,1,1,0
frost/batch_3_6280.png,https://pilotexp.s3.ca-central-1.amazonaws.com/cifar10/IMG_ORIGINAL/frost/batch_3_6280.png,https://pilotexp.s3.ca-central-1.amazonaws.com/cifar10/IMG_TRANSFORMED/frost/batch_3_6280.png,0,0,0
brightness/batch_3_55.png,https://pilotexp.s3.ca-central-1.amazonaws.com/cifar10/IMG_ORIGINAL/brightness/batch_3_55.png,https://pilotexp.s3.ca-central-1.amazonaws.com/cifar10/IMG_TRANSFORMED/brightness/batch_3_55.png,0,0,0
contrast/batch_3_4929.png,https://pilotexp.s3.ca-central-1.amazonaws.com/cifar10/IMG_ORIGINAL/contrast/batch_3_4929.png,https://pilotexp.s3.ca-central-1.amazonaws.com/cifar10/IMG_TRANSFORMED/contrast/batch_3_4929.png,0,0,0
frost/batch_4_2336.png,https://pilotexp.s3.ca-central-1.amazonaws.com/cifar10/IMG_ORIGINAL/frost/batch_4_2336.png,https://pilotexp.s3.ca-central-1.amazonaws.com/cifar10/IMG_TRANSFORMED/frost/batch_4_2336.png,0,0,0
brightness/batch_3_2715.png,https://pilotexp.s3.ca-central-1.amazonaws.com/cifar10/IMG_ORIGINAL/brightness/batch_3_2715.png,https://pilotexp.s3.ca-central-1.amazonaws.com/cifar10/IMG_TRANSFORMED/brightness/batch_3_2715.png,0,0,0
brightness/batch_4_6474.png,https://pilotexp.s3.ca-central-1.amazonaws.com/cifar10/IMG_ORIGINAL/brightness/batch_4_6474.png,https://pilotexp.s3.ca-central-1.amazonaws.com/cifar10/IMG_TRANSFORMED/brightness/batch_4_6474.png,0,0,0
frost/batch_1_8569.png,https://pilotexp.s3.ca-central-1.amazonaws.com/cifar10/IMG_ORIGINAL/frost/batch_1_8569.png,https://pilotexp.s3.ca-central-1.amazonaws.com/cifar10/IMG_TRANSFORMED/frost/batch_1_8569.png,0,0,0
jpeg_compression/batch_2_8199.png,https://pilotexp.s3.ca-central-1.amazonaws.com/cifar10/IMG_ORIGINAL/jpeg_compression/batch_2_8199.png,https://pilotexp.s3.ca-central-1.amazonaws.com/cifar10/IMG_TRANSFORMED/jpeg_compression/batch_2_8199.png,0,0,0
frost/batch_2_574.png,https://pilotexp.s3.ca-central-1.amazonaws.com/cifar10/IMG_ORIGINAL/frost/batch_2_574.png,https://pilotexp.s3.ca-central-1.amazonaws.com/cifar10/IMG_TRANSFORMED/frost/batch_2_574.png,0,0,0
jpeg_compression/batch_5_5111.png,https://pilotexp.s3.ca-central-1.amazonaws.com/cifar10/IMG_ORIGINAL/jpeg_compression/batch_5_5111.png,https://pilotexp.s3.ca-central-1.amazonaws.com/cifar10/IMG_TRANSFORMED/jpeg_compression/batch_5_5111.png,0,0,0
contrast/batch_3_4525.png,https://pilotexp.s3.ca-central-1.amazonaws.com/cifar10/IMG_ORIGINAL/contrast/batch_3_4525.png,https://pilotexp.s3.ca-central-1.amazonaws.com/cifar10/IMG_TRANSFORMED/contrast/batch_3_4525.png,0,0,0
frost/batch_4_7307.png,https://pilotexp.s3.ca-central-1.amazonaws.com/cifar10/IMG_ORIGINAL/frost/batch_4_7307.png,https://pilotexp.s3.ca-central-1.amazonaws.com/cifar10/IMG_TRANSFORMED/frost/batch_4_7307.png,0,0,0
brightness/batch_1_7436.png,https://pilotexp.s3.ca-central-1.amazonaws.com/cifar10/IMG_ORIGINAL/brightness/batch_1_7436.png,https://pilotexp.s3.ca-central-1.amazonaws.com/cifar10/IMG_TRANSFORMED/brightness/batch_1_7436.png,0,0,0
frost/batch_4_4713.png,https://pilotexp.s3.ca-central-1.amazonaws.com/cifar10/IMG_ORIGINAL/frost/batch_4_4713.png,https://pilotexp.s3.ca-central-1.amazonaws.com/cifar10/IMG_TRANSFORMED/frost/batch_4_4713.png,1,0,0
jpeg_compression/batch_1_1550.png,https://pilotexp.s3.ca-central-1.amazonaws.com/cifar10/IMG_ORIGINAL/jpeg_compression/batch_1_1550.png,https://pilotexp.s3.ca-central-1.amazonaws.com/cifar10/IMG_TRANSFORMED/jpeg_compression/batch_1_1550.png,0,0,0
contrast/batch_3_9672.png,https://pilotexp.s3.ca-central-1.amazonaws.com/cifar10/IMG_ORIGINAL/contrast/batch_3_9672.png,https://pilotexp.s3.ca-central-1.amazonaws.com/cifar10/IMG_TRANSFORMED/contrast/batch_3_9672.png,1,1,0
contrast/batch_3_8572.png,https://pilotexp.s3.ca-central-1.amazonaws.com/cifar10/IMG_ORIGINAL/contrast/batch_3_8572.png,https://pilotexp.s3.ca-central-1.amazonaws.com/cifar10/IMG_TRANSFORMED/contrast/batch_3_8572.png,1,1,0
contrast/batch_4_3711.png,https://pilotexp.s3.ca-central-1.amazonaws.com/cifar10/IMG_ORIGINAL/contrast/batch_4_3711.png,https://pilotexp.s3.ca-central-1.amazonaws.com/cifar10/IMG_TRANSFORMED/contrast/batch_4_3711.png,0,0,0
frost/batch_5_4210.png,https://pilotexp.s3.ca-central-1.amazonaws.com/cifar10/IMG_ORIGINAL/frost/batch_5_4210.png,https://pilotexp.s3.ca-central-1.amazonaws.com/cifar10/IMG_TRANSFORMED/frost/batch_5_4210.png,1,1,0
brightness/batch_4_1479.png,https://pilotexp.s3.ca-central-1.amazonaws.com/cifar10/IMG_ORIGINAL/brightness/batch_4_1479.png,https://pilotexp.s3.ca-central-1.amazonaws.com/cifar10/IMG_TRANSFORMED/brightness/batch_4_1479.png,0,0,0
contrast/batch_1_7054.png,https://pilotexp.s3.ca-central-1.amazonaws.com/cifar10/IMG_ORIGINAL/contrast/batch_1_7054.png,https://pilotexp.s3.ca-central-1.amazonaws.com/cifar10/IMG_TRANSFORMED/contrast/batch_1_7054.png,0,0,0
jpeg_compression/batch_1_7327.png,https://pilotexp.s3.ca-central-1.amazonaws.com/cifar10/IMG_ORIGINAL/jpeg_compression/batch_1_7327.png,https://pilotexp.s3.ca-central-1.amazonaws.com/cifar10/IMG_TRANSFORMED/jpeg_compression/batch_1_7327.png,0,0,0
brightness/batch_4_7979.png,https://pilotexp.s3.ca-central-1.amazonaws.com/cifar10/IMG_ORIGINAL/brightness/batch_4_7979.png,https://pilotexp.s3.ca-central-1.amazonaws.com/cifar10/IMG_TRANSFORMED/brightness/batch_4_7979.png,1,1,0
contrast/batch_3_1197.png,https://pilotexp.s3.ca-central-1.amazonaws.com/cifar10/IMG_ORIGINAL/contrast/batch_3_1197.png,https://pilotexp.s3.ca-central-1.amazonaws.com/cifar10/IMG_TRANSFORMED/contrast/batch_3_1197.png,0,0,0
frost/batch_5_7111.png,https://pilotexp.s3.ca-central-1.amazonaws.com/cifar10/IMG_ORIGINAL/frost/batch_5_7111.png,https://pilotexp.s3.ca-central-1.amazonaws.com/cifar10/IMG_TRANSFORMED/frost/batch_5_7111.png,0,0,0
contrast/batch_3_9319.png,https://pilotexp.s3.ca-central-1.amazonaws.com/cifar10/IMG_ORIGINAL/contrast/batch_3_9319.png,https://pilotexp.s3.ca-central-1.amazonaws.com/cifar10/IMG_TRANSFORMED/contrast/batch_3_9319.png,0,0,0
jpeg_compression/batch_2_8421.png,https://pilotexp.s3.ca-central-1.amazonaws.com/cifar10/IMG_ORIGINAL/jpeg_compression/batch_2_8421.png,https://pilotexp.s3.ca-central-1.amazonaws.com/cifar10/IMG_TRANSFORMED/jpeg_compression/batch_2_8421.png,0,0,0
frost/batch_2_4859.png,https://pilotexp.s3.ca-central-1.amazonaws.com/cifar10/IMG_ORIGINAL/frost/batch_2_4859.png,https://pilotexp.s3.ca-central-1.amazonaws.com/cifar10/IMG_TRANSFORMED/frost/batch_2_4859.png,1,1,0
frost/batch_2_2994.png,https://pilotexp.s3.ca-central-1.amazonaws.com/cifar10/IMG_ORIGINAL/frost/batch_2_2994.png,https://pilotexp.s3.ca-central-1.amazonaws.com/cifar10/IMG_TRANSFORMED/frost/batch_2_2994.png,0,0,0
jpeg_compression/batch_5_6909.png,https://pilotexp.s3.ca-central-1.amazonaws.com/cifar10/IMG_ORIGINAL/jpeg_compression/batch_5_6909.png,https://pilotexp.s3.ca-central-1.amazonaws.com/cifar10/IMG_TRANSFORMED/jpeg_compression/batch_5_6909.png,0,0,0
frost/batch_5_4068.png,https://pilotexp.s3.ca-central-1.amazonaws.com/cifar10/IMG_ORIGINAL/frost/batch_5_4068.png,https://pilotexp.s3.ca-central-1.amazonaws.com/cifar10/IMG_TRANSFORMED/frost/batch_5_4068.png,0,0,0
contrast/batch_3_8185.png,https://pilotexp.s3.ca-central-1.amazonaws.com/cifar10/IMG_ORIGINAL/contrast/batch_3_8185.png,https://pilotexp.s3.ca-central-1.amazonaws.com/cifar10/IMG_TRANSFORMED/contrast/batch_3_8185.png,0,0,0
contrast/batch_1_6364.png,https://pilotexp.s3.ca-central-1.amazonaws.com/cifar10/IMG_ORIGINAL/contrast/batch_1_6364.png,https://pilotexp.s3.ca-central-1.amazonaws.com/cifar10/IMG_TRANSFORMED/contrast/batch_1_6364.png,1,1,0
frost/batch_1_8754.png,https://pilotexp.s3.ca-central-1.amazonaws.com/cifar10/IMG_ORIGINAL/frost/batch_1_8754.png,https://pilotexp.s3.ca-central-1.amazonaws.com/cifar10/IMG_TRANSFORMED/frost/batch_1_8754.png,1,1,0
contrast/batch_3_9062.png,https://pilotexp.s3.ca-central-1.amazonaws.com/cifar10/IMG_ORIGINAL/contrast/batch_3_9062.png,https://pilotexp.s3.ca-central-1.amazonaws.com/cifar10/IMG_TRANSFORMED/contrast/batch_3_9062.png,0,0,0
jpeg_compression/batch_3_2370.png,https://pilotexp.s3.ca-central-1.amazonaws.com/cifar10/IMG_ORIGINAL/jpeg_compression/batch_3_2370.png,https://pilotexp.s3.ca-central-1.amazonaws.com/cifar10/IMG_TRANSFORMED/jpeg_compression/batch_3_2370.png,0,0,0
contrast/batch_2_1775.png,https://pilotexp.s3.ca-central-1.amazonaws.com/cifar10/IMG_ORIGINAL/contrast/batch_2_1775.png,https://pilotexp.s3.ca-central-1.amazonaws.com/cifar10/IMG_TRANSFORMED/contrast/batch_2_1775.png,0,0,0
jpeg_compression/batch_3_579.png,https://pilotexp.s3.ca-central-1.amazonaws.com/cifar10/IMG_ORIGINAL/jpeg_compression/batch_3_579.png,https://pilotexp.s3.ca-central-1.amazonaws.com/cifar10/IMG_TRANSFORMED/jpeg_compression/batch_3_579.png,0,0,0
jpeg_compression/batch_4_1683.png,https://pilotexp.s3.ca-central-1.amazonaws.com/cifar10/IMG_ORIGINAL/jpeg_compression/batch_4_1683.png,https://pilotexp.s3.ca-central-1.amazonaws.com/cifar10/IMG_TRANSFORMED/jpeg_compression/batch_4_1683.png,0,0,0
frost/batch_5_5154.png,https://pilotexp.s3.ca-central-1.amazonaws.com/cifar10/IMG_ORIGINAL/frost/batch_5_5154.png,https://pilotexp.s3.ca-central-1.amazonaws.com/cifar10/IMG_TRANSFORMED/frost/batch_5_5154.png,1,0,1
jpeg_compression/batch_2_8264.png,https://pilotexp.s3.ca-central-1.amazonaws.com/cifar10/IMG_ORIGINAL/jpeg_compression/batch_2_8264.png,https://pilotexp.s3.ca-central-1.amazonaws.com/cifar10/IMG_TRANSFORMED/jpeg_compression/batch_2_8264.png,0,1,1
contrast/batch_5_611.png,https://pilotexp.s3.ca-central-1.amazonaws.com/cifar10/IMG_ORIGINAL/contrast/batch_5_611.png,https://pilotexp.s3.ca-central-1.amazonaws.com/cifar10/IMG_TRANSFORMED/contrast/batch_5_611.png,0,0,0
jpeg_compression/batch_3_6677.png,https://pilotexp.s3.ca-central-1.amazonaws.com/cifar10/IMG_ORIGINAL/jpeg_compression/batch_3_6677.png,https://pilotexp.s3.ca-central-1.amazonaws.com/cifar10/IMG_TRANSFORMED/jpeg_compression/batch_3_6677.png,1,0,1
jpeg_compression/batch_3_5436.png,https://pilotexp.s3.ca-central-1.amazonaws.com/cifar10/IMG_ORIGINAL/jpeg_compression/batch_3_5436.png,https://pilotexp.s3.ca-central-1.amazonaws.com/cifar10/IMG_TRANSFORMED/jpeg_compression/batch_3_5436.png,0,0,0
jpeg_compression/batch_3_1704.png,https://pilotexp.s3.ca-central-1.amazonaws.com/cifar10/IMG_ORIGINAL/jpeg_compression/batch_3_1704.png,https://pilotexp.s3.ca-central-1.amazonaws.com/cifar10/IMG_TRANSFORMED/jpeg_compression/batch_3_1704.png,0,1,1
contrast/batch_1_649.png,https://pilotexp.s3.ca-central-1.amazonaws.com/cifar10/IMG_ORIGINAL/contrast/batch_1_649.png,https://pilotexp.s3.ca-central-1.amazonaws.com/cifar10/IMG_TRANSFORMED/contrast/batch_1_649.png,0,0,0
frost/batch_4_8750.png,https://pilotexp.s3.ca-central-1.amazonaws.com/cifar10/IMG_ORIGINAL/frost/batch_4_8750.png,https://pilotexp.s3.ca-central-1.amazonaws.com/cifar10/IMG_TRANSFORMED/frost/batch_4_8750.png,0,1,1
contrast/batch_4_8968.png,https://pilotexp.s3.ca-central-1.amazonaws.com/cifar10/IMG_ORIGINAL/contrast/batch_4_8968.png,https://pilotexp.s3.ca-central-1.amazonaws.com/cifar10/IMG_TRANSFORMED/contrast/batch_4_8968.png,0,0,0
brightness/batch_4_7720.png,https://pilotexp.s3.ca-central-1.amazonaws.com/cifar10/IMG_ORIGINAL/brightness/batch_4_7720.png,https://pilotexp.s3.ca-central-1.amazonaws.com/cifar10/IMG_TRANSFORMED/brightness/batch_4_7720.png,0,0,0
frost/batch_5_968.png,https://pilotexp.s3.ca-central-1.amazonaws.com/cifar10/IMG_ORIGINAL/frost/batch_5_968.png,https://pilotexp.s3.ca-central-1.amazonaws.com/cifar10/IMG_TRANSFORMED/frost/batch_5_968.png,0,0,0
contrast/batch_3_1109.png,https://pilotexp.s3.ca-central-1.amazonaws.com/cifar10/IMG_ORIGINAL/contrast/batch_3_1109.png,https://pilotexp.s3.ca-central-1.amazonaws.com/cifar10/IMG_TRANSFORMED/contrast/batch_3_1109.png,0,0,0
brightness/batch_5_2505.png,https://pilotexp.s3.ca-central-1.amazonaws.com/cifar10/IMG_ORIGINAL/brightness/batch_5_2505.png,https://pilotexp.s3.ca-central-1.amazonaws.com/cifar10/IMG_TRANSFORMED/brightness/batch_5_2505.png,0,0,0
frost/batch_4_855.png,https://pilotexp.s3.ca-central-1.amazonaws.com/cifar10/IMG_ORIGINAL/frost/batch_4_855.png,https://pilotexp.s3.ca-central-1.amazonaws.com/cifar10/IMG_TRANSFORMED/frost/batch_4_855.png,0,0,0
jpeg_compression/batch_1_7794.png,https://pilotexp.s3.ca-central-1.amazonaws.com/cifar10/IMG_ORIGINAL/jpeg_compression/batch_1_7794.png,https://pilotexp.s3.ca-central-1.amazonaws.com/cifar10/IMG_TRANSFORMED/jpeg_compression/batch_1_7794.png,0,1,1
brightness/batch_1_5299.png,https://pilotexp.s3.ca-central-1.amazonaws.com/cifar10/IMG_ORIGINAL/brightness/batch_1_5299.png,https://pilotexp.s3.ca-central-1.amazonaws.com/cifar10/IMG_TRANSFORMED/brightness/batch_1_5299.png,0,0,0
brightness/batch_3_2286.png,https://pilotexp.s3.ca-central-1.amazonaws.com/cifar10/IMG_ORIGINAL/brightness/batch_3_2286.png,https://pilotexp.s3.ca-central-1.amazonaws.com/cifar10/IMG_TRANSFORMED/brightness/batch_3_2286.png,0,0,0
jpeg_compression/batch_4_4442.png,https://pilotexp.s3.ca-central-1.amazonaws.com/cifar10/IMG_ORIGINAL/jpeg_compression/batch_4_4442.png,https://pilotexp.s3.ca-central-1.amazonaws.com/cifar10/IMG_TRANSFORMED/jpeg_compression/batch_4_4442.png,1,1,0
brightness/batch_1_7933.png,https://pilotexp.s3.ca-central-1.amazonaws.com/cifar10/IMG_ORIGINAL/brightness/batch_1_7933.png,https://pilotexp.s3.ca-central-1.amazonaws.com/cifar10/IMG_TRANSFORMED/brightness/batch_1_7933.png,0,0,0
frost/batch_3_7878.png,https://pilotexp.s3.ca-central-1.amazonaws.com/cifar10/IMG_ORIGINAL/frost/batch_3_7878.png,https://pilotexp.s3.ca-central-1.amazonaws.com/cifar10/IMG_TRANSFORMED/frost/batch_3_7878.png,0,0,0
jpeg_compression/batch_3_6998.png,https://pilotexp.s3.ca-central-1.amazonaws.com/cifar10/IMG_ORIGINAL/jpeg_compression/batch_3_6998.png,https://pilotexp.s3.ca-central-1.amazonaws.com/cifar10/IMG_TRANSFORMED/jpeg_compression/batch_3_6998.png,0,0,0
brightness/batch_4_986.png,https://pilotexp.s3.ca-central-1.amazonaws.com/cifar10/IMG_ORIGINAL/brightness/batch_4_986.png,https://pilotexp.s3.ca-central-1.amazonaws.com/cifar10/IMG_TRANSFORMED/brightness/batch_4_986.png,0,0,0
jpeg_compression/batch_1_784.png,https://pilotexp.s3.ca-central-1.amazonaws.com/cifar10/IMG_ORIGINAL/jpeg_compression/batch_1_784.png,https://pilotexp.s3.ca-central-1.amazonaws.com/cifar10/IMG_TRANSFORMED/jpeg_compression/batch_1_784.png,0,0,0
jpeg_compression/batch_4_5811.png,https://pilotexp.s3.ca-central-1.amazonaws.com/cifar10/IMG_ORIGINAL/jpeg_compression/batch_4_5811.png,https://pilotexp.s3.ca-central-1.amazonaws.com/cifar10/IMG_TRANSFORMED/jpeg_compression/batch_4_5811.png,0,0,0
contrast/batch_2_6848.png,https://pilotexp.s3.ca-central-1.amazonaws.com/cifar10/IMG_ORIGINAL/contrast/batch_2_6848.png,https://pilotexp.s3.ca-central-1.amazonaws.com/cifar10/IMG_TRANSFORMED/contrast/batch_2_6848.png,1,1,0
contrast/batch_2_1073.png,https://pilotexp.s3.ca-central-1.amazonaws.com/cifar10/IMG_ORIGINAL/contrast/batch_2_1073.png,https://pilotexp.s3.ca-central-1.amazonaws.com/cifar10/IMG_TRANSFORMED/contrast/batch_2_1073.png,0,0,0
jpeg_compression/batch_3_384.png,https://pilotexp.s3.ca-central-1.amazonaws.com/cifar10/IMG_ORIGINAL/jpeg_compression/batch_3_384.png,https://pilotexp.s3.ca-central-1.amazonaws.com/cifar10/IMG_TRANSFORMED/jpeg_compression/batch_3_384.png,0,0,0
jpeg_compression/batch_1_8460.png,https://pilotexp.s3.ca-central-1.amazonaws.com/cifar10/IMG_ORIGINAL/jpeg_compression/batch_1_8460.png,https://pilotexp.s3.ca-central-1.amazonaws.com/cifar10/IMG_TRANSFORMED/jpeg_compression/batch_1_8460.png,0,0,0
contrast/batch_3_1699.png,https://pilotexp.s3.ca-central-1.amazonaws.com/cifar10/IMG_ORIGINAL/contrast/batch_3_1699.png,https://pilotexp.s3.ca-central-1.amazonaws.com/cifar10/IMG_TRANSFORMED/contrast/batch_3_1699.png,0,0,0
frost/batch_3_4549.png,https://pilotexp.s3.ca-central-1.amazonaws.com/cifar10/IMG_ORIGINAL/frost/batch_3_4549.png,https://pilotexp.s3.ca-central-1.amazonaws.com/cifar10/IMG_TRANSFORMED/frost/batch_3_4549.png,0,0,0
contrast/batch_4_4561.png,https://pilotexp.s3.ca-central-1.amazonaws.com/cifar10/IMG_ORIGINAL/contrast/batch_4_4561.png,https://pilotexp.s3.ca-central-1.amazonaws.com/cifar10/IMG_TRANSFORMED/contrast/batch_4_4561.png,0,0,0
jpeg_compression/batch_2_670.png,https://pilotexp.s3.ca-central-1.amazonaws.com/cifar10/IMG_ORIGINAL/jpeg_compression/batch_2_670.png,https://pilotexp.s3.ca-central-1.amazonaws.com/cifar10/IMG_TRANSFORMED/jpeg_compression/batch_2_670.png,0,0,0
contrast/batch_3_1886.png,https://pilotexp.s3.ca-central-1.amazonaws.com/cifar10/IMG_ORIGINAL/contrast/batch_3_1886.png,https://pilotexp.s3.ca-central-1.amazonaws.com/cifar10/IMG_TRANSFORMED/contrast/batch_3_1886.png,0,0,0
jpeg_compression/batch_2_6897.png,https://pilotexp.s3.ca-central-1.amazonaws.com/cifar10/IMG_ORIGINAL/jpeg_compression/batch_2_6897.png,https://pilotexp.s3.ca-central-1.amazonaws.com/cifar10/IMG_TRANSFORMED/jpeg_compression/batch_2_6897.png,0,0,0
jpeg_compression/batch_2_6142.png,https://pilotexp.s3.ca-central-1.amazonaws.com/cifar10/IMG_ORIGINAL/jpeg_compression/batch_2_6142.png,https://pilotexp.s3.ca-central-1.amazonaws.com/cifar10/IMG_TRANSFORMED/jpeg_compression/batch_2_6142.png,1,0,1
frost/batch_5_7126.png,https://pilotexp.s3.ca-central-1.amazonaws.com/cifar10/IMG_ORIGINAL/frost/batch_5_7126.png,https://pilotexp.s3.ca-central-1.amazonaws.com/cifar10/IMG_TRANSFORMED/frost/batch_5_7126.png,0,0,0
frost/batch_1_9894.png,https://pilotexp.s3.ca-central-1.amazonaws.com/cifar10/IMG_ORIGINAL/frost/batch_1_9894.png,https://pilotexp.s3.ca-central-1.amazonaws.com/cifar10/IMG_TRANSFORMED/frost/batch_1_9894.png,1,0,1
frost/batch_1_7452.png,https://pilotexp.s3.ca-central-1.amazonaws.com/cifar10/IMG_ORIGINAL/frost/batch_1_7452.png,https://pilotexp.s3.ca-central-1.amazonaws.com/cifar10/IMG_TRANSFORMED/frost/batch_1_7452.png,0,0,0
contrast/batch_3_1273.png,https://pilotexp.s3.ca-central-1.amazonaws.com/cifar10/IMG_ORIGINAL/contrast/batch_3_1273.png,https://pilotexp.s3.ca-central-1.amazonaws.com/cifar10/IMG_TRANSFORMED/contrast/batch_3_1273.png,1,1,0
brightness/batch_2_7995.png,https://pilotexp.s3.ca-central-1.amazonaws.com/cifar10/IMG_ORIGINAL/brightness/batch_2_7995.png,https://pilotexp.s3.ca-central-1.amazonaws.com/cifar10/IMG_TRANSFORMED/brightness/batch_2_7995.png,1,0,0
brightness/batch_2_7916.png,https://pilotexp.s3.ca-central-1.amazonaws.com/cifar10/IMG_ORIGINAL/brightness/batch_2_7916.png,https://pilotexp.s3.ca-central-1.amazonaws.com/cifar10/IMG_TRANSFORMED/brightness/batch_2_7916.png,0,0,0
contrast/batch_1_5490.png,https://pilotexp.s3.ca-central-1.amazonaws.com/cifar10/IMG_ORIGINAL/contrast/batch_1_5490.png,https://pilotexp.s3.ca-central-1.amazonaws.com/cifar10/IMG_TRANSFORMED/contrast/batch_1_5490.png,0,0,0
contrast/batch_4_5444.png,https://pilotexp.s3.ca-central-1.amazonaws.com/cifar10/IMG_ORIGINAL/contrast/batch_4_5444.png,https://pilotexp.s3.ca-central-1.amazonaws.com/cifar10/IMG_TRANSFORMED/contrast/batch_4_5444.png,0,0,0
jpeg_compression/batch_2_8479.png,https://pilotexp.s3.ca-central-1.amazonaws.com/cifar10/IMG_ORIGINAL/jpeg_compression/batch_2_8479.png,https://pilotexp.s3.ca-central-1.amazonaws.com/cifar10/IMG_TRANSFORMED/jpeg_compression/batch_2_8479.png,0,0,0
jpeg_compression/batch_2_6858.png,https://pilotexp.s3.ca-central-1.amazonaws.com/cifar10/IMG_ORIGINAL/jpeg_compression/batch_2_6858.png,https://pilotexp.s3.ca-central-1.amazonaws.com/cifar10/IMG_TRANSFORMED/jpeg_compression/batch_2_6858.png,0,0,0
frost/batch_5_1109.png,https://pilotexp.s3.ca-central-1.amazonaws.com/cifar10/IMG_ORIGINAL/frost/batch_5_1109.png,https://pilotexp.s3.ca-central-1.amazonaws.com/cifar10/IMG_TRANSFORMED/frost/batch_5_1109.png,0,0,0
jpeg_compression/batch_2_223.png,https://pilotexp.s3.ca-central-1.amazonaws.com/cifar10/IMG_ORIGINAL/jpeg_compression/batch_2_223.png,https://pilotexp.s3.ca-central-1.amazonaws.com/cifar10/IMG_TRANSFORMED/jpeg_compression/batch_2_223.png,0,0,0
frost/batch_2_7010.png,https://pilotexp.s3.ca-central-1.amazonaws.com/cifar10/IMG_ORIGINAL/frost/batch_2_7010.png,https://pilotexp.s3.ca-central-1.amazonaws.com/cifar10/IMG_TRANSFORMED/frost/batch_2_7010.png,0,0,0
jpeg_compression/batch_4_239.png,https://pilotexp.s3.ca-central-1.amazonaws.com/cifar10/IMG_ORIGINAL/jpeg_compression/batch_4_239.png,https://pilotexp.s3.ca-central-1.amazonaws.com/cifar10/IMG_TRANSFORMED/jpeg_compression/batch_4_239.png,0,0,0
jpeg_compression/batch_3_6300.png,https://pilotexp.s3.ca-central-1.amazonaws.com/cifar10/IMG_ORIGINAL/jpeg_compression/batch_3_6300.png,https://pilotexp.s3.ca-central-1.amazonaws.com/cifar10/IMG_TRANSFORMED/jpeg_compression/batch_3_6300.png,0,0,0
jpeg_compression/batch_4_5904.png,https://pilotexp.s3.ca-central-1.amazonaws.com/cifar10/IMG_ORIGINAL/jpeg_compression/batch_4_5904.png,https://pilotexp.s3.ca-central-1.amazonaws.com/cifar10/IMG_TRANSFORMED/jpeg_compression/batch_4_5904.png,0,0,0
jpeg_compression/batch_1_5698.png,https://pilotexp.s3.ca-central-1.amazonaws.com/cifar10/IMG_ORIGINAL/jpeg_compression/batch_1_5698.png,https://pilotexp.s3.ca-central-1.amazonaws.com/cifar10/IMG_TRANSFORMED/jpeg_compression/batch_1_5698.png,0,0,0
jpeg_compression/batch_1_7183.png,https://pilotexp.s3.ca-central-1.amazonaws.com/cifar10/IMG_ORIGINAL/jpeg_compression/batch_1_7183.png,https://pilotexp.s3.ca-central-1.amazonaws.com/cifar10/IMG_TRANSFORMED/jpeg_compression/batch_1_7183.png,0,0,0
brightness/batch_1_4910.png,https://pilotexp.s3.ca-central-1.amazonaws.com/cifar10/IMG_ORIGINAL/brightness/batch_1_4910.png,https://pilotexp.s3.ca-central-1.amazonaws.com/cifar10/IMG_TRANSFORMED/brightness/batch_1_4910.png,0,0,0
contrast/batch_2_2989.png,https://pilotexp.s3.ca-central-1.amazonaws.com/cifar10/IMG_ORIGINAL/contrast/batch_2_2989.png,https://pilotexp.s3.ca-central-1.amazonaws.com/cifar10/IMG_TRANSFORMED/contrast/batch_2_2989.png,0,0,0
brightness/batch_5_8733.png,https://pilotexp.s3.ca-central-1.amazonaws.com/cifar10/IMG_ORIGINAL/brightness/batch_5_8733.png,https://pilotexp.s3.ca-central-1.amazonaws.com/cifar10/IMG_TRANSFORMED/brightness/batch_5_8733.png,0,0,0
brightness/batch_4_8174.png,https://pilotexp.s3.ca-central-1.amazonaws.com/cifar10/IMG_ORIGINAL/brightness/batch_4_8174.png,https://pilotexp.s3.ca-central-1.amazonaws.com/cifar10/IMG_TRANSFORMED/brightness/batch_4_8174.png,1,1,0
contrast/batch_1_6304.png,https://pilotexp.s3.ca-central-1.amazonaws.com/cifar10/IMG_ORIGINAL/contrast/batch_1_6304.png,https://pilotexp.s3.ca-central-1.amazonaws.com/cifar10/IMG_TRANSFORMED/contrast/batch_1_6304.png,0,0,0
brightness/batch_3_4489.png,https://pilotexp.s3.ca-central-1.amazonaws.com/cifar10/IMG_ORIGINAL/brightness/batch_3_4489.png,https://pilotexp.s3.ca-central-1.amazonaws.com/cifar10/IMG_TRANSFORMED/brightness/batch_3_4489.png,0,0,0
brightness/batch_2_4083.png,https://pilotexp.s3.ca-central-1.amazonaws.com/cifar10/IMG_ORIGINAL/brightness/batch_2_4083.png,https://pilotexp.s3.ca-central-1.amazonaws.com/cifar10/IMG_TRANSFORMED/brightness/batch_2_4083.png,1,0,0
contrast/batch_4_7634.png,https://pilotexp.s3.ca-central-1.amazonaws.com/cifar10/IMG_ORIGINAL/contrast/batch_4_7634.png,https://pilotexp.s3.ca-central-1.amazonaws.com/cifar10/IMG_TRANSFORMED/contrast/batch_4_7634.png,1,1,0
frost/batch_2_7225.png,https://pilotexp.s3.ca-central-1.amazonaws.com/cifar10/IMG_ORIGINAL/frost/batch_2_7225.png,https://pilotexp.s3.ca-central-1.amazonaws.com/cifar10/IMG_TRANSFORMED/frost/batch_2_7225.png,0,0,0
contrast/batch_2_1353.png,https://pilotexp.s3.ca-central-1.amazonaws.com/cifar10/IMG_ORIGINAL/contrast/batch_2_1353.png,https://pilotexp.s3.ca-central-1.amazonaws.com/cifar10/IMG_TRANSFORMED/contrast/batch_2_1353.png,0,0,0
brightness/batch_3_9839.png,https://pilotexp.s3.ca-central-1.amazonaws.com/cifar10/IMG_ORIGINAL/brightness/batch_3_9839.png,https://pilotexp.s3.ca-central-1.amazonaws.com/cifar10/IMG_TRANSFORMED/brightness/batch_3_9839.png,0,0,0
frost/batch_1_9230.png,https://pilotexp.s3.ca-central-1.amazonaws.com/cifar10/IMG_ORIGINAL/frost/batch_1_9230.png,https://pilotexp.s3.ca-central-1.amazonaws.com/cifar10/IMG_TRANSFORMED/frost/batch_1_9230.png,0,0,0
frost/batch_5_5035.png,https://pilotexp.s3.ca-central-1.amazonaws.com/cifar10/IMG_ORIGINAL/frost/batch_5_5035.png,https://pilotexp.s3.ca-central-1.amazonaws.com/cifar10/IMG_TRANSFORMED/frost/batch_5_5035.png,0,0,0
brightness/batch_4_4122.png,https://pilotexp.s3.ca-central-1.amazonaws.com/cifar10/IMG_ORIGINAL/brightness/batch_4_4122.png,https://pilotexp.s3.ca-central-1.amazonaws.com/cifar10/IMG_TRANSFORMED/brightness/batch_4_4122.png,0,0,0
jpeg_compression/batch_4_1127.png,https://pilotexp.s3.ca-central-1.amazonaws.com/cifar10/IMG_ORIGINAL/jpeg_compression/batch_4_1127.png,https://pilotexp.s3.ca-central-1.amazonaws.com/cifar10/IMG_TRANSFORMED/jpeg_compression/batch_4_1127.png,0,0,0
frost/batch_5_7846.png,https://pilotexp.s3.ca-central-1.amazonaws.com/cifar10/IMG_ORIGINAL/frost/batch_5_7846.png,https://pilotexp.s3.ca-central-1.amazonaws.com/cifar10/IMG_TRANSFORMED/frost/batch_5_7846.png,0,0,0
jpeg_compression/batch_2_8700.png,https://pilotexp.s3.ca-central-1.amazonaws.com/cifar10/IMG_ORIGINAL/jpeg_compression/batch_2_8700.png,https://pilotexp.s3.ca-central-1.amazonaws.com/cifar10/IMG_TRANSFORMED/jpeg_compression/batch_2_8700.png,0,1,1
frost/batch_4_3797.png,https://pilotexp.s3.ca-central-1.amazonaws.com/cifar10/IMG_ORIGINAL/frost/batch_4_3797.png,https://pilotexp.s3.ca-central-1.amazonaws.com/cifar10/IMG_TRANSFORMED/frost/batch_4_3797.png,0,0,0
frost/batch_2_655.png,https://pilotexp.s3.ca-central-1.amazonaws.com/cifar10/IMG_ORIGINAL/frost/batch_2_655.png,https://pilotexp.s3.ca-central-1.amazonaws.com/cifar10/IMG_TRANSFORMED/frost/batch_2_655.png,1,0,0
jpeg_compression/batch_4_1180.png,https://pilotexp.s3.ca-central-1.amazonaws.com/cifar10/IMG_ORIGINAL/jpeg_compression/batch_4_1180.png,https://pilotexp.s3.ca-central-1.amazonaws.com/cifar10/IMG_TRANSFORMED/jpeg_compression/batch_4_1180.png,0,0,0
jpeg_compression/batch_1_6686.png,https://pilotexp.s3.ca-central-1.amazonaws.com/cifar10/IMG_ORIGINAL/jpeg_compression/batch_1_6686.png,https://pilotexp.s3.ca-central-1.amazonaws.com/cifar10/IMG_TRANSFORMED/jpeg_compression/batch_1_6686.png,0,0,0
contrast/batch_2_7494.png,https://pilotexp.s3.ca-central-1.amazonaws.com/cifar10/IMG_ORIGINAL/contrast/batch_2_7494.png,https://pilotexp.s3.ca-central-1.amazonaws.com/cifar10/IMG_TRANSFORMED/contrast/batch_2_7494.png,0,0,0
frost/batch_5_2309.png,https://pilotexp.s3.ca-central-1.amazonaws.com/cifar10/IMG_ORIGINAL/frost/batch_5_2309.png,https://pilotexp.s3.ca-central-1.amazonaws.com/cifar10/IMG_TRANSFORMED/frost/batch_5_2309.png,0,0,0
contrast/batch_3_5941.png,https://pilotexp.s3.ca-central-1.amazonaws.com/cifar10/IMG_ORIGINAL/contrast/batch_3_5941.png,https://pilotexp.s3.ca-central-1.amazonaws.com/cifar10/IMG_TRANSFORMED/contrast/batch_3_5941.png,0,0,0
contrast/batch_5_7599.png,https://pilotexp.s3.ca-central-1.amazonaws.com/cifar10/IMG_ORIGINAL/contrast/batch_5_7599.png,https://pilotexp.s3.ca-central-1.amazonaws.com/cifar10/IMG_TRANSFORMED/contrast/batch_5_7599.png,0,0,0
brightness/batch_5_1557.png,https://pilotexp.s3.ca-central-1.amazonaws.com/cifar10/IMG_ORIGINAL/brightness/batch_5_1557.png,https://pilotexp.s3.ca-central-1.amazonaws.com/cifar10/IMG_TRANSFORMED/brightness/batch_5_1557.png,0,0,0
contrast/batch_1_8433.png,https://pilotexp.s3.ca-central-1.amazonaws.com/cifar10/IMG_ORIGINAL/contrast/batch_1_8433.png,https://pilotexp.s3.ca-central-1.amazonaws.com/cifar10/IMG_TRANSFORMED/contrast/batch_1_8433.png,0,0,0
frost/batch_2_1600.png,https://pilotexp.s3.ca-central-1.amazonaws.com/cifar10/IMG_ORIGINAL/frost/batch_2_1600.png,https://pilotexp.s3.ca-central-1.amazonaws.com/cifar10/IMG_TRANSFORMED/frost/batch_2_1600.png,0,0,0
frost/batch_3_248.png,https://pilotexp.s3.ca-central-1.amazonaws.com/cifar10/IMG_ORIGINAL/frost/batch_3_248.png,https://pilotexp.s3.ca-central-1.amazonaws.com/cifar10/IMG_TRANSFORMED/frost/batch_3_248.png,1,0,1
brightness/batch_3_1201.png,https://pilotexp.s3.ca-central-1.amazonaws.com/cifar10/IMG_ORIGINAL/brightness/batch_3_1201.png,https://pilotexp.s3.ca-central-1.amazonaws.com/cifar10/IMG_TRANSFORMED/brightness/batch_3_1201.png,0,0,0
brightness/batch_3_6820.png,https://pilotexp.s3.ca-central-1.amazonaws.com/cifar10/IMG_ORIGINAL/brightness/batch_3_6820.png,https://pilotexp.s3.ca-central-1.amazonaws.com/cifar10/IMG_TRANSFORMED/brightness/batch_3_6820.png,0,0,0
frost/batch_4_5610.png,https://pilotexp.s3.ca-central-1.amazonaws.com/cifar10/IMG_ORIGINAL/frost/batch_4_5610.png,https://pilotexp.s3.ca-central-1.amazonaws.com/cifar10/IMG_TRANSFORMED/frost/batch_4_5610.png,1,0,1
jpeg_compression/batch_5_4648.png,https://pilotexp.s3.ca-central-1.amazonaws.com/cifar10/IMG_ORIGINAL/jpeg_compression/batch_5_4648.png,https://pilotexp.s3.ca-central-1.amazonaws.com/cifar10/IMG_TRANSFORMED/jpeg_compression/batch_5_4648.png,0,1,1
brightness/batch_5_7769.png,https://pilotexp.s3.ca-central-1.amazonaws.com/cifar10/IMG_ORIGINAL/brightness/batch_5_7769.png,https://pilotexp.s3.ca-central-1.amazonaws.com/cifar10/IMG_TRANSFORMED/brightness/batch_5_7769.png,0,0,0
contrast/batch_2_1776.png,https://pilotexp.s3.ca-central-1.amazonaws.com/cifar10/IMG_ORIGINAL/contrast/batch_2_1776.png,https://pilotexp.s3.ca-central-1.amazonaws.com/cifar10/IMG_TRANSFORMED/contrast/batch_2_1776.png,1,1,0
brightness/batch_3_8954.png,https://pilotexp.s3.ca-central-1.amazonaws.com/cifar10/IMG_ORIGINAL/brightness/batch_3_8954.png,https://pilotexp.s3.ca-central-1.amazonaws.com/cifar10/IMG_TRANSFORMED/brightness/batch_3_8954.png,0,1,1
jpeg_compression/batch_4_5787.png,https://pilotexp.s3.ca-central-1.amazonaws.com/cifar10/IMG_ORIGINAL/jpeg_compression/batch_4_5787.png,https://pilotexp.s3.ca-central-1.amazonaws.com/cifar10/IMG_TRANSFORMED/jpeg_compression/batch_4_5787.png,0,0,0
brightness/batch_1_6206.png,https://pilotexp.s3.ca-central-1.amazonaws.com/cifar10/IMG_ORIGINAL/brightness/batch_1_6206.png,https://pilotexp.s3.ca-central-1.amazonaws.com/cifar10/IMG_TRANSFORMED/brightness/batch_1_6206.png,0,0,0
contrast/batch_2_7708.png,https://pilotexp.s3.ca-central-1.amazonaws.com/cifar10/IMG_ORIGINAL/contrast/batch_2_7708.png,https://pilotexp.s3.ca-central-1.amazonaws.com/cifar10/IMG_TRANSFORMED/contrast/batch_2_7708.png,0,0,0
brightness/batch_2_6906.png,https://pilotexp.s3.ca-central-1.amazonaws.com/cifar10/IMG_ORIGINAL/brightness/batch_2_6906.png,https://pilotexp.s3.ca-central-1.amazonaws.com/cifar10/IMG_TRANSFORMED/brightness/batch_2_6906.png,0,0,0
brightness/batch_5_5508.png,https://pilotexp.s3.ca-central-1.amazonaws.com/cifar10/IMG_ORIGINAL/brightness/batch_5_5508.png,https://pilotexp.s3.ca-central-1.amazonaws.com/cifar10/IMG_TRANSFORMED/brightness/batch_5_5508.png,0,0,0
brightness/batch_1_6290.png,https://pilotexp.s3.ca-central-1.amazonaws.com/cifar10/IMG_ORIGINAL/brightness/batch_1_6290.png,https://pilotexp.s3.ca-central-1.amazonaws.com/cifar10/IMG_TRANSFORMED/brightness/batch_1_6290.png,0,0,0
brightness/batch_1_7788.png,https://pilotexp.s3.ca-central-1.amazonaws.com/cifar10/IMG_ORIGINAL/brightness/batch_1_7788.png,https://pilotexp.s3.ca-central-1.amazonaws.com/cifar10/IMG_TRANSFORMED/brightness/batch_1_7788.png,0,0,0
frost/batch_2_8742.png,https://pilotexp.s3.ca-central-1.amazonaws.com/cifar10/IMG_ORIGINAL/frost/batch_2_8742.png,https://pilotexp.s3.ca-central-1.amazonaws.com/cifar10/IMG_TRANSFORMED/frost/batch_2_8742.png,0,0,0
contrast/batch_5_5189.png,https://pilotexp.s3.ca-central-1.amazonaws.com/cifar10/IMG_ORIGINAL/contrast/batch_5_5189.png,https://pilotexp.s3.ca-central-1.amazonaws.com/cifar10/IMG_TRANSFORMED/contrast/batch_5_5189.png,0,0,0
jpeg_compression/batch_2_6555.png,https://pilotexp.s3.ca-central-1.amazonaws.com/cifar10/IMG_ORIGINAL/jpeg_compression/batch_2_6555.png,https://pilotexp.s3.ca-central-1.amazonaws.com/cifar10/IMG_TRANSFORMED/jpeg_compression/batch_2_6555.png,1,1,0
frost/batch_3_2980.png,https://pilotexp.s3.ca-central-1.amazonaws.com/cifar10/IMG_ORIGINAL/frost/batch_3_2980.png,https://pilotexp.s3.ca-central-1.amazonaws.com/cifar10/IMG_TRANSFORMED/frost/batch_3_2980.png,0,0,0
frost/batch_1_5050.png,https://pilotexp.s3.ca-central-1.amazonaws.com/cifar10/IMG_ORIGINAL/frost/batch_1_5050.png,https://pilotexp.s3.ca-central-1.amazonaws.com/cifar10/IMG_TRANSFORMED/frost/batch_1_5050.png,0,0,0
jpeg_compression/batch_5_1959.png,https://pilotexp.s3.ca-central-1.amazonaws.com/cifar10/IMG_ORIGINAL/jpeg_compression/batch_5_1959.png,https://pilotexp.s3.ca-central-1.amazonaws.com/cifar10/IMG_TRANSFORMED/jpeg_compression/batch_5_1959.png,0,0,0
brightness/batch_5_4508.png,https://pilotexp.s3.ca-central-1.amazonaws.com/cifar10/IMG_ORIGINAL/brightness/batch_5_4508.png,https://pilotexp.s3.ca-central-1.amazonaws.com/cifar10/IMG_TRANSFORMED/brightness/batch_5_4508.png,0,0,0
brightness/batch_1_1528.png,https://pilotexp.s3.ca-central-1.amazonaws.com/cifar10/IMG_ORIGINAL/brightness/batch_1_1528.png,https://pilotexp.s3.ca-central-1.amazonaws.com/cifar10/IMG_TRANSFORMED/brightness/batch_1_1528.png,0,0,0
jpeg_compression/batch_5_8140.png,https://pilotexp.s3.ca-central-1.amazonaws.com/cifar10/IMG_ORIGINAL/jpeg_compression/batch_5_8140.png,https://pilotexp.s3.ca-central-1.amazonaws.com/cifar10/IMG_TRANSFORMED/jpeg_compression/batch_5_8140.png,1,1,0
jpeg_compression/batch_3_7414.png,https://pilotexp.s3.ca-central-1.amazonaws.com/cifar10/IMG_ORIGINAL/jpeg_compression/batch_3_7414.png,https://pilotexp.s3.ca-central-1.amazonaws.com/cifar10/IMG_TRANSFORMED/jpeg_compression/batch_3_7414.png,0,0,0
jpeg_compression/batch_1_4656.png,https://pilotexp.s3.ca-central-1.amazonaws.com/cifar10/IMG_ORIGINAL/jpeg_compression/batch_1_4656.png,https://pilotexp.s3.ca-central-1.amazonaws.com/cifar10/IMG_TRANSFORMED/jpeg_compression/batch_1_4656.png,0,0,0
brightness/batch_3_1084.png,https://pilotexp.s3.ca-central-1.amazonaws.com/cifar10/IMG_ORIGINAL/brightness/batch_3_1084.png,https://pilotexp.s3.ca-central-1.amazonaws.com/cifar10/IMG_TRANSFORMED/brightness/batch_3_1084.png,0,0,0
contrast/batch_3_4958.png,https://pilotexp.s3.ca-central-1.amazonaws.com/cifar10/IMG_ORIGINAL/contrast/batch_3_4958.png,https://pilotexp.s3.ca-central-1.amazonaws.com/cifar10/IMG_TRANSFORMED/contrast/batch_3_4958.png,0,0,0
contrast/batch_2_9046.png,https://pilotexp.s3.ca-central-1.amazonaws.com/cifar10/IMG_ORIGINAL/contrast/batch_2_9046.png,https://pilotexp.s3.ca-central-1.amazonaws.com/cifar10/IMG_TRANSFORMED/contrast/batch_2_9046.png,1,1,0
contrast/batch_5_2623.png,https://pilotexp.s3.ca-central-1.amazonaws.com/cifar10/IMG_ORIGINAL/contrast/batch_5_2623.png,https://pilotexp.s3.ca-central-1.amazonaws.com/cifar10/IMG_TRANSFORMED/contrast/batch_5_2623.png,0,0,0
brightness/batch_1_6780.png,https://pilotexp.s3.ca-central-1.amazonaws.com/cifar10/IMG_ORIGINAL/brightness/batch_1_6780.png,https://pilotexp.s3.ca-central-1.amazonaws.com/cifar10/IMG_TRANSFORMED/brightness/batch_1_6780.png,0,0,0
contrast/batch_3_8480.png,https://pilotexp.s3.ca-central-1.amazonaws.com/cifar10/IMG_ORIGINAL/contrast/batch_3_8480.png,https://pilotexp.s3.ca-central-1.amazonaws.com/cifar10/IMG_TRANSFORMED/contrast/batch_3_8480.png,0,0,0
frost/batch_3_2986.png,https://pilotexp.s3.ca-central-1.amazonaws.com/cifar10/IMG_ORIGINAL/frost/batch_3_2986.png,https://pilotexp.s3.ca-central-1.amazonaws.com/cifar10/IMG_TRANSFORMED/frost/batch_3_2986.png,0,0,0
brightness/batch_5_5087.png,https://pilotexp.s3.ca-central-1.amazonaws.com/cifar10/IMG_ORIGINAL/brightness/batch_5_5087.png,https://pilotexp.s3.ca-central-1.amazonaws.com/cifar10/IMG_TRANSFORMED/brightness/batch_5_5087.png,0,0,0
contrast/batch_2_8945.png,https://pilotexp.s3.ca-central-1.amazonaws.com/cifar10/IMG_ORIGINAL/contrast/batch_2_8945.png,https://pilotexp.s3.ca-central-1.amazonaws.com/cifar10/IMG_TRANSFORMED/contrast/batch_2_8945.png,0,0,0
frost/batch_4_8537.png,https://pilotexp.s3.ca-central-1.amazonaws.com/cifar10/IMG_ORIGINAL/frost/batch_4_8537.png,https://pilotexp.s3.ca-central-1.amazonaws.com/cifar10/IMG_TRANSFORMED/frost/batch_4_8537.png,0,0,0
frost/batch_5_895.png,https://pilotexp.s3.ca-central-1.amazonaws.com/cifar10/IMG_ORIGINAL/frost/batch_5_895.png,https://pilotexp.s3.ca-central-1.amazonaws.com/cifar10/IMG_TRANSFORMED/frost/batch_5_895.png,1,1,0
frost/batch_5_5256.png,https://pilotexp.s3.ca-central-1.amazonaws.com/cifar10/IMG_ORIGINAL/frost/batch_5_5256.png,https://pilotexp.s3.ca-central-1.amazonaws.com/cifar10/IMG_TRANSFORMED/frost/batch_5_5256.png,0,0,0
frost/batch_2_2639.png,https://pilotexp.s3.ca-central-1.amazonaws.com/cifar10/IMG_ORIGINAL/frost/batch_2_2639.png,https://pilotexp.s3.ca-central-1.amazonaws.com/cifar10/IMG_TRANSFORMED/frost/batch_2_2639.png,0,0,0
brightness/batch_4_9093.png,https://pilotexp.s3.ca-central-1.amazonaws.com/cifar10/IMG_ORIGINAL/brightness/batch_4_9093.png,https://pilotexp.s3.ca-central-1.amazonaws.com/cifar10/IMG_TRANSFORMED/brightness/batch_4_9093.png,1,1,0
brightness/batch_3_6050.png,https://pilotexp.s3.ca-central-1.amazonaws.com/cifar10/IMG_ORIGINAL/brightness/batch_3_6050.png,https://pilotexp.s3.ca-central-1.amazonaws.com/cifar10/IMG_TRANSFORMED/brightness/batch_3_6050.png,1,0,1
brightness/batch_1_9208.png,https://pilotexp.s3.ca-central-1.amazonaws.com/cifar10/IMG_ORIGINAL/brightness/batch_1_9208.png,https://pilotexp.s3.ca-central-1.amazonaws.com/cifar10/IMG_TRANSFORMED/brightness/batch_1_9208.png,0,1,1
jpeg_compression/batch_1_184.png,https://pilotexp.s3.ca-central-1.amazonaws.com/cifar10/IMG_ORIGINAL/jpeg_compression/batch_1_184.png,https://pilotexp.s3.ca-central-1.amazonaws.com/cifar10/IMG_TRANSFORMED/jpeg_compression/batch_1_184.png,1,1,0
frost/batch_5_6962.png,https://pilotexp.s3.ca-central-1.amazonaws.com/cifar10/IMG_ORIGINAL/frost/batch_5_6962.png,https://pilotexp.s3.ca-central-1.amazonaws.com/cifar10/IMG_TRANSFORMED/frost/batch_5_6962.png,0,0,0
jpeg_compression/batch_1_4435.png,https://pilotexp.s3.ca-central-1.amazonaws.com/cifar10/IMG_ORIGINAL/jpeg_compression/batch_1_4435.png,https://pilotexp.s3.ca-central-1.amazonaws.com/cifar10/IMG_TRANSFORMED/jpeg_compression/batch_1_4435.png,0,0,0
jpeg_compression/batch_3_7867.png,https://pilotexp.s3.ca-central-1.amazonaws.com/cifar10/IMG_ORIGINAL/jpeg_compression/batch_3_7867.png,https://pilotexp.s3.ca-central-1.amazonaws.com/cifar10/IMG_TRANSFORMED/jpeg_compression/batch_3_7867.png,0,0,0
jpeg_compression/batch_2_6993.png,https://pilotexp.s3.ca-central-1.amazonaws.com/cifar10/IMG_ORIGINAL/jpeg_compression/batch_2_6993.png,https://pilotexp.s3.ca-central-1.amazonaws.com/cifar10/IMG_TRANSFORMED/jpeg_compression/batch_2_6993.png,1,1,0
contrast/batch_1_6243.png,https://pilotexp.s3.ca-central-1.amazonaws.com/cifar10/IMG_ORIGINAL/contrast/batch_1_6243.png,https://pilotexp.s3.ca-central-1.amazonaws.com/cifar10/IMG_TRANSFORMED/contrast/batch_1_6243.png,0,0,0
contrast/batch_4_6775.png,https://pilotexp.s3.ca-central-1.amazonaws.com/cifar10/IMG_ORIGINAL/contrast/batch_4_6775.png,https://pilotexp.s3.ca-central-1.amazonaws.com/cifar10/IMG_TRANSFORMED/contrast/batch_4_6775.png,0,0,0
contrast/batch_1_100.png,https://pilotexp.s3.ca-central-1.amazonaws.com/cifar10/IMG_ORIGINAL/contrast/batch_1_100.png,https://pilotexp.s3.ca-central-1.amazonaws.com/cifar10/IMG_TRANSFORMED/contrast/batch_1_100.png,0,1,1
frost/batch_4_4503.png,https://pilotexp.s3.ca-central-1.amazonaws.com/cifar10/IMG_ORIGINAL/frost/batch_4_4503.png,https://pilotexp.s3.ca-central-1.amazonaws.com/cifar10/IMG_TRANSFORMED/frost/batch_4_4503.png,0,0,0
contrast/batch_3_961.png,https://pilotexp.s3.ca-central-1.amazonaws.com/cifar10/IMG_ORIGINAL/contrast/batch_3_961.png,https://pilotexp.s3.ca-central-1.amazonaws.com/cifar10/IMG_TRANSFORMED/contrast/batch_3_961.png,0,0,0
contrast/batch_5_6846.png,https://pilotexp.s3.ca-central-1.amazonaws.com/cifar10/IMG_ORIGINAL/contrast/batch_5_6846.png,https://pilotexp.s3.ca-central-1.amazonaws.com/cifar10/IMG_TRANSFORMED/contrast/batch_5_6846.png,0,0,0
jpeg_compression/batch_1_5446.png,https://pilotexp.s3.ca-central-1.amazonaws.com/cifar10/IMG_ORIGINAL/jpeg_compression/batch_1_5446.png,https://pilotexp.s3.ca-central-1.amazonaws.com/cifar10/IMG_TRANSFORMED/jpeg_compression/batch_1_5446.png,0,0,0
contrast/batch_2_1189.png,https://pilotexp.s3.ca-central-1.amazonaws.com/cifar10/IMG_ORIGINAL/contrast/batch_2_1189.png,https://pilotexp.s3.ca-central-1.amazonaws.com/cifar10/IMG_TRANSFORMED/contrast/batch_2_1189.png,0,0,0
brightness/batch_2_261.png,https://pilotexp.s3.ca-central-1.amazonaws.com/cifar10/IMG_ORIGINAL/brightness/batch_2_261.png,https://pilotexp.s3.ca-central-1.amazonaws.com/cifar10/IMG_TRANSFORMED/brightness/batch_2_261.png,1,1,0
frost/batch_2_4360.png,https://pilotexp.s3.ca-central-1.amazonaws.com/cifar10/IMG_ORIGINAL/frost/batch_2_4360.png,https://pilotexp.s3.ca-central-1.amazonaws.com/cifar10/IMG_TRANSFORMED/frost/batch_2_4360.png,0,0,0
brightness/batch_5_9738.png,https://pilotexp.s3.ca-central-1.amazonaws.com/cifar10/IMG_ORIGINAL/brightness/batch_5_9738.png,https://pilotexp.s3.ca-central-1.amazonaws.com/cifar10/IMG_TRANSFORMED/brightness/batch_5_9738.png,0,0,0
jpeg_compression/batch_1_8073.png,https://pilotexp.s3.ca-central-1.amazonaws.com/cifar10/IMG_ORIGINAL/jpeg_compression/batch_1_8073.png,https://pilotexp.s3.ca-central-1.amazonaws.com/cifar10/IMG_TRANSFORMED/jpeg_compression/batch_1_8073.png,0,0,0
contrast/batch_5_6682.png,https://pilotexp.s3.ca-central-1.amazonaws.com/cifar10/IMG_ORIGINAL/contrast/batch_5_6682.png,https://pilotexp.s3.ca-central-1.amazonaws.com/cifar10/IMG_TRANSFORMED/contrast/batch_5_6682.png,0,0,0
brightness/batch_1_3263.png,https://pilotexp.s3.ca-central-1.amazonaws.com/cifar10/IMG_ORIGINAL/brightness/batch_1_3263.png,https://pilotexp.s3.ca-central-1.amazonaws.com/cifar10/IMG_TRANSFORMED/brightness/batch_1_3263.png,0,0,0
frost/batch_2_6933.png,https://pilotexp.s3.ca-central-1.amazonaws.com/cifar10/IMG_ORIGINAL/frost/batch_2_6933.png,https://pilotexp.s3.ca-central-1.amazonaws.com/cifar10/IMG_TRANSFORMED/frost/batch_2_6933.png,0,0,0
brightness/batch_4_1360.png,https://pilotexp.s3.ca-central-1.amazonaws.com/cifar10/IMG_ORIGINAL/brightness/batch_4_1360.png,https://pilotexp.s3.ca-central-1.amazonaws.com/cifar10/IMG_TRANSFORMED/brightness/batch_4_1360.png,0,0,0
frost/batch_2_3327.png,https://pilotexp.s3.ca-central-1.amazonaws.com/cifar10/IMG_ORIGINAL/frost/batch_2_3327.png,https://pilotexp.s3.ca-central-1.amazonaws.com/cifar10/IMG_TRANSFORMED/frost/batch_2_3327.png,1,1,0
contrast/batch_4_2629.png,https://pilotexp.s3.ca-central-1.amazonaws.com/cifar10/IMG_ORIGINAL/contrast/batch_4_2629.png,https://pilotexp.s3.ca-central-1.amazonaws.com/cifar10/IMG_TRANSFORMED/contrast/batch_4_2629.png,0,0,0
jpeg_compression/batch_3_9906.png,https://pilotexp.s3.ca-central-1.amazonaws.com/cifar10/IMG_ORIGINAL/jpeg_compression/batch_3_9906.png,https://pilotexp.s3.ca-central-1.amazonaws.com/cifar10/IMG_TRANSFORMED/jpeg_compression/batch_3_9906.png,0,0,0
brightness/batch_4_117.png,https://pilotexp.s3.ca-central-1.amazonaws.com/cifar10/IMG_ORIGINAL/brightness/batch_4_117.png,https://pilotexp.s3.ca-central-1.amazonaws.com/cifar10/IMG_TRANSFORMED/brightness/batch_4_117.png,0,0,0
brightness/batch_3_7183.png,https://pilotexp.s3.ca-central-1.amazonaws.com/cifar10/IMG_ORIGINAL/brightness/batch_3_7183.png,https://pilotexp.s3.ca-central-1.amazonaws.com/cifar10/IMG_TRANSFORMED/brightness/batch_3_7183.png,0,0,0
jpeg_compression/batch_5_3404.png,https://pilotexp.s3.ca-central-1.amazonaws.com/cifar10/IMG_ORIGINAL/jpeg_compression/batch_5_3404.png,https://pilotexp.s3.ca-central-1.amazonaws.com/cifar10/IMG_TRANSFORMED/jpeg_compression/batch_5_3404.png,0,0,0
brightness/batch_1_7500.png,https://pilotexp.s3.ca-central-1.amazonaws.com/cifar10/IMG_ORIGINAL/brightness/batch_1_7500.png,https://pilotexp.s3.ca-central-1.amazonaws.com/cifar10/IMG_TRANSFORMED/brightness/batch_1_7500.png,0,0,0
jpeg_compression/batch_4_7371.png,https://pilotexp.s3.ca-central-1.amazonaws.com/cifar10/IMG_ORIGINAL/jpeg_compression/batch_4_7371.png,https://pilotexp.s3.ca-central-1.amazonaws.com/cifar10/IMG_TRANSFORMED/jpeg_compression/batch_4_7371.png,0,0,0
brightness/batch_3_444.png,https://pilotexp.s3.ca-central-1.amazonaws.com/cifar10/IMG_ORIGINAL/brightness/batch_3_444.png,https://pilotexp.s3.ca-central-1.amazonaws.com/cifar10/IMG_TRANSFORMED/brightness/batch_3_444.png,1,1,0
frost/batch_1_5792.png,https://pilotexp.s3.ca-central-1.amazonaws.com/cifar10/IMG_ORIGINAL/frost/batch_1_5792.png,https://pilotexp.s3.ca-central-1.amazonaws.com/cifar10/IMG_TRANSFORMED/frost/batch_1_5792.png,0,0,0
brightness/batch_1_5573.png,https://pilotexp.s3.ca-central-1.amazonaws.com/cifar10/IMG_ORIGINAL/brightness/batch_1_5573.png,https://pilotexp.s3.ca-central-1.amazonaws.com/cifar10/IMG_TRANSFORMED/brightness/batch_1_5573.png,0,0,0
contrast/batch_4_8858.png,https://pilotexp.s3.ca-central-1.amazonaws.com/cifar10/IMG_ORIGINAL/contrast/batch_4_8858.png,https://pilotexp.s3.ca-central-1.amazonaws.com/cifar10/IMG_TRANSFORMED/contrast/batch_4_8858.png,1,0,0
brightness/batch_3_516.png,https://pilotexp.s3.ca-central-1.amazonaws.com/cifar10/IMG_ORIGINAL/brightness/batch_3_516.png,https://pilotexp.s3.ca-central-1.amazonaws.com/cifar10/IMG_TRANSFORMED/brightness/batch_3_516.png,1,0,1
brightness/batch_3_9733.png,https://pilotexp.s3.ca-central-1.amazonaws.com/cifar10/IMG_ORIGINAL/brightness/batch_3_9733.png,https://pilotexp.s3.ca-central-1.amazonaws.com/cifar10/IMG_TRANSFORMED/brightness/batch_3_9733.png,0,0,0
jpeg_compression/batch_4_8062.png,https://pilotexp.s3.ca-central-1.amazonaws.com/cifar10/IMG_ORIGINAL/jpeg_compression/batch_4_8062.png,https://pilotexp.s3.ca-central-1.amazonaws.com/cifar10/IMG_TRANSFORMED/jpeg_compression/batch_4_8062.png,0,0,0
contrast/batch_1_4816.png,https://pilotexp.s3.ca-central-1.amazonaws.com/cifar10/IMG_ORIGINAL/contrast/batch_1_4816.png,https://pilotexp.s3.ca-central-1.amazonaws.com/cifar10/IMG_TRANSFORMED/contrast/batch_1_4816.png,0,0,0
contrast/batch_1_7466.png,https://pilotexp.s3.ca-central-1.amazonaws.com/cifar10/IMG_ORIGINAL/contrast/batch_1_7466.png,https://pilotexp.s3.ca-central-1.amazonaws.com/cifar10/IMG_TRANSFORMED/contrast/batch_1_7466.png,0,0,0
frost/batch_2_4418.png,https://pilotexp.s3.ca-central-1.amazonaws.com/cifar10/IMG_ORIGINAL/frost/batch_2_4418.png,https://pilotexp.s3.ca-central-1.amazonaws.com/cifar10/IMG_TRANSFORMED/frost/batch_2_4418.png,0,0,0
contrast/batch_2_1830.png,https://pilotexp.s3.ca-central-1.amazonaws.com/cifar10/IMG_ORIGINAL/contrast/batch_2_1830.png,https://pilotexp.s3.ca-central-1.amazonaws.com/cifar10/IMG_TRANSFORMED/contrast/batch_2_1830.png,0,0,0
contrast/batch_4_9735.png,https://pilotexp.s3.ca-central-1.amazonaws.com/cifar10/IMG_ORIGINAL/contrast/batch_4_9735.png,https://pilotexp.s3.ca-central-1.amazonaws.com/cifar10/IMG_TRANSFORMED/contrast/batch_4_9735.png,1,1,0
contrast/batch_2_6121.png,https://pilotexp.s3.ca-central-1.amazonaws.com/cifar10/IMG_ORIGINAL/contrast/batch_2_6121.png,https://pilotexp.s3.ca-central-1.amazonaws.com/cifar10/IMG_TRANSFORMED/contrast/batch_2_6121.png,0,0,0
contrast/batch_4_6477.png,https://pilotexp.s3.ca-central-1.amazonaws.com/cifar10/IMG_ORIGINAL/contrast/batch_4_6477.png,https://pilotexp.s3.ca-central-1.amazonaws.com/cifar10/IMG_TRANSFORMED/contrast/batch_4_6477.png,0,0,0
jpeg_compression/batch_3_7673.png,https://pilotexp.s3.ca-central-1.amazonaws.com/cifar10/IMG_ORIGINAL/jpeg_compression/batch_3_7673.png,https://pilotexp.s3.ca-central-1.amazonaws.com/cifar10/IMG_TRANSFORMED/jpeg_compression/batch_3_7673.png,0,0,0
jpeg_compression/batch_5_6160.png,https://pilotexp.s3.ca-central-1.amazonaws.com/cifar10/IMG_ORIGINAL/jpeg_compression/batch_5_6160.png,https://pilotexp.s3.ca-central-1.amazonaws.com/cifar10/IMG_TRANSFORMED/jpeg_compression/batch_5_6160.png,0,0,0
frost/batch_5_2210.png,https://pilotexp.s3.ca-central-1.amazonaws.com/cifar10/IMG_ORIGINAL/frost/batch_5_2210.png,https://pilotexp.s3.ca-central-1.amazonaws.com/cifar10/IMG_TRANSFORMED/frost/batch_5_2210.png,1,0,0
jpeg_compression/batch_1_4063.png,https://pilotexp.s3.ca-central-1.amazonaws.com/cifar10/IMG_ORIGINAL/jpeg_compression/batch_1_4063.png,https://pilotexp.s3.ca-central-1.amazonaws.com/cifar10/IMG_TRANSFORMED/jpeg_compression/batch_1_4063.png,0,0,0
brightness/batch_2_8795.png,https://pilotexp.s3.ca-central-1.amazonaws.com/cifar10/IMG_ORIGINAL/brightness/batch_2_8795.png,https://pilotexp.s3.ca-central-1.amazonaws.com/cifar10/IMG_TRANSFORMED/brightness/batch_2_8795.png,0,0,0
brightness/batch_1_8258.png,https://pilotexp.s3.ca-central-1.amazonaws.com/cifar10/IMG_ORIGINAL/brightness/batch_1_8258.png,https://pilotexp.s3.ca-central-1.amazonaws.com/cifar10/IMG_TRANSFORMED/brightness/batch_1_8258.png,0,0,0
contrast/batch_3_8428.png,https://pilotexp.s3.ca-central-1.amazonaws.com/cifar10/IMG_ORIGINAL/contrast/batch_3_8428.png,https://pilotexp.s3.ca-central-1.amazonaws.com/cifar10/IMG_TRANSFORMED/contrast/batch_3_8428.png,0,0,0
brightness/batch_2_5366.png,https://pilotexp.s3.ca-central-1.amazonaws.com/cifar10/IMG_ORIGINAL/brightness/batch_2_5366.png,https://pilotexp.s3.ca-central-1.amazonaws.com/cifar10/IMG_TRANSFORMED/brightness/batch_2_5366.png,0,0,0
brightness/batch_1_7985.png,https://pilotexp.s3.ca-central-1.amazonaws.com/cifar10/IMG_ORIGINAL/brightness/batch_1_7985.png,https://pilotexp.s3.ca-central-1.amazonaws.com/cifar10/IMG_TRANSFORMED/brightness/batch_1_7985.png,0,0,0
frost/batch_1_8024.png,https://pilotexp.s3.ca-central-1.amazonaws.com/cifar10/IMG_ORIGINAL/frost/batch_1_8024.png,https://pilotexp.s3.ca-central-1.amazonaws.com/cifar10/IMG_TRANSFORMED/frost/batch_1_8024.png,0,0,0
frost/batch_5_5576.png,https://pilotexp.s3.ca-central-1.amazonaws.com/cifar10/IMG_ORIGINAL/frost/batch_5_5576.png,https://pilotexp.s3.ca-central-1.amazonaws.com/cifar10/IMG_TRANSFORMED/frost/batch_5_5576.png,0,0,0
jpeg_compression/batch_1_3724.png,https://pilotexp.s3.ca-central-1.amazonaws.com/cifar10/IMG_ORIGINAL/jpeg_compression/batch_1_3724.png,https://pilotexp.s3.ca-central-1.amazonaws.com/cifar10/IMG_TRANSFORMED/jpeg_compression/batch_1_3724.png,0,0,0
jpeg_compression/batch_2_6207.png,https://pilotexp.s3.ca-central-1.amazonaws.com/cifar10/IMG_ORIGINAL/jpeg_compression/batch_2_6207.png,https://pilotexp.s3.ca-central-1.amazonaws.com/cifar10/IMG_TRANSFORMED/jpeg_compression/batch_2_6207.png,0,0,0
frost/batch_5_8716.png,https://pilotexp.s3.ca-central-1.amazonaws.com/cifar10/IMG_ORIGINAL/frost/batch_5_8716.png,https://pilotexp.s3.ca-central-1.amazonaws.com/cifar10/IMG_TRANSFORMED/frost/batch_5_8716.png,0,0,0
brightness/batch_4_8045.png,https://pilotexp.s3.ca-central-1.amazonaws.com/cifar10/IMG_ORIGINAL/brightness/batch_4_8045.png,https://pilotexp.s3.ca-central-1.amazonaws.com/cifar10/IMG_TRANSFORMED/brightness/batch_4_8045.png,0,1,1
brightness/batch_2_5766.png,https://pilotexp.s3.ca-central-1.amazonaws.com/cifar10/IMG_ORIGINAL/brightness/batch_2_5766.png,https://pilotexp.s3.ca-central-1.amazonaws.com/cifar10/IMG_TRANSFORMED/brightness/batch_2_5766.png,0,0,0
brightness/batch_3_9146.png,https://pilotexp.s3.ca-central-1.amazonaws.com/cifar10/IMG_ORIGINAL/brightness/batch_3_9146.png,https://pilotexp.s3.ca-central-1.amazonaws.com/cifar10/IMG_TRANSFORMED/brightness/batch_3_9146.png,1,0,1
brightness/batch_2_5329.png,https://pilotexp.s3.ca-central-1.amazonaws.com/cifar10/IMG_ORIGINAL/brightness/batch_2_5329.png,https://pilotexp.s3.ca-central-1.amazonaws.com/cifar10/IMG_TRANSFORMED/brightness/batch_2_5329.png,0,0,0
jpeg_compression/batch_1_2356.png,https://pilotexp.s3.ca-central-1.amazonaws.com/cifar10/IMG_ORIGINAL/jpeg_compression/batch_1_2356.png,https://pilotexp.s3.ca-central-1.amazonaws.com/cifar10/IMG_TRANSFORMED/jpeg_compression/batch_1_2356.png,0,0,0
frost/batch_1_7656.png,https://pilotexp.s3.ca-central-1.amazonaws.com/cifar10/IMG_ORIGINAL/frost/batch_1_7656.png,https://pilotexp.s3.ca-central-1.amazonaws.com/cifar10/IMG_TRANSFORMED/frost/batch_1_7656.png,0,0,0
frost/batch_1_2081.png,https://pilotexp.s3.ca-central-1.amazonaws.com/cifar10/IMG_ORIGINAL/frost/batch_1_2081.png,https://pilotexp.s3.ca-central-1.amazonaws.com/cifar10/IMG_TRANSFORMED/frost/batch_1_2081.png,0,0,0
contrast/batch_1_4133.png,https://pilotexp.s3.ca-central-1.amazonaws.com/cifar10/IMG_ORIGINAL/contrast/batch_1_4133.png,https://pilotexp.s3.ca-central-1.amazonaws.com/cifar10/IMG_TRANSFORMED/contrast/batch_1_4133.png,0,0,0
jpeg_compression/batch_1_1398.png,https://pilotexp.s3.ca-central-1.amazonaws.com/cifar10/IMG_ORIGINAL/jpeg_compression/batch_1_1398.png,https://pilotexp.s3.ca-central-1.amazonaws.com/cifar10/IMG_TRANSFORMED/jpeg_compression/batch_1_1398.png,0,0,0
frost/batch_5_4522.png,https://pilotexp.s3.ca-central-1.amazonaws.com/cifar10/IMG_ORIGINAL/frost/batch_5_4522.png,https://pilotexp.s3.ca-central-1.amazonaws.com/cifar10/IMG_TRANSFORMED/frost/batch_5_4522.png,0,0,0
jpeg_compression/batch_2_9538.png,https://pilotexp.s3.ca-central-1.amazonaws.com/cifar10/IMG_ORIGINAL/jpeg_compression/batch_2_9538.png,https://pilotexp.s3.ca-central-1.amazonaws.com/cifar10/IMG_TRANSFORMED/jpeg_compression/batch_2_9538.png,1,0,1
contrast/batch_3_3219.png,https://pilotexp.s3.ca-central-1.amazonaws.com/cifar10/IMG_ORIGINAL/contrast/batch_3_3219.png,https://pilotexp.s3.ca-central-1.amazonaws.com/cifar10/IMG_TRANSFORMED/contrast/batch_3_3219.png,0,0,0
jpeg_compression/batch_2_9743.png,https://pilotexp.s3.ca-central-1.amazonaws.com/cifar10/IMG_ORIGINAL/jpeg_compression/batch_2_9743.png,https://pilotexp.s3.ca-central-1.amazonaws.com/cifar10/IMG_TRANSFORMED/jpeg_compression/batch_2_9743.png,0,0,0
jpeg_compression/batch_2_8768.png,https://pilotexp.s3.ca-central-1.amazonaws.com/cifar10/IMG_ORIGINAL/jpeg_compression/batch_2_8768.png,https://pilotexp.s3.ca-central-1.amazonaws.com/cifar10/IMG_TRANSFORMED/jpeg_compression/batch_2_8768.png,0,0,0
frost/batch_2_4933.png,https://pilotexp.s3.ca-central-1.amazonaws.com/cifar10/IMG_ORIGINAL/frost/batch_2_4933.png,https://pilotexp.s3.ca-central-1.amazonaws.com/cifar10/IMG_TRANSFORMED/frost/batch_2_4933.png,0,0,0
jpeg_compression/batch_3_6401.png,https://pilotexp.s3.ca-central-1.amazonaws.com/cifar10/IMG_ORIGINAL/jpeg_compression/batch_3_6401.png,https://pilotexp.s3.ca-central-1.amazonaws.com/cifar10/IMG_TRANSFORMED/jpeg_compression/batch_3_6401.png,0,0,0
brightness/batch_2_9872.png,https://pilotexp.s3.ca-central-1.amazonaws.com/cifar10/IMG_ORIGINAL/brightness/batch_2_9872.png,https://pilotexp.s3.ca-central-1.amazonaws.com/cifar10/IMG_TRANSFORMED/brightness/batch_2_9872.png,0,0,0
frost/batch_2_5408.png,https://pilotexp.s3.ca-central-1.amazonaws.com/cifar10/IMG_ORIGINAL/frost/batch_2_5408.png,https://pilotexp.s3.ca-central-1.amazonaws.com/cifar10/IMG_TRANSFORMED/frost/batch_2_5408.png,0,0,0
jpeg_compression/batch_1_1009.png,https://pilotexp.s3.ca-central-1.amazonaws.com/cifar10/IMG_ORIGINAL/jpeg_compression/batch_1_1009.png,https://pilotexp.s3.ca-central-1.amazonaws.com/cifar10/IMG_TRANSFORMED/jpeg_compression/batch_1_1009.png,0,0,0
brightness/batch_3_4003.png,https://pilotexp.s3.ca-central-1.amazonaws.com/cifar10/IMG_ORIGINAL/brightness/batch_3_4003.png,https://pilotexp.s3.ca-central-1.amazonaws.com/cifar10/IMG_TRANSFORMED/brightness/batch_3_4003.png,1,1,0
frost/batch_4_8240.png,https://pilotexp.s3.ca-central-1.amazonaws.com/cifar10/IMG_ORIGINAL/frost/batch_4_8240.png,https://pilotexp.s3.ca-central-1.amazonaws.com/cifar10/IMG_TRANSFORMED/frost/batch_4_8240.png,0,0,0
jpeg_compression/batch_5_5976.png,https://pilotexp.s3.ca-central-1.amazonaws.com/cifar10/IMG_ORIGINAL/jpeg_compression/batch_5_5976.png,https://pilotexp.s3.ca-central-1.amazonaws.com/cifar10/IMG_TRANSFORMED/jpeg_compression/batch_5_5976.png,0,0,0
contrast/batch_1_4512.png,https://pilotexp.s3.ca-central-1.amazonaws.com/cifar10/IMG_ORIGINAL/contrast/batch_1_4512.png,https://pilotexp.s3.ca-central-1.amazonaws.com/cifar10/IMG_TRANSFORMED/contrast/batch_1_4512.png,0,0,0
contrast/batch_3_5359.png,https://pilotexp.s3.ca-central-1.amazonaws.com/cifar10/IMG_ORIGINAL/contrast/batch_3_5359.png,https://pilotexp.s3.ca-central-1.amazonaws.com/cifar10/IMG_TRANSFORMED/contrast/batch_3_5359.png,0,0,0
frost/batch_3_9570.png,https://pilotexp.s3.ca-central-1.amazonaws.com/cifar10/IMG_ORIGINAL/frost/batch_3_9570.png,https://pilotexp.s3.ca-central-1.amazonaws.com/cifar10/IMG_TRANSFORMED/frost/batch_3_9570.png,0,0,0
brightness/batch_3_491.png,https://pilotexp.s3.ca-central-1.amazonaws.com/cifar10/IMG_ORIGINAL/brightness/batch_3_491.png,https://pilotexp.s3.ca-central-1.amazonaws.com/cifar10/IMG_TRANSFORMED/brightness/batch_3_491.png,0,0,0
brightness/batch_3_4480.png,https://pilotexp.s3.ca-central-1.amazonaws.com/cifar10/IMG_ORIGINAL/brightness/batch_3_4480.png,https://pilotexp.s3.ca-central-1.amazonaws.com/cifar10/IMG_TRANSFORMED/brightness/batch_3_4480.png,1,1,0
contrast/batch_4_9395.png,https://pilotexp.s3.ca-central-1.amazonaws.com/cifar10/IMG_ORIGINAL/contrast/batch_4_9395.png,https://pilotexp.s3.ca-central-1.amazonaws.com/cifar10/IMG_TRANSFORMED/contrast/batch_4_9395.png,0,0,0
jpeg_compression/batch_3_7740.png,https://pilotexp.s3.ca-central-1.amazonaws.com/cifar10/IMG_ORIGINAL/jpeg_compression/batch_3_7740.png,https://pilotexp.s3.ca-central-1.amazonaws.com/cifar10/IMG_TRANSFORMED/jpeg_compression/batch_3_7740.png,1,1,0
jpeg_compression/batch_2_7967.png,https://pilotexp.s3.ca-central-1.amazonaws.com/cifar10/IMG_ORIGINAL/jpeg_compression/batch_2_7967.png,https://pilotexp.s3.ca-central-1.amazonaws.com/cifar10/IMG_TRANSFORMED/jpeg_compression/batch_2_7967.png,0,1,1
jpeg_compression/batch_2_4882.png,https://pilotexp.s3.ca-central-1.amazonaws.com/cifar10/IMG_ORIGINAL/jpeg_compression/batch_2_4882.png,https://pilotexp.s3.ca-central-1.amazonaws.com/cifar10/IMG_TRANSFORMED/jpeg_compression/batch_2_4882.png,0,0,0
frost/batch_1_5675.png,https://pilotexp.s3.ca-central-1.amazonaws.com/cifar10/IMG_ORIGINAL/frost/batch_1_5675.png,https://pilotexp.s3.ca-central-1.amazonaws.com/cifar10/IMG_TRANSFORMED/frost/batch_1_5675.png,0,0,0
contrast/batch_3_8456.png,https://pilotexp.s3.ca-central-1.amazonaws.com/cifar10/IMG_ORIGINAL/contrast/batch_3_8456.png,https://pilotexp.s3.ca-central-1.amazonaws.com/cifar10/IMG_TRANSFORMED/contrast/batch_3_8456.png,0,0,0
brightness/batch_2_1452.png,https://pilotexp.s3.ca-central-1.amazonaws.com/cifar10/IMG_ORIGINAL/brightness/batch_2_1452.png,https://pilotexp.s3.ca-central-1.amazonaws.com/cifar10/IMG_TRANSFORMED/brightness/batch_2_1452.png,0,0,0
jpeg_compression/batch_2_7195.png,https://pilotexp.s3.ca-central-1.amazonaws.com/cifar10/IMG_ORIGINAL/jpeg_compression/batch_2_7195.png,https://pilotexp.s3.ca-central-1.amazonaws.com/cifar10/IMG_TRANSFORMED/jpeg_compression/batch_2_7195.png,0,0,0
frost/batch_5_2676.png,https://pilotexp.s3.ca-central-1.amazonaws.com/cifar10/IMG_ORIGINAL/frost/batch_5_2676.png,https://pilotexp.s3.ca-central-1.amazonaws.com/cifar10/IMG_TRANSFORMED/frost/batch_5_2676.png,0,0,0
frost/batch_1_8279.png,https://pilotexp.s3.ca-central-1.amazonaws.com/cifar10/IMG_ORIGINAL/frost/batch_1_8279.png,https://pilotexp.s3.ca-central-1.amazonaws.com/cifar10/IMG_TRANSFORMED/frost/batch_1_8279.png,0,0,0
contrast/batch_2_2368.png,https://pilotexp.s3.ca-central-1.amazonaws.com/cifar10/IMG_ORIGINAL/contrast/batch_2_2368.png,https://pilotexp.s3.ca-central-1.amazonaws.com/cifar10/IMG_TRANSFORMED/contrast/batch_2_2368.png,0,0,0
jpeg_compression/batch_1_538.png,https://pilotexp.s3.ca-central-1.amazonaws.com/cifar10/IMG_ORIGINAL/jpeg_compression/batch_1_538.png,https://pilotexp.s3.ca-central-1.amazonaws.com/cifar10/IMG_TRANSFORMED/jpeg_compression/batch_1_538.png,0,0,0
frost/batch_5_4872.png,https://pilotexp.s3.ca-central-1.amazonaws.com/cifar10/IMG_ORIGINAL/frost/batch_5_4872.png,https://pilotexp.s3.ca-central-1.amazonaws.com/cifar10/IMG_TRANSFORMED/frost/batch_5_4872.png,0,0,0
frost/batch_2_7064.png,https://pilotexp.s3.ca-central-1.amazonaws.com/cifar10/IMG_ORIGINAL/frost/batch_2_7064.png,https://pilotexp.s3.ca-central-1.amazonaws.com/cifar10/IMG_TRANSFORMED/frost/batch_2_7064.png,0,0,0
frost/batch_4_7773.png,https://pilotexp.s3.ca-central-1.amazonaws.com/cifar10/IMG_ORIGINAL/frost/batch_4_7773.png,https://pilotexp.s3.ca-central-1.amazonaws.com/cifar10/IMG_TRANSFORMED/frost/batch_4_7773.png,0,0,0
brightness/batch_5_4312.png,https://pilotexp.s3.ca-central-1.amazonaws.com/cifar10/IMG_ORIGINAL/brightness/batch_5_4312.png,https://pilotexp.s3.ca-central-1.amazonaws.com/cifar10/IMG_TRANSFORMED/brightness/batch_5_4312.png,0,0,0
brightness/batch_4_5039.png,https://pilotexp.s3.ca-central-1.amazonaws.com/cifar10/IMG_ORIGINAL/brightness/batch_4_5039.png,https://pilotexp.s3.ca-central-1.amazonaws.com/cifar10/IMG_TRANSFORMED/brightness/batch_4_5039.png,0,0,0
contrast/batch_2_9838.png,https://pilotexp.s3.ca-central-1.amazonaws.com/cifar10/IMG_ORIGINAL/contrast/batch_2_9838.png,https://pilotexp.s3.ca-central-1.amazonaws.com/cifar10/IMG_TRANSFORMED/contrast/batch_2_9838.png,0,0,0
contrast/batch_4_3226.png,https://pilotexp.s3.ca-central-1.amazonaws.com/cifar10/IMG_ORIGINAL/contrast/batch_4_3226.png,https://pilotexp.s3.ca-central-1.amazonaws.com/cifar10/IMG_TRANSFORMED/contrast/batch_4_3226.png,0,0,0
jpeg_compression/batch_2_2252.png,https://pilotexp.s3.ca-central-1.amazonaws.com/cifar10/IMG_ORIGINAL/jpeg_compression/batch_2_2252.png,https://pilotexp.s3.ca-central-1.amazonaws.com/cifar10/IMG_TRANSFORMED/jpeg_compression/batch_2_2252.png,0,0,0
brightness/batch_1_4758.png,https://pilotexp.s3.ca-central-1.amazonaws.com/cifar10/IMG_ORIGINAL/brightness/batch_1_4758.png,https://pilotexp.s3.ca-central-1.amazonaws.com/cifar10/IMG_TRANSFORMED/brightness/batch_1_4758.png,0,0,0
brightness/batch_2_2864.png,https://pilotexp.s3.ca-central-1.amazonaws.com/cifar10/IMG_ORIGINAL/brightness/batch_2_2864.png,https://pilotexp.s3.ca-central-1.amazonaws.com/cifar10/IMG_TRANSFORMED/brightness/batch_2_2864.png,0,0,0
jpeg_compression/batch_4_9743.png,https://pilotexp.s3.ca-central-1.amazonaws.com/cifar10/IMG_ORIGINAL/jpeg_compression/batch_4_9743.png,https://pilotexp.s3.ca-central-1.amazonaws.com/cifar10/IMG_TRANSFORMED/jpeg_compression/batch_4_9743.png,1,1,0
frost/batch_1_3683.png,https://pilotexp.s3.ca-central-1.amazonaws.com/cifar10/IMG_ORIGINAL/frost/batch_1_3683.png,https://pilotexp.s3.ca-central-1.amazonaws.com/cifar10/IMG_TRANSFORMED/frost/batch_1_3683.png,0,0,0
contrast/batch_2_9750.png,https://pilotexp.s3.ca-central-1.amazonaws.com/cifar10/IMG_ORIGINAL/contrast/batch_2_9750.png,https://pilotexp.s3.ca-central-1.amazonaws.com/cifar10/IMG_TRANSFORMED/contrast/batch_2_9750.png,0,0,0
contrast/batch_2_9238.png,https://pilotexp.s3.ca-central-1.amazonaws.com/cifar10/IMG_ORIGINAL/contrast/batch_2_9238.png,https://pilotexp.s3.ca-central-1.amazonaws.com/cifar10/IMG_TRANSFORMED/contrast/batch_2_9238.png,0,1,1
contrast/batch_4_115.png,https://pilotexp.s3.ca-central-1.amazonaws.com/cifar10/IMG_ORIGINAL/contrast/batch_4_115.png,https://pilotexp.s3.ca-central-1.amazonaws.com/cifar10/IMG_TRANSFORMED/contrast/batch_4_115.png,0,0,0
brightness/batch_3_5813.png,https://pilotexp.s3.ca-central-1.amazonaws.com/cifar10/IMG_ORIGINAL/brightness/batch_3_5813.png,https://pilotexp.s3.ca-central-1.amazonaws.com/cifar10/IMG_TRANSFORMED/brightness/batch_3_5813.png,0,0,0
jpeg_compression/batch_3_4057.png,https://pilotexp.s3.ca-central-1.amazonaws.com/cifar10/IMG_ORIGINAL/jpeg_compression/batch_3_4057.png,https://pilotexp.s3.ca-central-1.amazonaws.com/cifar10/IMG_TRANSFORMED/jpeg_compression/batch_3_4057.png,0,1,1
brightness/batch_5_2830.png,https://pilotexp.s3.ca-central-1.amazonaws.com/cifar10/IMG_ORIGINAL/brightness/batch_5_2830.png,https://pilotexp.s3.ca-central-1.amazonaws.com/cifar10/IMG_TRANSFORMED/brightness/batch_5_2830.png,0,0,0
brightness/batch_1_1508.png,https://pilotexp.s3.ca-central-1.amazonaws.com/cifar10/IMG_ORIGINAL/brightness/batch_1_1508.png,https://pilotexp.s3.ca-central-1.amazonaws.com/cifar10/IMG_TRANSFORMED/brightness/batch_1_1508.png,0,0,0
frost/batch_1_3010.png,https://pilotexp.s3.ca-central-1.amazonaws.com/cifar10/IMG_ORIGINAL/frost/batch_1_3010.png,https://pilotexp.s3.ca-central-1.amazonaws.com/cifar10/IMG_TRANSFORMED/frost/batch_1_3010.png,0,0,0
brightness/batch_2_1296.png,https://pilotexp.s3.ca-central-1.amazonaws.com/cifar10/IMG_ORIGINAL/brightness/batch_2_1296.png,https://pilotexp.s3.ca-central-1.amazonaws.com/cifar10/IMG_TRANSFORMED/brightness/batch_2_1296.png,1,1,0
frost/batch_1_4514.png,https://pilotexp.s3.ca-central-1.amazonaws.com/cifar10/IMG_ORIGINAL/frost/batch_1_4514.png,https://pilotexp.s3.ca-central-1.amazonaws.com/cifar10/IMG_TRANSFORMED/frost/batch_1_4514.png,0,0,0
frost/batch_5_2565.png,https://pilotexp.s3.ca-central-1.amazonaws.com/cifar10/IMG_ORIGINAL/frost/batch_5_2565.png,https://pilotexp.s3.ca-central-1.amazonaws.com/cifar10/IMG_TRANSFORMED/frost/batch_5_2565.png,0,0,0
brightness/batch_3_8833.png,https://pilotexp.s3.ca-central-1.amazonaws.com/cifar10/IMG_ORIGINAL/brightness/batch_3_8833.png,https://pilotexp.s3.ca-central-1.amazonaws.com/cifar10/IMG_TRANSFORMED/brightness/batch_3_8833.png,0,0,0
frost/batch_2_3141.png,https://pilotexp.s3.ca-central-1.amazonaws.com/cifar10/IMG_ORIGINAL/frost/batch_2_3141.png,https://pilotexp.s3.ca-central-1.amazonaws.com/cifar10/IMG_TRANSFORMED/frost/batch_2_3141.png,0,0,0
frost/batch_3_7614.png,https://pilotexp.s3.ca-central-1.amazonaws.com/cifar10/IMG_ORIGINAL/frost/batch_3_7614.png,https://pilotexp.s3.ca-central-1.amazonaws.com/cifar10/IMG_TRANSFORMED/frost/batch_3_7614.png,0,0,0
contrast/batch_5_8252.png,https://pilotexp.s3.ca-central-1.amazonaws.com/cifar10/IMG_ORIGINAL/contrast/batch_5_8252.png,https://pilotexp.s3.ca-central-1.amazonaws.com/cifar10/IMG_TRANSFORMED/contrast/batch_5_8252.png,0,0,0
brightness/batch_3_9397.png,https://pilotexp.s3.ca-central-1.amazonaws.com/cifar10/IMG_ORIGINAL/brightness/batch_3_9397.png,https://pilotexp.s3.ca-central-1.amazonaws.com/cifar10/IMG_TRANSFORMED/brightness/batch_3_9397.png,0,1,1
brightness/batch_5_1293.png,https://pilotexp.s3.ca-central-1.amazonaws.com/cifar10/IMG_ORIGINAL/brightness/batch_5_1293.png,https://pilotexp.s3.ca-central-1.amazonaws.com/cifar10/IMG_TRANSFORMED/brightness/batch_5_1293.png,0,0,0
brightness/batch_1_5719.png,https://pilotexp.s3.ca-central-1.amazonaws.com/cifar10/IMG_ORIGINAL/brightness/batch_1_5719.png,https://pilotexp.s3.ca-central-1.amazonaws.com/cifar10/IMG_TRANSFORMED/brightness/batch_1_5719.png,0,1,1
brightness/batch_3_2250.png,https://pilotexp.s3.ca-central-1.amazonaws.com/cifar10/IMG_ORIGINAL/brightness/batch_3_2250.png,https://pilotexp.s3.ca-central-1.amazonaws.com/cifar10/IMG_TRANSFORMED/brightness/batch_3_2250.png,0,0,0
brightness/batch_2_8467.png,https://pilotexp.s3.ca-central-1.amazonaws.com/cifar10/IMG_ORIGINAL/brightness/batch_2_8467.png,https://pilotexp.s3.ca-central-1.amazonaws.com/cifar10/IMG_TRANSFORMED/brightness/batch_2_8467.png,1,1,0
brightness/batch_5_9013.png,https://pilotexp.s3.ca-central-1.amazonaws.com/cifar10/IMG_ORIGINAL/brightness/batch_5_9013.png,https://pilotexp.s3.ca-central-1.amazonaws.com/cifar10/IMG_TRANSFORMED/brightness/batch_5_9013.png,0,0,0
jpeg_compression/batch_5_7125.png,https://pilotexp.s3.ca-central-1.amazonaws.com/cifar10/IMG_ORIGINAL/jpeg_compression/batch_5_7125.png,https://pilotexp.s3.ca-central-1.amazonaws.com/cifar10/IMG_TRANSFORMED/jpeg_compression/batch_5_7125.png,0,0,0
jpeg_compression/batch_3_3091.png,https://pilotexp.s3.ca-central-1.amazonaws.com/cifar10/IMG_ORIGINAL/jpeg_compression/batch_3_3091.png,https://pilotexp.s3.ca-central-1.amazonaws.com/cifar10/IMG_TRANSFORMED/jpeg_compression/batch_3_3091.png,1,0,1
frost/batch_1_1962.png,https://pilotexp.s3.ca-central-1.amazonaws.com/cifar10/IMG_ORIGINAL/frost/batch_1_1962.png,https://pilotexp.s3.ca-central-1.amazonaws.com/cifar10/IMG_TRANSFORMED/frost/batch_1_1962.png,0,0,0
contrast/batch_2_9105.png,https://pilotexp.s3.ca-central-1.amazonaws.com/cifar10/IMG_ORIGINAL/contrast/batch_2_9105.png,https://pilotexp.s3.ca-central-1.amazonaws.com/cifar10/IMG_TRANSFORMED/contrast/batch_2_9105.png,0,0,0
frost/batch_2_2973.png,https://pilotexp.s3.ca-central-1.amazonaws.com/cifar10/IMG_ORIGINAL/frost/batch_2_2973.png,https://pilotexp.s3.ca-central-1.amazonaws.com/cifar10/IMG_TRANSFORMED/frost/batch_2_2973.png,0,0,0
contrast/batch_3_7784.png,https://pilotexp.s3.ca-central-1.amazonaws.com/cifar10/IMG_ORIGINAL/contrast/batch_3_7784.png,https://pilotexp.s3.ca-central-1.amazonaws.com/cifar10/IMG_TRANSFORMED/contrast/batch_3_7784.png,1,0,1
contrast/batch_1_9541.png,https://pilotexp.s3.ca-central-1.amazonaws.com/cifar10/IMG_ORIGINAL/contrast/batch_1_9541.png,https://pilotexp.s3.ca-central-1.amazonaws.com/cifar10/IMG_TRANSFORMED/contrast/batch_1_9541.png,1,1,0
contrast/batch_1_1400.png,https://pilotexp.s3.ca-central-1.amazonaws.com/cifar10/IMG_ORIGINAL/contrast/batch_1_1400.png,https://pilotexp.s3.ca-central-1.amazonaws.com/cifar10/IMG_TRANSFORMED/contrast/batch_1_1400.png,0,0,0
frost/batch_4_9548.png,https://pilotexp.s3.ca-central-1.amazonaws.com/cifar10/IMG_ORIGINAL/frost/batch_4_9548.png,https://pilotexp.s3.ca-central-1.amazonaws.com/cifar10/IMG_TRANSFORMED/frost/batch_4_9548.png,1,0,1
contrast/batch_4_6042.png,https://pilotexp.s3.ca-central-1.amazonaws.com/cifar10/IMG_ORIGINAL/contrast/batch_4_6042.png,https://pilotexp.s3.ca-central-1.amazonaws.com/cifar10/IMG_TRANSFORMED/contrast/batch_4_6042.png,1,1,0
jpeg_compression/batch_5_504.png,https://pilotexp.s3.ca-central-1.amazonaws.com/cifar10/IMG_ORIGINAL/jpeg_compression/batch_5_504.png,https://pilotexp.s3.ca-central-1.amazonaws.com/cifar10/IMG_TRANSFORMED/jpeg_compression/batch_5_504.png,0,0,0
frost/batch_1_189.png,https://pilotexp.s3.ca-central-1.amazonaws.com/cifar10/IMG_ORIGINAL/frost/batch_1_189.png,https://pilotexp.s3.ca-central-1.amazonaws.com/cifar10/IMG_TRANSFORMED/frost/batch_1_189.png,0,0,0
jpeg_compression/batch_4_7367.png,https://pilotexp.s3.ca-central-1.amazonaws.com/cifar10/IMG_ORIGINAL/jpeg_compression/batch_4_7367.png,https://pilotexp.s3.ca-central-1.amazonaws.com/cifar10/IMG_TRANSFORMED/jpeg_compression/batch_4_7367.png,0,1,1
contrast/batch_2_5627.png,https://pilotexp.s3.ca-central-1.amazonaws.com/cifar10/IMG_ORIGINAL/contrast/batch_2_5627.png,https://pilotexp.s3.ca-central-1.amazonaws.com/cifar10/IMG_TRANSFORMED/contrast/batch_2_5627.png,0,0,0
jpeg_compression/batch_5_2360.png,https://pilotexp.s3.ca-central-1.amazonaws.com/cifar10/IMG_ORIGINAL/jpeg_compression/batch_5_2360.png,https://pilotexp.s3.ca-central-1.amazonaws.com/cifar10/IMG_TRANSFORMED/jpeg_compression/batch_5_2360.png,0,0,0
contrast/batch_2_9931.png,https://pilotexp.s3.ca-central-1.amazonaws.com/cifar10/IMG_ORIGINAL/contrast/batch_2_9931.png,https://pilotexp.s3.ca-central-1.amazonaws.com/cifar10/IMG_TRANSFORMED/contrast/batch_2_9931.png,0,0,0
jpeg_compression/batch_2_7357.png,https://pilotexp.s3.ca-central-1.amazonaws.com/cifar10/IMG_ORIGINAL/jpeg_compression/batch_2_7357.png,https://pilotexp.s3.ca-central-1.amazonaws.com/cifar10/IMG_TRANSFORMED/jpeg_compression/batch_2_7357.png,0,0,0
jpeg_compression/batch_5_460.png,https://pilotexp.s3.ca-central-1.amazonaws.com/cifar10/IMG_ORIGINAL/jpeg_compression/batch_5_460.png,https://pilotexp.s3.ca-central-1.amazonaws.com/cifar10/IMG_TRANSFORMED/jpeg_compression/batch_5_460.png,0,0,0
brightness/batch_1_2286.png,https://pilotexp.s3.ca-central-1.amazonaws.com/cifar10/IMG_ORIGINAL/brightness/batch_1_2286.png,https://pilotexp.s3.ca-central-1.amazonaws.com/cifar10/IMG_TRANSFORMED/brightness/batch_1_2286.png,1,1,0
contrast/batch_1_945.png,https://pilotexp.s3.ca-central-1.amazonaws.com/cifar10/IMG_ORIGINAL/contrast/batch_1_945.png,https://pilotexp.s3.ca-central-1.amazonaws.com/cifar10/IMG_TRANSFORMED/contrast/batch_1_945.png,0,0,0
contrast/batch_2_8515.png,https://pilotexp.s3.ca-central-1.amazonaws.com/cifar10/IMG_ORIGINAL/contrast/batch_2_8515.png,https://pilotexp.s3.ca-central-1.amazonaws.com/cifar10/IMG_TRANSFORMED/contrast/batch_2_8515.png,0,0,0
contrast/batch_5_878.png,https://pilotexp.s3.ca-central-1.amazonaws.com/cifar10/IMG_ORIGINAL/contrast/batch_5_878.png,https://pilotexp.s3.ca-central-1.amazonaws.com/cifar10/IMG_TRANSFORMED/contrast/batch_5_878.png,0,0,0
brightness/batch_5_1975.png,https://pilotexp.s3.ca-central-1.amazonaws.com/cifar10/IMG_ORIGINAL/brightness/batch_5_1975.png,https://pilotexp.s3.ca-central-1.amazonaws.com/cifar10/IMG_TRANSFORMED/brightness/batch_5_1975.png,0,0,0
frost/batch_5_1754.png,https://pilotexp.s3.ca-central-1.amazonaws.com/cifar10/IMG_ORIGINAL/frost/batch_5_1754.png,https://pilotexp.s3.ca-central-1.amazonaws.com/cifar10/IMG_TRANSFORMED/frost/batch_5_1754.png,0,0,0
contrast/batch_5_2398.png,https://pilotexp.s3.ca-central-1.amazonaws.com/cifar10/IMG_ORIGINAL/contrast/batch_5_2398.png,https://pilotexp.s3.ca-central-1.amazonaws.com/cifar10/IMG_TRANSFORMED/contrast/batch_5_2398.png,0,0,0
frost/batch_3_4775.png,https://pilotexp.s3.ca-central-1.amazonaws.com/cifar10/IMG_ORIGINAL/frost/batch_3_4775.png,https://pilotexp.s3.ca-central-1.amazonaws.com/cifar10/IMG_TRANSFORMED/frost/batch_3_4775.png,0,0,0
frost/batch_2_3849.png,https://pilotexp.s3.ca-central-1.amazonaws.com/cifar10/IMG_ORIGINAL/frost/batch_2_3849.png,https://pilotexp.s3.ca-central-1.amazonaws.com/cifar10/IMG_TRANSFORMED/frost/batch_2_3849.png,1,0,1
contrast/batch_4_18.png,https://pilotexp.s3.ca-central-1.amazonaws.com/cifar10/IMG_ORIGINAL/contrast/batch_4_18.png,https://pilotexp.s3.ca-central-1.amazonaws.com/cifar10/IMG_TRANSFORMED/contrast/batch_4_18.png,0,0,0
contrast/batch_3_8560.png,https://pilotexp.s3.ca-central-1.amazonaws.com/cifar10/IMG_ORIGINAL/contrast/batch_3_8560.png,https://pilotexp.s3.ca-central-1.amazonaws.com/cifar10/IMG_TRANSFORMED/contrast/batch_3_8560.png,1,1,0
brightness/batch_5_8235.png,https://pilotexp.s3.ca-central-1.amazonaws.com/cifar10/IMG_ORIGINAL/brightness/batch_5_8235.png,https://pilotexp.s3.ca-central-1.amazonaws.com/cifar10/IMG_TRANSFORMED/brightness/batch_5_8235.png,0,0,0
frost/batch_1_4150.png,https://pilotexp.s3.ca-central-1.amazonaws.com/cifar10/IMG_ORIGINAL/frost/batch_1_4150.png,https://pilotexp.s3.ca-central-1.amazonaws.com/cifar10/IMG_TRANSFORMED/frost/batch_1_4150.png,1,0,1
frost/batch_4_5820.png,https://pilotexp.s3.ca-central-1.amazonaws.com/cifar10/IMG_ORIGINAL/frost/batch_4_5820.png,https://pilotexp.s3.ca-central-1.amazonaws.com/cifar10/IMG_TRANSFORMED/frost/batch_4_5820.png,0,0,0
frost/batch_1_2597.png,https://pilotexp.s3.ca-central-1.amazonaws.com/cifar10/IMG_ORIGINAL/frost/batch_1_2597.png,https://pilotexp.s3.ca-central-1.amazonaws.com/cifar10/IMG_TRANSFORMED/frost/batch_1_2597.png,1,0,1
frost/batch_3_371.png,https://pilotexp.s3.ca-central-1.amazonaws.com/cifar10/IMG_ORIGINAL/frost/batch_3_371.png,https://pilotexp.s3.ca-central-1.amazonaws.com/cifar10/IMG_TRANSFORMED/frost/batch_3_371.png,0,0,0
jpeg_compression/batch_4_7052.png,https://pilotexp.s3.ca-central-1.amazonaws.com/cifar10/IMG_ORIGINAL/jpeg_compression/batch_4_7052.png,https://pilotexp.s3.ca-central-1.amazonaws.com/cifar10/IMG_TRANSFORMED/jpeg_compression/batch_4_7052.png,0,1,1
brightness/batch_2_6298.png,https://pilotexp.s3.ca-central-1.amazonaws.com/cifar10/IMG_ORIGINAL/brightness/batch_2_6298.png,https://pilotexp.s3.ca-central-1.amazonaws.com/cifar10/IMG_TRANSFORMED/brightness/batch_2_6298.png,0,0,0
contrast/batch_5_2290.png,https://pilotexp.s3.ca-central-1.amazonaws.com/cifar10/IMG_ORIGINAL/contrast/batch_5_2290.png,https://pilotexp.s3.ca-central-1.amazonaws.com/cifar10/IMG_TRANSFORMED/contrast/batch_5_2290.png,0,0,0
contrast/batch_3_9772.png,https://pilotexp.s3.ca-central-1.amazonaws.com/cifar10/IMG_ORIGINAL/contrast/batch_3_9772.png,https://pilotexp.s3.ca-central-1.amazonaws.com/cifar10/IMG_TRANSFORMED/contrast/batch_3_9772.png,0,0,0
frost/batch_3_381.png,https://pilotexp.s3.ca-central-1.amazonaws.com/cifar10/IMG_ORIGINAL/frost/batch_3_381.png,https://pilotexp.s3.ca-central-1.amazonaws.com/cifar10/IMG_TRANSFORMED/frost/batch_3_381.png,1,1,0
jpeg_compression/batch_4_8835.png,https://pilotexp.s3.ca-central-1.amazonaws.com/cifar10/IMG_ORIGINAL/jpeg_compression/batch_4_8835.png,https://pilotexp.s3.ca-central-1.amazonaws.com/cifar10/IMG_TRANSFORMED/jpeg_compression/batch_4_8835.png,0,1,1
jpeg_compression/batch_5_7380.png,https://pilotexp.s3.ca-central-1.amazonaws.com/cifar10/IMG_ORIGINAL/jpeg_compression/batch_5_7380.png,https://pilotexp.s3.ca-central-1.amazonaws.com/cifar10/IMG_TRANSFORMED/jpeg_compression/batch_5_7380.png,0,0,0
jpeg_compression/batch_4_6525.png,https://pilotexp.s3.ca-central-1.amazonaws.com/cifar10/IMG_ORIGINAL/jpeg_compression/batch_4_6525.png,https://pilotexp.s3.ca-central-1.amazonaws.com/cifar10/IMG_TRANSFORMED/jpeg_compression/batch_4_6525.png,0,0,0
jpeg_compression/batch_3_536.png,https://pilotexp.s3.ca-central-1.amazonaws.com/cifar10/IMG_ORIGINAL/jpeg_compression/batch_3_536.png,https://pilotexp.s3.ca-central-1.amazonaws.com/cifar10/IMG_TRANSFORMED/jpeg_compression/batch_3_536.png,1,1,0
contrast/batch_2_679.png,https://pilotexp.s3.ca-central-1.amazonaws.com/cifar10/IMG_ORIGINAL/contrast/batch_2_679.png,https://pilotexp.s3.ca-central-1.amazonaws.com/cifar10/IMG_TRANSFORMED/contrast/batch_2_679.png,1,1,0
contrast/batch_1_639.png,https://pilotexp.s3.ca-central-1.amazonaws.com/cifar10/IMG_ORIGINAL/contrast/batch_1_639.png,https://pilotexp.s3.ca-central-1.amazonaws.com/cifar10/IMG_TRANSFORMED/contrast/batch_1_639.png,0,0,0
frost/batch_3_949.png,https://pilotexp.s3.ca-central-1.amazonaws.com/cifar10/IMG_ORIGINAL/frost/batch_3_949.png,https://pilotexp.s3.ca-central-1.amazonaws.com/cifar10/IMG_TRANSFORMED/frost/batch_3_949.png,0,0,0
brightness/batch_1_3548.png,https://pilotexp.s3.ca-central-1.amazonaws.com/cifar10/IMG_ORIGINAL/brightness/batch_1_3548.png,https://pilotexp.s3.ca-central-1.amazonaws.com/cifar10/IMG_TRANSFORMED/brightness/batch_1_3548.png,0,0,0
jpeg_compression/batch_2_5236.png,https://pilotexp.s3.ca-central-1.amazonaws.com/cifar10/IMG_ORIGINAL/jpeg_compression/batch_2_5236.png,https://pilotexp.s3.ca-central-1.amazonaws.com/cifar10/IMG_TRANSFORMED/jpeg_compression/batch_2_5236.png,0,0,0
brightness/batch_5_4461.png,https://pilotexp.s3.ca-central-1.amazonaws.com/cifar10/IMG_ORIGINAL/brightness/batch_5_4461.png,https://pilotexp.s3.ca-central-1.amazonaws.com/cifar10/IMG_TRANSFORMED/brightness/batch_5_4461.png,0,0,0
contrast/batch_5_2599.png,https://pilotexp.s3.ca-central-1.amazonaws.com/cifar10/IMG_ORIGINAL/contrast/batch_5_2599.png,https://pilotexp.s3.ca-central-1.amazonaws.com/cifar10/IMG_TRANSFORMED/contrast/batch_5_2599.png,1,1,0
brightness/batch_2_9279.png,https://pilotexp.s3.ca-central-1.amazonaws.com/cifar10/IMG_ORIGINAL/brightness/batch_2_9279.png,https://pilotexp.s3.ca-central-1.amazonaws.com/cifar10/IMG_TRANSFORMED/brightness/batch_2_9279.png,1,1,0
frost/batch_3_6401.png,https://pilotexp.s3.ca-central-1.amazonaws.com/cifar10/IMG_ORIGINAL/frost/batch_3_6401.png,https://pilotexp.s3.ca-central-1.amazonaws.com/cifar10/IMG_TRANSFORMED/frost/batch_3_6401.png,0,1,1
frost/batch_3_6175.png,https://pilotexp.s3.ca-central-1.amazonaws.com/cifar10/IMG_ORIGINAL/frost/batch_3_6175.png,https://pilotexp.s3.ca-central-1.amazonaws.com/cifar10/IMG_TRANSFORMED/frost/batch_3_6175.png,0,0,0
contrast/batch_4_2768.png,https://pilotexp.s3.ca-central-1.amazonaws.com/cifar10/IMG_ORIGINAL/contrast/batch_4_2768.png,https://pilotexp.s3.ca-central-1.amazonaws.com/cifar10/IMG_TRANSFORMED/contrast/batch_4_2768.png,0,0,0
contrast/batch_3_4620.png,https://pilotexp.s3.ca-central-1.amazonaws.com/cifar10/IMG_ORIGINAL/contrast/batch_3_4620.png,https://pilotexp.s3.ca-central-1.amazonaws.com/cifar10/IMG_TRANSFORMED/contrast/batch_3_4620.png,1,1,0
contrast/batch_4_7930.png,https://pilotexp.s3.ca-central-1.amazonaws.com/cifar10/IMG_ORIGINAL/contrast/batch_4_7930.png,https://pilotexp.s3.ca-central-1.amazonaws.com/cifar10/IMG_TRANSFORMED/contrast/batch_4_7930.png,0,0,0
contrast/batch_2_5789.png,https://pilotexp.s3.ca-central-1.amazonaws.com/cifar10/IMG_ORIGINAL/contrast/batch_2_5789.png,https://pilotexp.s3.ca-central-1.amazonaws.com/cifar10/IMG_TRANSFORMED/contrast/batch_2_5789.png,0,0,0
jpeg_compression/batch_4_4214.png,https://pilotexp.s3.ca-central-1.amazonaws.com/cifar10/IMG_ORIGINAL/jpeg_compression/batch_4_4214.png,https://pilotexp.s3.ca-central-1.amazonaws.com/cifar10/IMG_TRANSFORMED/jpeg_compression/batch_4_4214.png,1,1,0
brightness/batch_3_4332.png,https://pilotexp.s3.ca-central-1.amazonaws.com/cifar10/IMG_ORIGINAL/brightness/batch_3_4332.png,https://pilotexp.s3.ca-central-1.amazonaws.com/cifar10/IMG_TRANSFORMED/brightness/batch_3_4332.png,0,0,0
frost/batch_5_5855.png,https://pilotexp.s3.ca-central-1.amazonaws.com/cifar10/IMG_ORIGINAL/frost/batch_5_5855.png,https://pilotexp.s3.ca-central-1.amazonaws.com/cifar10/IMG_TRANSFORMED/frost/batch_5_5855.png,0,0,0
brightness/batch_3_3977.png,https://pilotexp.s3.ca-central-1.amazonaws.com/cifar10/IMG_ORIGINAL/brightness/batch_3_3977.png,https://pilotexp.s3.ca-central-1.amazonaws.com/cifar10/IMG_TRANSFORMED/brightness/batch_3_3977.png,0,0,0
frost/batch_2_5144.png,https://pilotexp.s3.ca-central-1.amazonaws.com/cifar10/IMG_ORIGINAL/frost/batch_2_5144.png,https://pilotexp.s3.ca-central-1.amazonaws.com/cifar10/IMG_TRANSFORMED/frost/batch_2_5144.png,0,0,0
brightness/batch_2_4001.png,https://pilotexp.s3.ca-central-1.amazonaws.com/cifar10/IMG_ORIGINAL/brightness/batch_2_4001.png,https://pilotexp.s3.ca-central-1.amazonaws.com/cifar10/IMG_TRANSFORMED/brightness/batch_2_4001.png,0,0,0
jpeg_compression/batch_1_9547.png,https://pilotexp.s3.ca-central-1.amazonaws.com/cifar10/IMG_ORIGINAL/jpeg_compression/batch_1_9547.png,https://pilotexp.s3.ca-central-1.amazonaws.com/cifar10/IMG_TRANSFORMED/jpeg_compression/batch_1_9547.png,0,0,0
brightness/batch_4_4898.png,https://pilotexp.s3.ca-central-1.amazonaws.com/cifar10/IMG_ORIGINAL/brightness/batch_4_4898.png,https://pilotexp.s3.ca-central-1.amazonaws.com/cifar10/IMG_TRANSFORMED/brightness/batch_4_4898.png,0,0,0
jpeg_compression/batch_2_4561.png,https://pilotexp.s3.ca-central-1.amazonaws.com/cifar10/IMG_ORIGINAL/jpeg_compression/batch_2_4561.png,https://pilotexp.s3.ca-central-1.amazonaws.com/cifar10/IMG_TRANSFORMED/jpeg_compression/batch_2_4561.png,0,0,0
jpeg_compression/batch_2_8730.png,https://pilotexp.s3.ca-central-1.amazonaws.com/cifar10/IMG_ORIGINAL/jpeg_compression/batch_2_8730.png,https://pilotexp.s3.ca-central-1.amazonaws.com/cifar10/IMG_TRANSFORMED/jpeg_compression/batch_2_8730.png,0,0,0
jpeg_compression/batch_3_2765.png,https://pilotexp.s3.ca-central-1.amazonaws.com/cifar10/IMG_ORIGINAL/jpeg_compression/batch_3_2765.png,https://pilotexp.s3.ca-central-1.amazonaws.com/cifar10/IMG_TRANSFORMED/jpeg_compression/batch_3_2765.png,0,0,0
contrast/batch_4_3537.png,https://pilotexp.s3.ca-central-1.amazonaws.com/cifar10/IMG_ORIGINAL/contrast/batch_4_3537.png,https://pilotexp.s3.ca-central-1.amazonaws.com/cifar10/IMG_TRANSFORMED/contrast/batch_4_3537.png,0,0,0
contrast/batch_1_9458.png,https://pilotexp.s3.ca-central-1.amazonaws.com/cifar10/IMG_ORIGINAL/contrast/batch_1_9458.png,https://pilotexp.s3.ca-central-1.amazonaws.com/cifar10/IMG_TRANSFORMED/contrast/batch_1_9458.png,0,0,0
jpeg_compression/batch_1_4215.png,https://pilotexp.s3.ca-central-1.amazonaws.com/cifar10/IMG_ORIGINAL/jpeg_compression/batch_1_4215.png,https://pilotexp.s3.ca-central-1.amazonaws.com/cifar10/IMG_TRANSFORMED/jpeg_compression/batch_1_4215.png,1,1,0
frost/batch_1_8780.png,https://pilotexp.s3.ca-central-1.amazonaws.com/cifar10/IMG_ORIGINAL/frost/batch_1_8780.png,https://pilotexp.s3.ca-central-1.amazonaws.com/cifar10/IMG_TRANSFORMED/frost/batch_1_8780.png,0,0,0
brightness/batch_2_1633.png,https://pilotexp.s3.ca-central-1.amazonaws.com/cifar10/IMG_ORIGINAL/brightness/batch_2_1633.png,https://pilotexp.s3.ca-central-1.amazonaws.com/cifar10/IMG_TRANSFORMED/brightness/batch_2_1633.png,0,0,0
frost/batch_2_3527.png,https://pilotexp.s3.ca-central-1.amazonaws.com/cifar10/IMG_ORIGINAL/frost/batch_2_3527.png,https://pilotexp.s3.ca-central-1.amazonaws.com/cifar10/IMG_TRANSFORMED/frost/batch_2_3527.png,0,0,0
jpeg_compression/batch_5_8317.png,https://pilotexp.s3.ca-central-1.amazonaws.com/cifar10/IMG_ORIGINAL/jpeg_compression/batch_5_8317.png,https://pilotexp.s3.ca-central-1.amazonaws.com/cifar10/IMG_TRANSFORMED/jpeg_compression/batch_5_8317.png,0,0,0
jpeg_compression/batch_4_163.png,https://pilotexp.s3.ca-central-1.amazonaws.com/cifar10/IMG_ORIGINAL/jpeg_compression/batch_4_163.png,https://pilotexp.s3.ca-central-1.amazonaws.com/cifar10/IMG_TRANSFORMED/jpeg_compression/batch_4_163.png,0,0,0
brightness/batch_1_4730.png,https://pilotexp.s3.ca-central-1.amazonaws.com/cifar10/IMG_ORIGINAL/brightness/batch_1_4730.png,https://pilotexp.s3.ca-central-1.amazonaws.com/cifar10/IMG_TRANSFORMED/brightness/batch_1_4730.png,0,0,0
brightness/batch_4_3678.png,https://pilotexp.s3.ca-central-1.amazonaws.com/cifar10/IMG_ORIGINAL/brightness/batch_4_3678.png,https://pilotexp.s3.ca-central-1.amazonaws.com/cifar10/IMG_TRANSFORMED/brightness/batch_4_3678.png,0,0,0
frost/batch_2_7755.png,https://pilotexp.s3.ca-central-1.amazonaws.com/cifar10/IMG_ORIGINAL/frost/batch_2_7755.png,https://pilotexp.s3.ca-central-1.amazonaws.com/cifar10/IMG_TRANSFORMED/frost/batch_2_7755.png,1,0,1
contrast/batch_3_5395.png,https://pilotexp.s3.ca-central-1.amazonaws.com/cifar10/IMG_ORIGINAL/contrast/batch_3_5395.png,https://pilotexp.s3.ca-central-1.amazonaws.com/cifar10/IMG_TRANSFORMED/contrast/batch_3_5395.png,0,0,0
contrast/batch_4_3738.png,https://pilotexp.s3.ca-central-1.amazonaws.com/cifar10/IMG_ORIGINAL/contrast/batch_4_3738.png,https://pilotexp.s3.ca-central-1.amazonaws.com/cifar10/IMG_TRANSFORMED/contrast/batch_4_3738.png,0,0,0
jpeg_compression/batch_3_2163.png,https://pilotexp.s3.ca-central-1.amazonaws.com/cifar10/IMG_ORIGINAL/jpeg_compression/batch_3_2163.png,https://pilotexp.s3.ca-central-1.amazonaws.com/cifar10/IMG_TRANSFORMED/jpeg_compression/batch_3_2163.png,1,1,0
jpeg_compression/batch_4_8335.png,https://pilotexp.s3.ca-central-1.amazonaws.com/cifar10/IMG_ORIGINAL/jpeg_compression/batch_4_8335.png,https://pilotexp.s3.ca-central-1.amazonaws.com/cifar10/IMG_TRANSFORMED/jpeg_compression/batch_4_8335.png,0,0,0
frost/batch_2_4113.png,https://pilotexp.s3.ca-central-1.amazonaws.com/cifar10/IMG_ORIGINAL/frost/batch_2_4113.png,https://pilotexp.s3.ca-central-1.amazonaws.com/cifar10/IMG_TRANSFORMED/frost/batch_2_4113.png,0,0,0
jpeg_compression/batch_3_3654.png,https://pilotexp.s3.ca-central-1.amazonaws.com/cifar10/IMG_ORIGINAL/jpeg_compression/batch_3_3654.png,https://pilotexp.s3.ca-central-1.amazonaws.com/cifar10/IMG_TRANSFORMED/jpeg_compression/batch_3_3654.png,0,0,0
jpeg_compression/batch_1_9859.png,https://pilotexp.s3.ca-central-1.amazonaws.com/cifar10/IMG_ORIGINAL/jpeg_compression/batch_1_9859.png,https://pilotexp.s3.ca-central-1.amazonaws.com/cifar10/IMG_TRANSFORMED/jpeg_compression/batch_1_9859.png,0,0,0
jpeg_compression/batch_1_9752.png,https://pilotexp.s3.ca-central-1.amazonaws.com/cifar10/IMG_ORIGINAL/jpeg_compression/batch_1_9752.png,https://pilotexp.s3.ca-central-1.amazonaws.com/cifar10/IMG_TRANSFORMED/jpeg_compression/batch_1_9752.png,0,0,0
contrast/batch_3_6781.png,https://pilotexp.s3.ca-central-1.amazonaws.com/cifar10/IMG_ORIGINAL/contrast/batch_3_6781.png,https://pilotexp.s3.ca-central-1.amazonaws.com/cifar10/IMG_TRANSFORMED/contrast/batch_3_6781.png,0,0,0
contrast/batch_2_8456.png,https://pilotexp.s3.ca-central-1.amazonaws.com/cifar10/IMG_ORIGINAL/contrast/batch_2_8456.png,https://pilotexp.s3.ca-central-1.amazonaws.com/cifar10/IMG_TRANSFORMED/contrast/batch_2_8456.png,1,1,0
brightness/batch_1_3762.png,https://pilotexp.s3.ca-central-1.amazonaws.com/cifar10/IMG_ORIGINAL/brightness/batch_1_3762.png,https://pilotexp.s3.ca-central-1.amazonaws.com/cifar10/IMG_TRANSFORMED/brightness/batch_1_3762.png,0,0,0
jpeg_compression/batch_1_98.png,https://pilotexp.s3.ca-central-1.amazonaws.com/cifar10/IMG_ORIGINAL/jpeg_compression/batch_1_98.png,https://pilotexp.s3.ca-central-1.amazonaws.com/cifar10/IMG_TRANSFORMED/jpeg_compression/batch_1_98.png,0,0,0
brightness/batch_4_4341.png,https://pilotexp.s3.ca-central-1.amazonaws.com/cifar10/IMG_ORIGINAL/brightness/batch_4_4341.png,https://pilotexp.s3.ca-central-1.amazonaws.com/cifar10/IMG_TRANSFORMED/brightness/batch_4_4341.png,0,0,0
brightness/batch_3_1466.png,https://pilotexp.s3.ca-central-1.amazonaws.com/cifar10/IMG_ORIGINAL/brightness/batch_3_1466.png,https://pilotexp.s3.ca-central-1.amazonaws.com/cifar10/IMG_TRANSFORMED/brightness/batch_3_1466.png,0,0,0
frost/batch_5_2822.png,https://pilotexp.s3.ca-central-1.amazonaws.com/cifar10/IMG_ORIGINAL/frost/batch_5_2822.png,https://pilotexp.s3.ca-central-1.amazonaws.com/cifar10/IMG_TRANSFORMED/frost/batch_5_2822.png,0,0,0
brightness/batch_2_5570.png,https://pilotexp.s3.ca-central-1.amazonaws.com/cifar10/IMG_ORIGINAL/brightness/batch_2_5570.png,https://pilotexp.s3.ca-central-1.amazonaws.com/cifar10/IMG_TRANSFORMED/brightness/batch_2_5570.png,1,0,1
contrast/batch_4_2292.png,https://pilotexp.s3.ca-central-1.amazonaws.com/cifar10/IMG_ORIGINAL/contrast/batch_4_2292.png,https://pilotexp.s3.ca-central-1.amazonaws.com/cifar10/IMG_TRANSFORMED/contrast/batch_4_2292.png,1,0,0
frost/batch_2_6205.png,https://pilotexp.s3.ca-central-1.amazonaws.com/cifar10/IMG_ORIGINAL/frost/batch_2_6205.png,https://pilotexp.s3.ca-central-1.amazonaws.com/cifar10/IMG_TRANSFORMED/frost/batch_2_6205.png,1,0,0
brightness/batch_5_7560.png,https://pilotexp.s3.ca-central-1.amazonaws.com/cifar10/IMG_ORIGINAL/brightness/batch_5_7560.png,https://pilotexp.s3.ca-central-1.amazonaws.com/cifar10/IMG_TRANSFORMED/brightness/batch_5_7560.png,0,0,0
contrast/batch_1_1337.png,https://pilotexp.s3.ca-central-1.amazonaws.com/cifar10/IMG_ORIGINAL/contrast/batch_1_1337.png,https://pilotexp.s3.ca-central-1.amazonaws.com/cifar10/IMG_TRANSFORMED/contrast/batch_1_1337.png,0,0,0
jpeg_compression/batch_3_1011.png,https://pilotexp.s3.ca-central-1.amazonaws.com/cifar10/IMG_ORIGINAL/jpeg_compression/batch_3_1011.png,https://pilotexp.s3.ca-central-1.amazonaws.com/cifar10/IMG_TRANSFORMED/jpeg_compression/batch_3_1011.png,0,0,0
contrast/batch_2_1702.png,https://pilotexp.s3.ca-central-1.amazonaws.com/cifar10/IMG_ORIGINAL/contrast/batch_2_1702.png,https://pilotexp.s3.ca-central-1.amazonaws.com/cifar10/IMG_TRANSFORMED/contrast/batch_2_1702.png,1,1,0
contrast/batch_2_6476.png,https://pilotexp.s3.ca-central-1.amazonaws.com/cifar10/IMG_ORIGINAL/contrast/batch_2_6476.png,https://pilotexp.s3.ca-central-1.amazonaws.com/cifar10/IMG_TRANSFORMED/contrast/batch_2_6476.png,0,0,0
frost/batch_2_831.png,https://pilotexp.s3.ca-central-1.amazonaws.com/cifar10/IMG_ORIGINAL/frost/batch_2_831.png,https://pilotexp.s3.ca-central-1.amazonaws.com/cifar10/IMG_TRANSFORMED/frost/batch_2_831.png,0,0,0
contrast/batch_3_7666.png,https://pilotexp.s3.ca-central-1.amazonaws.com/cifar10/IMG_ORIGINAL/contrast/batch_3_7666.png,https://pilotexp.s3.ca-central-1.amazonaws.com/cifar10/IMG_TRANSFORMED/contrast/batch_3_7666.png,0,0,0
frost/batch_4_7639.png,https://pilotexp.s3.ca-central-1.amazonaws.com/cifar10/IMG_ORIGINAL/frost/batch_4_7639.png,https://pilotexp.s3.ca-central-1.amazonaws.com/cifar10/IMG_TRANSFORMED/frost/batch_4_7639.png,0,0,0
frost/batch_1_6497.png,https://pilotexp.s3.ca-central-1.amazonaws.com/cifar10/IMG_ORIGINAL/frost/batch_1_6497.png,https://pilotexp.s3.ca-central-1.amazonaws.com/cifar10/IMG_TRANSFORMED/frost/batch_1_6497.png,0,0,0
jpeg_compression/batch_1_3387.png,https://pilotexp.s3.ca-central-1.amazonaws.com/cifar10/IMG_ORIGINAL/jpeg_compression/batch_1_3387.png,https://pilotexp.s3.ca-central-1.amazonaws.com/cifar10/IMG_TRANSFORMED/jpeg_compression/batch_1_3387.png,1,1,0
frost/batch_1_3579.png,https://pilotexp.s3.ca-central-1.amazonaws.com/cifar10/IMG_ORIGINAL/frost/batch_1_3579.png,https://pilotexp.s3.ca-central-1.amazonaws.com/cifar10/IMG_TRANSFORMED/frost/batch_1_3579.png,0,0,0
contrast/batch_4_2540.png,https://pilotexp.s3.ca-central-1.amazonaws.com/cifar10/IMG_ORIGINAL/contrast/batch_4_2540.png,https://pilotexp.s3.ca-central-1.amazonaws.com/cifar10/IMG_TRANSFORMED/contrast/batch_4_2540.png,0,0,0
frost/batch_2_4486.png,https://pilotexp.s3.ca-central-1.amazonaws.com/cifar10/IMG_ORIGINAL/frost/batch_2_4486.png,https://pilotexp.s3.ca-central-1.amazonaws.com/cifar10/IMG_TRANSFORMED/frost/batch_2_4486.png,0,0,0
brightness/batch_3_7073.png,https://pilotexp.s3.ca-central-1.amazonaws.com/cifar10/IMG_ORIGINAL/brightness/batch_3_7073.png,https://pilotexp.s3.ca-central-1.amazonaws.com/cifar10/IMG_TRANSFORMED/brightness/batch_3_7073.png,1,1,0
frost/batch_3_9765.png,https://pilotexp.s3.ca-central-1.amazonaws.com/cifar10/IMG_ORIGINAL/frost/batch_3_9765.png,https://pilotexp.s3.ca-central-1.amazonaws.com/cifar10/IMG_TRANSFORMED/frost/batch_3_9765.png,1,1,0
jpeg_compression/batch_2_313.png,https://pilotexp.s3.ca-central-1.amazonaws.com/cifar10/IMG_ORIGINAL/jpeg_compression/batch_2_313.png,https://pilotexp.s3.ca-central-1.amazonaws.com/cifar10/IMG_TRANSFORMED/jpeg_compression/batch_2_313.png,0,0,0
brightness/batch_1_9986.png,https://pilotexp.s3.ca-central-1.amazonaws.com/cifar10/IMG_ORIGINAL/brightness/batch_1_9986.png,https://pilotexp.s3.ca-central-1.amazonaws.com/cifar10/IMG_TRANSFORMED/brightness/batch_1_9986.png,0,0,0
contrast/batch_2_741.png,https://pilotexp.s3.ca-central-1.amazonaws.com/cifar10/IMG_ORIGINAL/contrast/batch_2_741.png,https://pilotexp.s3.ca-central-1.amazonaws.com/cifar10/IMG_TRANSFORMED/contrast/batch_2_741.png,0,0,0
brightness/batch_1_4344.png,https://pilotexp.s3.ca-central-1.amazonaws.com/cifar10/IMG_ORIGINAL/brightness/batch_1_4344.png,https://pilotexp.s3.ca-central-1.amazonaws.com/cifar10/IMG_TRANSFORMED/brightness/batch_1_4344.png,1,0,1
contrast/batch_5_6679.png,https://pilotexp.s3.ca-central-1.amazonaws.com/cifar10/IMG_ORIGINAL/contrast/batch_5_6679.png,https://pilotexp.s3.ca-central-1.amazonaws.com/cifar10/IMG_TRANSFORMED/contrast/batch_5_6679.png,1,0,1
jpeg_compression/batch_1_1366.png,https://pilotexp.s3.ca-central-1.amazonaws.com/cifar10/IMG_ORIGINAL/jpeg_compression/batch_1_1366.png,https://pilotexp.s3.ca-central-1.amazonaws.com/cifar10/IMG_TRANSFORMED/jpeg_compression/batch_1_1366.png,0,0,0
jpeg_compression/batch_5_9464.png,https://pilotexp.s3.ca-central-1.amazonaws.com/cifar10/IMG_ORIGINAL/jpeg_compression/batch_5_9464.png,https://pilotexp.s3.ca-central-1.amazonaws.com/cifar10/IMG_TRANSFORMED/jpeg_compression/batch_5_9464.png,0,1,1
jpeg_compression/batch_4_4579.png,https://pilotexp.s3.ca-central-1.amazonaws.com/cifar10/IMG_ORIGINAL/jpeg_compression/batch_4_4579.png,https://pilotexp.s3.ca-central-1.amazonaws.com/cifar10/IMG_TRANSFORMED/jpeg_compression/batch_4_4579.png,0,0,0
brightness/batch_5_1187.png,https://pilotexp.s3.ca-central-1.amazonaws.com/cifar10/IMG_ORIGINAL/brightness/batch_5_1187.png,https://pilotexp.s3.ca-central-1.amazonaws.com/cifar10/IMG_TRANSFORMED/brightness/batch_5_1187.png,0,1,1
frost/batch_2_9096.png,https://pilotexp.s3.ca-central-1.amazonaws.com/cifar10/IMG_ORIGINAL/frost/batch_2_9096.png,https://pilotexp.s3.ca-central-1.amazonaws.com/cifar10/IMG_TRANSFORMED/frost/batch_2_9096.png,0,0,0
frost/batch_3_5756.png,https://pilotexp.s3.ca-central-1.amazonaws.com/cifar10/IMG_ORIGINAL/frost/batch_3_5756.png,https://pilotexp.s3.ca-central-1.amazonaws.com/cifar10/IMG_TRANSFORMED/frost/batch_3_5756.png,0,0,0
brightness/batch_3_4873.png,https://pilotexp.s3.ca-central-1.amazonaws.com/cifar10/IMG_ORIGINAL/brightness/batch_3_4873.png,https://pilotexp.s3.ca-central-1.amazonaws.com/cifar10/IMG_TRANSFORMED/brightness/batch_3_4873.png,1,1,0
jpeg_compression/batch_1_3357.png,https://pilotexp.s3.ca-central-1.amazonaws.com/cifar10/IMG_ORIGINAL/jpeg_compression/batch_1_3357.png,https://pilotexp.s3.ca-central-1.amazonaws.com/cifar10/IMG_TRANSFORMED/jpeg_compression/batch_1_3357.png,0,1,1
contrast/batch_3_4834.png,https://pilotexp.s3.ca-central-1.amazonaws.com/cifar10/IMG_ORIGINAL/contrast/batch_3_4834.png,https://pilotexp.s3.ca-central-1.amazonaws.com/cifar10/IMG_TRANSFORMED/contrast/batch_3_4834.png,0,0,0
jpeg_compression/batch_5_8062.png,https://pilotexp.s3.ca-central-1.amazonaws.com/cifar10/IMG_ORIGINAL/jpeg_compression/batch_5_8062.png,https://pilotexp.s3.ca-central-1.amazonaws.com/cifar10/IMG_TRANSFORMED/jpeg_compression/batch_5_8062.png,0,0,0
jpeg_compression/batch_4_3301.png,https://pilotexp.s3.ca-central-1.amazonaws.com/cifar10/IMG_ORIGINAL/jpeg_compression/batch_4_3301.png,https://pilotexp.s3.ca-central-1.amazonaws.com/cifar10/IMG_TRANSFORMED/jpeg_compression/batch_4_3301.png,0,1,1
brightness/batch_3_9519.png,https://pilotexp.s3.ca-central-1.amazonaws.com/cifar10/IMG_ORIGINAL/brightness/batch_3_9519.png,https://pilotexp.s3.ca-central-1.amazonaws.com/cifar10/IMG_TRANSFORMED/brightness/batch_3_9519.png,1,1,0
jpeg_compression/batch_2_5696.png,https://pilotexp.s3.ca-central-1.amazonaws.com/cifar10/IMG_ORIGINAL/jpeg_compression/batch_2_5696.png,https://pilotexp.s3.ca-central-1.amazonaws.com/cifar10/IMG_TRANSFORMED/jpeg_compression/batch_2_5696.png,0,1,1
jpeg_compression/batch_5_2073.png,https://pilotexp.s3.ca-central-1.amazonaws.com/cifar10/IMG_ORIGINAL/jpeg_compression/batch_5_2073.png,https://pilotexp.s3.ca-central-1.amazonaws.com/cifar10/IMG_TRANSFORMED/jpeg_compression/batch_5_2073.png,0,0,0
jpeg_compression/batch_3_6267.png,https://pilotexp.s3.ca-central-1.amazonaws.com/cifar10/IMG_ORIGINAL/jpeg_compression/batch_3_6267.png,https://pilotexp.s3.ca-central-1.amazonaws.com/cifar10/IMG_TRANSFORMED/jpeg_compression/batch_3_6267.png,1,1,0
brightness/batch_1_7012.png,https://pilotexp.s3.ca-central-1.amazonaws.com/cifar10/IMG_ORIGINAL/brightness/batch_1_7012.png,https://pilotexp.s3.ca-central-1.amazonaws.com/cifar10/IMG_TRANSFORMED/brightness/batch_1_7012.png,0,0,0
contrast/batch_5_6946.png,https://pilotexp.s3.ca-central-1.amazonaws.com/cifar10/IMG_ORIGINAL/contrast/batch_5_6946.png,https://pilotexp.s3.ca-central-1.amazonaws.com/cifar10/IMG_TRANSFORMED/contrast/batch_5_6946.png,0,0,0
contrast/batch_4_7891.png,https://pilotexp.s3.ca-central-1.amazonaws.com/cifar10/IMG_ORIGINAL/contrast/batch_4_7891.png,https://pilotexp.s3.ca-central-1.amazonaws.com/cifar10/IMG_TRANSFORMED/contrast/batch_4_7891.png,0,0,0
frost/batch_5_8276.png,https://pilotexp.s3.ca-central-1.amazonaws.com/cifar10/IMG_ORIGINAL/frost/batch_5_8276.png,https://pilotexp.s3.ca-central-1.amazonaws.com/cifar10/IMG_TRANSFORMED/frost/batch_5_8276.png,1,1,0
frost/batch_4_1382.png,https://pilotexp.s3.ca-central-1.amazonaws.com/cifar10/IMG_ORIGINAL/frost/batch_4_1382.png,https://pilotexp.s3.ca-central-1.amazonaws.com/cifar10/IMG_TRANSFORMED/frost/batch_4_1382.png,0,0,0
frost/batch_2_2134.png,https://pilotexp.s3.ca-central-1.amazonaws.com/cifar10/IMG_ORIGINAL/frost/batch_2_2134.png,https://pilotexp.s3.ca-central-1.amazonaws.com/cifar10/IMG_TRANSFORMED/frost/batch_2_2134.png,0,0,0
contrast/batch_4_1786.png,https://pilotexp.s3.ca-central-1.amazonaws.com/cifar10/IMG_ORIGINAL/contrast/batch_4_1786.png,https://pilotexp.s3.ca-central-1.amazonaws.com/cifar10/IMG_TRANSFORMED/contrast/batch_4_1786.png,1,0,0
contrast/batch_5_5840.png,https://pilotexp.s3.ca-central-1.amazonaws.com/cifar10/IMG_ORIGINAL/contrast/batch_5_5840.png,https://pilotexp.s3.ca-central-1.amazonaws.com/cifar10/IMG_TRANSFORMED/contrast/batch_5_5840.png,1,1,0
contrast/batch_5_2842.png,https://pilotexp.s3.ca-central-1.amazonaws.com/cifar10/IMG_ORIGINAL/contrast/batch_5_2842.png,https://pilotexp.s3.ca-central-1.amazonaws.com/cifar10/IMG_TRANSFORMED/contrast/batch_5_2842.png,0,0,0
brightness/batch_3_7843.png,https://pilotexp.s3.ca-central-1.amazonaws.com/cifar10/IMG_ORIGINAL/brightness/batch_3_7843.png,https://pilotexp.s3.ca-central-1.amazonaws.com/cifar10/IMG_TRANSFORMED/brightness/batch_3_7843.png,0,0,0
brightness/batch_4_1785.png,https://pilotexp.s3.ca-central-1.amazonaws.com/cifar10/IMG_ORIGINAL/brightness/batch_4_1785.png,https://pilotexp.s3.ca-central-1.amazonaws.com/cifar10/IMG_TRANSFORMED/brightness/batch_4_1785.png,0,0,0
brightness/batch_2_7127.png,https://pilotexp.s3.ca-central-1.amazonaws.com/cifar10/IMG_ORIGINAL/brightness/batch_2_7127.png,https://pilotexp.s3.ca-central-1.amazonaws.com/cifar10/IMG_TRANSFORMED/brightness/batch_2_7127.png,0,0,0
contrast/batch_2_710.png,https://pilotexp.s3.ca-central-1.amazonaws.com/cifar10/IMG_ORIGINAL/contrast/batch_2_710.png,https://pilotexp.s3.ca-central-1.amazonaws.com/cifar10/IMG_TRANSFORMED/contrast/batch_2_710.png,0,0,0
brightness/batch_1_1355.png,https://pilotexp.s3.ca-central-1.amazonaws.com/cifar10/IMG_ORIGINAL/brightness/batch_1_1355.png,https://pilotexp.s3.ca-central-1.amazonaws.com/cifar10/IMG_TRANSFORMED/brightness/batch_1_1355.png,0,0,0
brightness/batch_3_4224.png,https://pilotexp.s3.ca-central-1.amazonaws.com/cifar10/IMG_ORIGINAL/brightness/batch_3_4224.png,https://pilotexp.s3.ca-central-1.amazonaws.com/cifar10/IMG_TRANSFORMED/brightness/batch_3_4224.png,1,1,0
brightness/batch_3_7249.png,https://pilotexp.s3.ca-central-1.amazonaws.com/cifar10/IMG_ORIGINAL/brightness/batch_3_7249.png,https://pilotexp.s3.ca-central-1.amazonaws.com/cifar10/IMG_TRANSFORMED/brightness/batch_3_7249.png,1,0,1
jpeg_compression/batch_1_7137.png,https://pilotexp.s3.ca-central-1.amazonaws.com/cifar10/IMG_ORIGINAL/jpeg_compression/batch_1_7137.png,https://pilotexp.s3.ca-central-1.amazonaws.com/cifar10/IMG_TRANSFORMED/jpeg_compression/batch_1_7137.png,0,0,0
frost/batch_3_6898.png,https://pilotexp.s3.ca-central-1.amazonaws.com/cifar10/IMG_ORIGINAL/frost/batch_3_6898.png,https://pilotexp.s3.ca-central-1.amazonaws.com/cifar10/IMG_TRANSFORMED/frost/batch_3_6898.png,0,1,1
frost/batch_2_1135.png,https://pilotexp.s3.ca-central-1.amazonaws.com/cifar10/IMG_ORIGINAL/frost/batch_2_1135.png,https://pilotexp.s3.ca-central-1.amazonaws.com/cifar10/IMG_TRANSFORMED/frost/batch_2_1135.png,0,0,0
contrast/batch_3_7250.png,https://pilotexp.s3.ca-central-1.amazonaws.com/cifar10/IMG_ORIGINAL/contrast/batch_3_7250.png,https://pilotexp.s3.ca-central-1.amazonaws.com/cifar10/IMG_TRANSFORMED/contrast/batch_3_7250.png,0,0,0
contrast/batch_2_7790.png,https://pilotexp.s3.ca-central-1.amazonaws.com/cifar10/IMG_ORIGINAL/contrast/batch_2_7790.png,https://pilotexp.s3.ca-central-1.amazonaws.com/cifar10/IMG_TRANSFORMED/contrast/batch_2_7790.png,0,0,0
contrast/batch_4_8920.png,https://pilotexp.s3.ca-central-1.amazonaws.com/cifar10/IMG_ORIGINAL/contrast/batch_4_8920.png,https://pilotexp.s3.ca-central-1.amazonaws.com/cifar10/IMG_TRANSFORMED/contrast/batch_4_8920.png,0,0,0
contrast/batch_1_4990.png,https://pilotexp.s3.ca-central-1.amazonaws.com/cifar10/IMG_ORIGINAL/contrast/batch_1_4990.png,https://pilotexp.s3.ca-central-1.amazonaws.com/cifar10/IMG_TRANSFORMED/contrast/batch_1_4990.png,0,0,0
frost/batch_2_8085.png,https://pilotexp.s3.ca-central-1.amazonaws.com/cifar10/IMG_ORIGINAL/frost/batch_2_8085.png,https://pilotexp.s3.ca-central-1.amazonaws.com/cifar10/IMG_TRANSFORMED/frost/batch_2_8085.png,0,0,0
contrast/batch_5_5483.png,https://pilotexp.s3.ca-central-1.amazonaws.com/cifar10/IMG_ORIGINAL/contrast/batch_5_5483.png,https://pilotexp.s3.ca-central-1.amazonaws.com/cifar10/IMG_TRANSFORMED/contrast/batch_5_5483.png,1,0,1
contrast/batch_5_1642.png,https://pilotexp.s3.ca-central-1.amazonaws.com/cifar10/IMG_ORIGINAL/contrast/batch_5_1642.png,https://pilotexp.s3.ca-central-1.amazonaws.com/cifar10/IMG_TRANSFORMED/contrast/batch_5_1642.png,0,0,0
frost/batch_1_5880.png,https://pilotexp.s3.ca-central-1.amazonaws.com/cifar10/IMG_ORIGINAL/frost/batch_1_5880.png,https://pilotexp.s3.ca-central-1.amazonaws.com/cifar10/IMG_TRANSFORMED/frost/batch_1_5880.png,0,0,0
contrast/batch_4_8700.png,https://pilotexp.s3.ca-central-1.amazonaws.com/cifar10/IMG_ORIGINAL/contrast/batch_4_8700.png,https://pilotexp.s3.ca-central-1.amazonaws.com/cifar10/IMG_TRANSFORMED/contrast/batch_4_8700.png,0,0,0
brightness/batch_4_7349.png,https://pilotexp.s3.ca-central-1.amazonaws.com/cifar10/IMG_ORIGINAL/brightness/batch_4_7349.png,https://pilotexp.s3.ca-central-1.amazonaws.com/cifar10/IMG_TRANSFORMED/brightness/batch_4_7349.png,1,0,1
brightness/batch_4_3113.png,https://pilotexp.s3.ca-central-1.amazonaws.com/cifar10/IMG_ORIGINAL/brightness/batch_4_3113.png,https://pilotexp.s3.ca-central-1.amazonaws.com/cifar10/IMG_TRANSFORMED/brightness/batch_4_3113.png,0,0,0
frost/batch_1_1975.png,https://pilotexp.s3.ca-central-1.amazonaws.com/cifar10/IMG_ORIGINAL/frost/batch_1_1975.png,https://pilotexp.s3.ca-central-1.amazonaws.com/cifar10/IMG_TRANSFORMED/frost/batch_1_1975.png,1,0,1
brightness/batch_1_4432.png,https://pilotexp.s3.ca-central-1.amazonaws.com/cifar10/IMG_ORIGINAL/brightness/batch_1_4432.png,https://pilotexp.s3.ca-central-1.amazonaws.com/cifar10/IMG_TRANSFORMED/brightness/batch_1_4432.png,0,0,0
contrast/batch_3_3122.png,https://pilotexp.s3.ca-central-1.amazonaws.com/cifar10/IMG_ORIGINAL/contrast/batch_3_3122.png,https://pilotexp.s3.ca-central-1.amazonaws.com/cifar10/IMG_TRANSFORMED/contrast/batch_3_3122.png,0,0,0
jpeg_compression/batch_3_44.png,https://pilotexp.s3.ca-central-1.amazonaws.com/cifar10/IMG_ORIGINAL/jpeg_compression/batch_3_44.png,https://pilotexp.s3.ca-central-1.amazonaws.com/cifar10/IMG_TRANSFORMED/jpeg_compression/batch_3_44.png,0,0,0
contrast/batch_5_8295.png,https://pilotexp.s3.ca-central-1.amazonaws.com/cifar10/IMG_ORIGINAL/contrast/batch_5_8295.png,https://pilotexp.s3.ca-central-1.amazonaws.com/cifar10/IMG_TRANSFORMED/contrast/batch_5_8295.png,0,0,0
contrast/batch_3_433.png,https://pilotexp.s3.ca-central-1.amazonaws.com/cifar10/IMG_ORIGINAL/contrast/batch_3_433.png,https://pilotexp.s3.ca-central-1.amazonaws.com/cifar10/IMG_TRANSFORMED/contrast/batch_3_433.png,0,0,0
brightness/batch_5_2131.png,https://pilotexp.s3.ca-central-1.amazonaws.com/cifar10/IMG_ORIGINAL/brightness/batch_5_2131.png,https://pilotexp.s3.ca-central-1.amazonaws.com/cifar10/IMG_TRANSFORMED/brightness/batch_5_2131.png,0,0,0
jpeg_compression/batch_4_7472.png,https://pilotexp.s3.ca-central-1.amazonaws.com/cifar10/IMG_ORIGINAL/jpeg_compression/batch_4_7472.png,https://pilotexp.s3.ca-central-1.amazonaws.com/cifar10/IMG_TRANSFORMED/jpeg_compression/batch_4_7472.png,0,0,0
brightness/batch_1_9153.png,https://pilotexp.s3.ca-central-1.amazonaws.com/cifar10/IMG_ORIGINAL/brightness/batch_1_9153.png,https://pilotexp.s3.ca-central-1.amazonaws.com/cifar10/IMG_TRANSFORMED/brightness/batch_1_9153.png,0,0,0
frost/batch_2_8816.png,https://pilotexp.s3.ca-central-1.amazonaws.com/cifar10/IMG_ORIGINAL/frost/batch_2_8816.png,https://pilotexp.s3.ca-central-1.amazonaws.com/cifar10/IMG_TRANSFORMED/frost/batch_2_8816.png,0,0,0
frost/batch_5_6393.png,https://pilotexp.s3.ca-central-1.amazonaws.com/cifar10/IMG_ORIGINAL/frost/batch_5_6393.png,https://pilotexp.s3.ca-central-1.amazonaws.com/cifar10/IMG_TRANSFORMED/frost/batch_5_6393.png,0,0,0
contrast/batch_3_5949.png,https://pilotexp.s3.ca-central-1.amazonaws.com/cifar10/IMG_ORIGINAL/contrast/batch_3_5949.png,https://pilotexp.s3.ca-central-1.amazonaws.com/cifar10/IMG_TRANSFORMED/contrast/batch_3_5949.png,0,0,0
contrast/batch_1_4339.png,https://pilotexp.s3.ca-central-1.amazonaws.com/cifar10/IMG_ORIGINAL/contrast/batch_1_4339.png,https://pilotexp.s3.ca-central-1.amazonaws.com/cifar10/IMG_TRANSFORMED/contrast/batch_1_4339.png,0,0,0
frost/batch_5_2194.png,https://pilotexp.s3.ca-central-1.amazonaws.com/cifar10/IMG_ORIGINAL/frost/batch_5_2194.png,https://pilotexp.s3.ca-central-1.amazonaws.com/cifar10/IMG_TRANSFORMED/frost/batch_5_2194.png,0,0,0
contrast/batch_3_1603.png,https://pilotexp.s3.ca-central-1.amazonaws.com/cifar10/IMG_ORIGINAL/contrast/batch_3_1603.png,https://pilotexp.s3.ca-central-1.amazonaws.com/cifar10/IMG_TRANSFORMED/contrast/batch_3_1603.png,0,0,0
frost/batch_5_6437.png,https://pilotexp.s3.ca-central-1.amazonaws.com/cifar10/IMG_ORIGINAL/frost/batch_5_6437.png,https://pilotexp.s3.ca-central-1.amazonaws.com/cifar10/IMG_TRANSFORMED/frost/batch_5_6437.png,0,0,0
frost/batch_4_9501.png,https://pilotexp.s3.ca-central-1.amazonaws.com/cifar10/IMG_ORIGINAL/frost/batch_4_9501.png,https://pilotexp.s3.ca-central-1.amazonaws.com/cifar10/IMG_TRANSFORMED/frost/batch_4_9501.png,0,0,0
contrast/batch_2_5432.png,https://pilotexp.s3.ca-central-1.amazonaws.com/cifar10/IMG_ORIGINAL/contrast/batch_2_5432.png,https://pilotexp.s3.ca-central-1.amazonaws.com/cifar10/IMG_TRANSFORMED/contrast/batch_2_5432.png,0,0,0
jpeg_compression/batch_5_2116.png,https://pilotexp.s3.ca-central-1.amazonaws.com/cifar10/IMG_ORIGINAL/jpeg_compression/batch_5_2116.png,https://pilotexp.s3.ca-central-1.amazonaws.com/cifar10/IMG_TRANSFORMED/jpeg_compression/batch_5_2116.png,1,0,1
contrast/batch_2_2380.png,https://pilotexp.s3.ca-central-1.amazonaws.com/cifar10/IMG_ORIGINAL/contrast/batch_2_2380.png,https://pilotexp.s3.ca-central-1.amazonaws.com/cifar10/IMG_TRANSFORMED/contrast/batch_2_2380.png,0,0,0
frost/batch_2_6777.png,https://pilotexp.s3.ca-central-1.amazonaws.com/cifar10/IMG_ORIGINAL/frost/batch_2_6777.png,https://pilotexp.s3.ca-central-1.amazonaws.com/cifar10/IMG_TRANSFORMED/frost/batch_2_6777.png,1,1,0
contrast/batch_5_2646.png,https://pilotexp.s3.ca-central-1.amazonaws.com/cifar10/IMG_ORIGINAL/contrast/batch_5_2646.png,https://pilotexp.s3.ca-central-1.amazonaws.com/cifar10/IMG_TRANSFORMED/contrast/batch_5_2646.png,0,0,0
brightness/batch_3_471.png,https://pilotexp.s3.ca-central-1.amazonaws.com/cifar10/IMG_ORIGINAL/brightness/batch_3_471.png,https://pilotexp.s3.ca-central-1.amazonaws.com/cifar10/IMG_TRANSFORMED/brightness/batch_3_471.png,0,0,0
brightness/batch_5_9697.png,https://pilotexp.s3.ca-central-1.amazonaws.com/cifar10/IMG_ORIGINAL/brightness/batch_5_9697.png,https://pilotexp.s3.ca-central-1.amazonaws.com/cifar10/IMG_TRANSFORMED/brightness/batch_5_9697.png,0,0,0
frost/batch_1_1205.png,https://pilotexp.s3.ca-central-1.amazonaws.com/cifar10/IMG_ORIGINAL/frost/batch_1_1205.png,https://pilotexp.s3.ca-central-1.amazonaws.com/cifar10/IMG_TRANSFORMED/frost/batch_1_1205.png,0,0,0
contrast/batch_4_9058.png,https://pilotexp.s3.ca-central-1.amazonaws.com/cifar10/IMG_ORIGINAL/contrast/batch_4_9058.png,https://pilotexp.s3.ca-central-1.amazonaws.com/cifar10/IMG_TRANSFORMED/contrast/batch_4_9058.png,1,1,0
jpeg_compression/batch_2_5381.png,https://pilotexp.s3.ca-central-1.amazonaws.com/cifar10/IMG_ORIGINAL/jpeg_compression/batch_2_5381.png,https://pilotexp.s3.ca-central-1.amazonaws.com/cifar10/IMG_TRANSFORMED/jpeg_compression/batch_2_5381.png,1,1,0
frost/batch_4_8110.png,https://pilotexp.s3.ca-central-1.amazonaws.com/cifar10/IMG_ORIGINAL/frost/batch_4_8110.png,https://pilotexp.s3.ca-central-1.amazonaws.com/cifar10/IMG_TRANSFORMED/frost/batch_4_8110.png,0,0,0
frost/batch_3_8929.png,https://pilotexp.s3.ca-central-1.amazonaws.com/cifar10/IMG_ORIGINAL/frost/batch_3_8929.png,https://pilotexp.s3.ca-central-1.amazonaws.com/cifar10/IMG_TRANSFORMED/frost/batch_3_8929.png,0,0,0
jpeg_compression/batch_4_4942.png,https://pilotexp.s3.ca-central-1.amazonaws.com/cifar10/IMG_ORIGINAL/jpeg_compression/batch_4_4942.png,https://pilotexp.s3.ca-central-1.amazonaws.com/cifar10/IMG_TRANSFORMED/jpeg_compression/batch_4_4942.png,0,0,0
jpeg_compression/batch_1_9774.png,https://pilotexp.s3.ca-central-1.amazonaws.com/cifar10/IMG_ORIGINAL/jpeg_compression/batch_1_9774.png,https://pilotexp.s3.ca-central-1.amazonaws.com/cifar10/IMG_TRANSFORMED/jpeg_compression/batch_1_9774.png,1,1,0
contrast/batch_5_821.png,https://pilotexp.s3.ca-central-1.amazonaws.com/cifar10/IMG_ORIGINAL/contrast/batch_5_821.png,https://pilotexp.s3.ca-central-1.amazonaws.com/cifar10/IMG_TRANSFORMED/contrast/batch_5_821.png,0,0,0
brightness/batch_4_7429.png,https://pilotexp.s3.ca-central-1.amazonaws.com/cifar10/IMG_ORIGINAL/brightness/batch_4_7429.png,https://pilotexp.s3.ca-central-1.amazonaws.com/cifar10/IMG_TRANSFORMED/brightness/batch_4_7429.png,0,0,0
frost/batch_5_824.png,https://pilotexp.s3.ca-central-1.amazonaws.com/cifar10/IMG_ORIGINAL/frost/batch_5_824.png,https://pilotexp.s3.ca-central-1.amazonaws.com/cifar10/IMG_TRANSFORMED/frost/batch_5_824.png,0,0,0
jpeg_compression/batch_2_6868.png,https://pilotexp.s3.ca-central-1.amazonaws.com/cifar10/IMG_ORIGINAL/jpeg_compression/batch_2_6868.png,https://pilotexp.s3.ca-central-1.amazonaws.com/cifar10/IMG_TRANSFORMED/jpeg_compression/batch_2_6868.png,0,0,0
brightness/batch_1_2993.png,https://pilotexp.s3.ca-central-1.amazonaws.com/cifar10/IMG_ORIGINAL/brightness/batch_1_2993.png,https://pilotexp.s3.ca-central-1.amazonaws.com/cifar10/IMG_TRANSFORMED/brightness/batch_1_2993.png,0,1,1
jpeg_compression/batch_4_4600.png,https://pilotexp.s3.ca-central-1.amazonaws.com/cifar10/IMG_ORIGINAL/jpeg_compression/batch_4_4600.png,https://pilotexp.s3.ca-central-1.amazonaws.com/cifar10/IMG_TRANSFORMED/jpeg_compression/batch_4_4600.png,0,0,0
frost/batch_2_1220.png,https://pilotexp.s3.ca-central-1.amazonaws.com/cifar10/IMG_ORIGINAL/frost/batch_2_1220.png,https://pilotexp.s3.ca-central-1.amazonaws.com/cifar10/IMG_TRANSFORMED/frost/batch_2_1220.png,0,0,0
frost/batch_4_3614.png,https://pilotexp.s3.ca-central-1.amazonaws.com/cifar10/IMG_ORIGINAL/frost/batch_4_3614.png,https://pilotexp.s3.ca-central-1.amazonaws.com/cifar10/IMG_TRANSFORMED/frost/batch_4_3614.png,0,0,0
jpeg_compression/batch_1_9819.png,https://pilotexp.s3.ca-central-1.amazonaws.com/cifar10/IMG_ORIGINAL/jpeg_compression/batch_1_9819.png,https://pilotexp.s3.ca-central-1.amazonaws.com/cifar10/IMG_TRANSFORMED/jpeg_compression/batch_1_9819.png,0,1,1
jpeg_compression/batch_5_2415.png,https://pilotexp.s3.ca-central-1.amazonaws.com/cifar10/IMG_ORIGINAL/jpeg_compression/batch_5_2415.png,https://pilotexp.s3.ca-central-1.amazonaws.com/cifar10/IMG_TRANSFORMED/jpeg_compression/batch_5_2415.png,0,0,0
brightness/batch_4_5372.png,https://pilotexp.s3.ca-central-1.amazonaws.com/cifar10/IMG_ORIGINAL/brightness/batch_4_5372.png,https://pilotexp.s3.ca-central-1.amazonaws.com/cifar10/IMG_TRANSFORMED/brightness/batch_4_5372.png,1,1,0
brightness/batch_4_5048.png,https://pilotexp.s3.ca-central-1.amazonaws.com/cifar10/IMG_ORIGINAL/brightness/batch_4_5048.png,https://pilotexp.s3.ca-central-1.amazonaws.com/cifar10/IMG_TRANSFORMED/brightness/batch_4_5048.png,1,1,0
contrast/batch_4_7818.png,https://pilotexp.s3.ca-central-1.amazonaws.com/cifar10/IMG_ORIGINAL/contrast/batch_4_7818.png,https://pilotexp.s3.ca-central-1.amazonaws.com/cifar10/IMG_TRANSFORMED/contrast/batch_4_7818.png,0,1,1
brightness/batch_5_4410.png,https://pilotexp.s3.ca-central-1.amazonaws.com/cifar10/IMG_ORIGINAL/brightness/batch_5_4410.png,https://pilotexp.s3.ca-central-1.amazonaws.com/cifar10/IMG_TRANSFORMED/brightness/batch_5_4410.png,1,1,0
brightness/batch_2_4985.png,https://pilotexp.s3.ca-central-1.amazonaws.com/cifar10/IMG_ORIGINAL/brightness/batch_2_4985.png,https://pilotexp.s3.ca-central-1.amazonaws.com/cifar10/IMG_TRANSFORMED/brightness/batch_2_4985.png,1,1,0
brightness/batch_4_3613.png,https://pilotexp.s3.ca-central-1.amazonaws.com/cifar10/IMG_ORIGINAL/brightness/batch_4_3613.png,https://pilotexp.s3.ca-central-1.amazonaws.com/cifar10/IMG_TRANSFORMED/brightness/batch_4_3613.png,0,0,0
jpeg_compression/batch_5_9625.png,https://pilotexp.s3.ca-central-1.amazonaws.com/cifar10/IMG_ORIGINAL/jpeg_compression/batch_5_9625.png,https://pilotexp.s3.ca-central-1.amazonaws.com/cifar10/IMG_TRANSFORMED/jpeg_compression/batch_5_9625.png,0,1,1
jpeg_compression/batch_2_5735.png,https://pilotexp.s3.ca-central-1.amazonaws.com/cifar10/IMG_ORIGINAL/jpeg_compression/batch_2_5735.png,https://pilotexp.s3.ca-central-1.amazonaws.com/cifar10/IMG_TRANSFORMED/jpeg_compression/batch_2_5735.png,0,0,0
jpeg_compression/batch_3_8471.png,https://pilotexp.s3.ca-central-1.amazonaws.com/cifar10/IMG_ORIGINAL/jpeg_compression/batch_3_8471.png,https://pilotexp.s3.ca-central-1.amazonaws.com/cifar10/IMG_TRANSFORMED/jpeg_compression/batch_3_8471.png,0,0,0
contrast/batch_1_6113.png,https://pilotexp.s3.ca-central-1.amazonaws.com/cifar10/IMG_ORIGINAL/contrast/batch_1_6113.png,https://pilotexp.s3.ca-central-1.amazonaws.com/cifar10/IMG_TRANSFORMED/contrast/batch_1_6113.png,0,0,0
jpeg_compression/batch_1_9014.png,https://pilotexp.s3.ca-central-1.amazonaws.com/cifar10/IMG_ORIGINAL/jpeg_compression/batch_1_9014.png,https://pilotexp.s3.ca-central-1.amazonaws.com/cifar10/IMG_TRANSFORMED/jpeg_compression/batch_1_9014.png,0,0,0
brightness/batch_2_9708.png,https://pilotexp.s3.ca-central-1.amazonaws.com/cifar10/IMG_ORIGINAL/brightness/batch_2_9708.png,https://pilotexp.s3.ca-central-1.amazonaws.com/cifar10/IMG_TRANSFORMED/brightness/batch_2_9708.png,0,0,0
frost/batch_1_7356.png,https://pilotexp.s3.ca-central-1.amazonaws.com/cifar10/IMG_ORIGINAL/frost/batch_1_7356.png,https://pilotexp.s3.ca-central-1.amazonaws.com/cifar10/IMG_TRANSFORMED/frost/batch_1_7356.png,0,0,0
jpeg_compression/batch_4_576.png,https://pilotexp.s3.ca-central-1.amazonaws.com/cifar10/IMG_ORIGINAL/jpeg_compression/batch_4_576.png,https://pilotexp.s3.ca-central-1.amazonaws.com/cifar10/IMG_TRANSFORMED/jpeg_compression/batch_4_576.png,0,0,0
brightness/batch_5_9189.png,https://pilotexp.s3.ca-central-1.amazonaws.com/cifar10/IMG_ORIGINAL/brightness/batch_5_9189.png,https://pilotexp.s3.ca-central-1.amazonaws.com/cifar10/IMG_TRANSFORMED/brightness/batch_5_9189.png,0,0,0
frost/batch_2_6099.png,https://pilotexp.s3.ca-central-1.amazonaws.com/cifar10/IMG_ORIGINAL/frost/batch_2_6099.png,https://pilotexp.s3.ca-central-1.amazonaws.com/cifar10/IMG_TRANSFORMED/frost/batch_2_6099.png,0,0,0
frost/batch_3_5424.png,https://pilotexp.s3.ca-central-1.amazonaws.com/cifar10/IMG_ORIGINAL/frost/batch_3_5424.png,https://pilotexp.s3.ca-central-1.amazonaws.com/cifar10/IMG_TRANSFORMED/frost/batch_3_5424.png,0,0,0
brightness/batch_4_351.png,https://pilotexp.s3.ca-central-1.amazonaws.com/cifar10/IMG_ORIGINAL/brightness/batch_4_351.png,https://pilotexp.s3.ca-central-1.amazonaws.com/cifar10/IMG_TRANSFORMED/brightness/batch_4_351.png,1,1,0
contrast/batch_1_9363.png,https://pilotexp.s3.ca-central-1.amazonaws.com/cifar10/IMG_ORIGINAL/contrast/batch_1_9363.png,https://pilotexp.s3.ca-central-1.amazonaws.com/cifar10/IMG_TRANSFORMED/contrast/batch_1_9363.png,0,0,0
contrast/batch_5_3943.png,https://pilotexp.s3.ca-central-1.amazonaws.com/cifar10/IMG_ORIGINAL/contrast/batch_5_3943.png,https://pilotexp.s3.ca-central-1.amazonaws.com/cifar10/IMG_TRANSFORMED/contrast/batch_5_3943.png,1,1,0
frost/batch_2_1400.png,https://pilotexp.s3.ca-central-1.amazonaws.com/cifar10/IMG_ORIGINAL/frost/batch_2_1400.png,https://pilotexp.s3.ca-central-1.amazonaws.com/cifar10/IMG_TRANSFORMED/frost/batch_2_1400.png,0,0,0
contrast/batch_5_9751.png,https://pilotexp.s3.ca-central-1.amazonaws.com/cifar10/IMG_ORIGINAL/contrast/batch_5_9751.png,https://pilotexp.s3.ca-central-1.amazonaws.com/cifar10/IMG_TRANSFORMED/contrast/batch_5_9751.png,0,0,0
contrast/batch_1_5783.png,https://pilotexp.s3.ca-central-1.amazonaws.com/cifar10/IMG_ORIGINAL/contrast/batch_1_5783.png,https://pilotexp.s3.ca-central-1.amazonaws.com/cifar10/IMG_TRANSFORMED/contrast/batch_1_5783.png,1,1,0
jpeg_compression/batch_3_3325.png,https://pilotexp.s3.ca-central-1.amazonaws.com/cifar10/IMG_ORIGINAL/jpeg_compression/batch_3_3325.png,https://pilotexp.s3.ca-central-1.amazonaws.com/cifar10/IMG_TRANSFORMED/jpeg_compression/batch_3_3325.png,1,0,1
jpeg_compression/batch_2_8878.png,https://pilotexp.s3.ca-central-1.amazonaws.com/cifar10/IMG_ORIGINAL/jpeg_compression/batch_2_8878.png,https://pilotexp.s3.ca-central-1.amazonaws.com/cifar10/IMG_TRANSFORMED/jpeg_compression/batch_2_8878.png,1,1,0
jpeg_compression/batch_3_4323.png,https://pilotexp.s3.ca-central-1.amazonaws.com/cifar10/IMG_ORIGINAL/jpeg_compression/batch_3_4323.png,https://pilotexp.s3.ca-central-1.amazonaws.com/cifar10/IMG_TRANSFORMED/jpeg_compression/batch_3_4323.png,0,0,0
contrast/batch_3_1892.png,https://pilotexp.s3.ca-central-1.amazonaws.com/cifar10/IMG_ORIGINAL/contrast/batch_3_1892.png,https://pilotexp.s3.ca-central-1.amazonaws.com/cifar10/IMG_TRANSFORMED/contrast/batch_3_1892.png,0,0,0
frost/batch_2_2943.png,https://pilotexp.s3.ca-central-1.amazonaws.com/cifar10/IMG_ORIGINAL/frost/batch_2_2943.png,https://pilotexp.s3.ca-central-1.amazonaws.com/cifar10/IMG_TRANSFORMED/frost/batch_2_2943.png,0,0,0
frost/batch_5_7718.png,https://pilotexp.s3.ca-central-1.amazonaws.com/cifar10/IMG_ORIGINAL/frost/batch_5_7718.png,https://pilotexp.s3.ca-central-1.amazonaws.com/cifar10/IMG_TRANSFORMED/frost/batch_5_7718.png,0,0,0
brightness/batch_4_5562.png,https://pilotexp.s3.ca-central-1.amazonaws.com/cifar10/IMG_ORIGINAL/brightness/batch_4_5562.png,https://pilotexp.s3.ca-central-1.amazonaws.com/cifar10/IMG_TRANSFORMED/brightness/batch_4_5562.png,0,0,0
frost/batch_4_9846.png,https://pilotexp.s3.ca-central-1.amazonaws.com/cifar10/IMG_ORIGINAL/frost/batch_4_9846.png,https://pilotexp.s3.ca-central-1.amazonaws.com/cifar10/IMG_TRANSFORMED/frost/batch_4_9846.png,0,1,1
brightness/batch_2_3012.png,https://pilotexp.s3.ca-central-1.amazonaws.com/cifar10/IMG_ORIGINAL/brightness/batch_2_3012.png,https://pilotexp.s3.ca-central-1.amazonaws.com/cifar10/IMG_TRANSFORMED/brightness/batch_2_3012.png,0,0,0
jpeg_compression/batch_1_4355.png,https://pilotexp.s3.ca-central-1.amazonaws.com/cifar10/IMG_ORIGINAL/jpeg_compression/batch_1_4355.png,https://pilotexp.s3.ca-central-1.amazonaws.com/cifar10/IMG_TRANSFORMED/jpeg_compression/batch_1_4355.png,0,0,0
frost/batch_2_6682.png,https://pilotexp.s3.ca-central-1.amazonaws.com/cifar10/IMG_ORIGINAL/frost/batch_2_6682.png,https://pilotexp.s3.ca-central-1.amazonaws.com/cifar10/IMG_TRANSFORMED/frost/batch_2_6682.png,1,0,0
brightness/batch_2_4617.png,https://pilotexp.s3.ca-central-1.amazonaws.com/cifar10/IMG_ORIGINAL/brightness/batch_2_4617.png,https://pilotexp.s3.ca-central-1.amazonaws.com/cifar10/IMG_TRANSFORMED/brightness/batch_2_4617.png,1,1,0
brightness/batch_1_1391.png,https://pilotexp.s3.ca-central-1.amazonaws.com/cifar10/IMG_ORIGINAL/brightness/batch_1_1391.png,https://pilotexp.s3.ca-central-1.amazonaws.com/cifar10/IMG_TRANSFORMED/brightness/batch_1_1391.png,0,0,0
frost/batch_5_5363.png,https://pilotexp.s3.ca-central-1.amazonaws.com/cifar10/IMG_ORIGINAL/frost/batch_5_5363.png,https://pilotexp.s3.ca-central-1.amazonaws.com/cifar10/IMG_TRANSFORMED/frost/batch_5_5363.png,0,0,0
frost/batch_2_3883.png,https://pilotexp.s3.ca-central-1.amazonaws.com/cifar10/IMG_ORIGINAL/frost/batch_2_3883.png,https://pilotexp.s3.ca-central-1.amazonaws.com/cifar10/IMG_TRANSFORMED/frost/batch_2_3883.png,0,0,0
frost/batch_1_8228.png,https://pilotexp.s3.ca-central-1.amazonaws.com/cifar10/IMG_ORIGINAL/frost/batch_1_8228.png,https://pilotexp.s3.ca-central-1.amazonaws.com/cifar10/IMG_TRANSFORMED/frost/batch_1_8228.png,1,0,0
frost/batch_4_1015.png,https://pilotexp.s3.ca-central-1.amazonaws.com/cifar10/IMG_ORIGINAL/frost/batch_4_1015.png,https://pilotexp.s3.ca-central-1.amazonaws.com/cifar10/IMG_TRANSFORMED/frost/batch_4_1015.png,0,1,1
jpeg_compression/batch_4_2126.png,https://pilotexp.s3.ca-central-1.amazonaws.com/cifar10/IMG_ORIGINAL/jpeg_compression/batch_4_2126.png,https://pilotexp.s3.ca-central-1.amazonaws.com/cifar10/IMG_TRANSFORMED/jpeg_compression/batch_4_2126.png,0,0,0
frost/batch_2_392.png,https://pilotexp.s3.ca-central-1.amazonaws.com/cifar10/IMG_ORIGINAL/frost/batch_2_392.png,https://pilotexp.s3.ca-central-1.amazonaws.com/cifar10/IMG_TRANSFORMED/frost/batch_2_392.png,0,0,0
frost/batch_3_9900.png,https://pilotexp.s3.ca-central-1.amazonaws.com/cifar10/IMG_ORIGINAL/frost/batch_3_9900.png,https://pilotexp.s3.ca-central-1.amazonaws.com/cifar10/IMG_TRANSFORMED/frost/batch_3_9900.png,0,0,0
jpeg_compression/batch_2_7468.png,https://pilotexp.s3.ca-central-1.amazonaws.com/cifar10/IMG_ORIGINAL/jpeg_compression/batch_2_7468.png,https://pilotexp.s3.ca-central-1.amazonaws.com/cifar10/IMG_TRANSFORMED/jpeg_compression/batch_2_7468.png,1,1,0
brightness/batch_1_8128.png,https://pilotexp.s3.ca-central-1.amazonaws.com/cifar10/IMG_ORIGINAL/brightness/batch_1_8128.png,https://pilotexp.s3.ca-central-1.amazonaws.com/cifar10/IMG_TRANSFORMED/brightness/batch_1_8128.png,0,0,0
jpeg_compression/batch_4_3365.png,https://pilotexp.s3.ca-central-1.amazonaws.com/cifar10/IMG_ORIGINAL/jpeg_compression/batch_4_3365.png,https://pilotexp.s3.ca-central-1.amazonaws.com/cifar10/IMG_TRANSFORMED/jpeg_compression/batch_4_3365.png,0,0,0
brightness/batch_1_3466.png,https://pilotexp.s3.ca-central-1.amazonaws.com/cifar10/IMG_ORIGINAL/brightness/batch_1_3466.png,https://pilotexp.s3.ca-central-1.amazonaws.com/cifar10/IMG_TRANSFORMED/brightness/batch_1_3466.png,0,0,0
contrast/batch_5_5922.png,https://pilotexp.s3.ca-central-1.amazonaws.com/cifar10/IMG_ORIGINAL/contrast/batch_5_5922.png,https://pilotexp.s3.ca-central-1.amazonaws.com/cifar10/IMG_TRANSFORMED/contrast/batch_5_5922.png,1,0,1
jpeg_compression/batch_2_4640.png,https://pilotexp.s3.ca-central-1.amazonaws.com/cifar10/IMG_ORIGINAL/jpeg_compression/batch_2_4640.png,https://pilotexp.s3.ca-central-1.amazonaws.com/cifar10/IMG_TRANSFORMED/jpeg_compression/batch_2_4640.png,0,0,0
frost/batch_3_8022.png,https://pilotexp.s3.ca-central-1.amazonaws.com/cifar10/IMG_ORIGINAL/frost/batch_3_8022.png,https://pilotexp.s3.ca-central-1.amazonaws.com/cifar10/IMG_TRANSFORMED/frost/batch_3_8022.png,0,0,0
frost/batch_1_5832.png,https://pilotexp.s3.ca-central-1.amazonaws.com/cifar10/IMG_ORIGINAL/frost/batch_1_5832.png,https://pilotexp.s3.ca-central-1.amazonaws.com/cifar10/IMG_TRANSFORMED/frost/batch_1_5832.png,0,0,0
jpeg_compression/batch_5_1783.png,https://pilotexp.s3.ca-central-1.amazonaws.com/cifar10/IMG_ORIGINAL/jpeg_compression/batch_5_1783.png,https://pilotexp.s3.ca-central-1.amazonaws.com/cifar10/IMG_TRANSFORMED/jpeg_compression/batch_5_1783.png,0,0,0
frost/batch_4_3726.png,https://pilotexp.s3.ca-central-1.amazonaws.com/cifar10/IMG_ORIGINAL/frost/batch_4_3726.png,https://pilotexp.s3.ca-central-1.amazonaws.com/cifar10/IMG_TRANSFORMED/frost/batch_4_3726.png,0,0,0
frost/batch_2_5294.png,https://pilotexp.s3.ca-central-1.amazonaws.com/cifar10/IMG_ORIGINAL/frost/batch_2_5294.png,https://pilotexp.s3.ca-central-1.amazonaws.com/cifar10/IMG_TRANSFORMED/frost/batch_2_5294.png,0,0,0
jpeg_compression/batch_4_4016.png,https://pilotexp.s3.ca-central-1.amazonaws.com/cifar10/IMG_ORIGINAL/jpeg_compression/batch_4_4016.png,https://pilotexp.s3.ca-central-1.amazonaws.com/cifar10/IMG_TRANSFORMED/jpeg_compression/batch_4_4016.png,0,0,0
frost/batch_1_2822.png,https://pilotexp.s3.ca-central-1.amazonaws.com/cifar10/IMG_ORIGINAL/frost/batch_1_2822.png,https://pilotexp.s3.ca-central-1.amazonaws.com/cifar10/IMG_TRANSFORMED/frost/batch_1_2822.png,0,0,0
jpeg_compression/batch_2_9103.png,https://pilotexp.s3.ca-central-1.amazonaws.com/cifar10/IMG_ORIGINAL/jpeg_compression/batch_2_9103.png,https://pilotexp.s3.ca-central-1.amazonaws.com/cifar10/IMG_TRANSFORMED/jpeg_compression/batch_2_9103.png,0,0,0
frost/batch_1_2345.png,https://pilotexp.s3.ca-central-1.amazonaws.com/cifar10/IMG_ORIGINAL/frost/batch_1_2345.png,https://pilotexp.s3.ca-central-1.amazonaws.com/cifar10/IMG_TRANSFORMED/frost/batch_1_2345.png,0,0,0
contrast/batch_3_1654.png,https://pilotexp.s3.ca-central-1.amazonaws.com/cifar10/IMG_ORIGINAL/contrast/batch_3_1654.png,https://pilotexp.s3.ca-central-1.amazonaws.com/cifar10/IMG_TRANSFORMED/contrast/batch_3_1654.png,0,0,0
jpeg_compression/batch_4_6512.png,https://pilotexp.s3.ca-central-1.amazonaws.com/cifar10/IMG_ORIGINAL/jpeg_compression/batch_4_6512.png,https://pilotexp.s3.ca-central-1.amazonaws.com/cifar10/IMG_TRANSFORMED/jpeg_compression/batch_4_6512.png,1,1,0
brightness/batch_5_1396.png,https://pilotexp.s3.ca-central-1.amazonaws.com/cifar10/IMG_ORIGINAL/brightness/batch_5_1396.png,https://pilotexp.s3.ca-central-1.amazonaws.com/cifar10/IMG_TRANSFORMED/brightness/batch_5_1396.png,1,0,1
brightness/batch_2_1804.png,https://pilotexp.s3.ca-central-1.amazonaws.com/cifar10/IMG_ORIGINAL/brightness/batch_2_1804.png,https://pilotexp.s3.ca-central-1.amazonaws.com/cifar10/IMG_TRANSFORMED/brightness/batch_2_1804.png,1,1,0
brightness/batch_3_2369.png,https://pilotexp.s3.ca-central-1.amazonaws.com/cifar10/IMG_ORIGINAL/brightness/batch_3_2369.png,https://pilotexp.s3.ca-central-1.amazonaws.com/cifar10/IMG_TRANSFORMED/brightness/batch_3_2369.png,0,1,1
jpeg_compression/batch_1_5628.png,https://pilotexp.s3.ca-central-1.amazonaws.com/cifar10/IMG_ORIGINAL/jpeg_compression/batch_1_5628.png,https://pilotexp.s3.ca-central-1.amazonaws.com/cifar10/IMG_TRANSFORMED/jpeg_compression/batch_1_5628.png,0,0,0
contrast/batch_3_2649.png,https://pilotexp.s3.ca-central-1.amazonaws.com/cifar10/IMG_ORIGINAL/contrast/batch_3_2649.png,https://pilotexp.s3.ca-central-1.amazonaws.com/cifar10/IMG_TRANSFORMED/contrast/batch_3_2649.png,0,0,0
jpeg_compression/batch_5_5180.png,https://pilotexp.s3.ca-central-1.amazonaws.com/cifar10/IMG_ORIGINAL/jpeg_compression/batch_5_5180.png,https://pilotexp.s3.ca-central-1.amazonaws.com/cifar10/IMG_TRANSFORMED/jpeg_compression/batch_5_5180.png,0,0,0
frost/batch_5_2187.png,https://pilotexp.s3.ca-central-1.amazonaws.com/cifar10/IMG_ORIGINAL/frost/batch_5_2187.png,https://pilotexp.s3.ca-central-1.amazonaws.com/cifar10/IMG_TRANSFORMED/frost/batch_5_2187.png,0,0,0
frost/batch_3_7573.png,https://pilotexp.s3.ca-central-1.amazonaws.com/cifar10/IMG_ORIGINAL/frost/batch_3_7573.png,https://pilotexp.s3.ca-central-1.amazonaws.com/cifar10/IMG_TRANSFORMED/frost/batch_3_7573.png,0,0,0
jpeg_compression/batch_4_1815.png,https://pilotexp.s3.ca-central-1.amazonaws.com/cifar10/IMG_ORIGINAL/jpeg_compression/batch_4_1815.png,https://pilotexp.s3.ca-central-1.amazonaws.com/cifar10/IMG_TRANSFORMED/jpeg_compression/batch_4_1815.png,1,1,0
frost/batch_5_737.png,https://pilotexp.s3.ca-central-1.amazonaws.com/cifar10/IMG_ORIGINAL/frost/batch_5_737.png,https://pilotexp.s3.ca-central-1.amazonaws.com/cifar10/IMG_TRANSFORMED/frost/batch_5_737.png,0,0,0
jpeg_compression/batch_5_4156.png,https://pilotexp.s3.ca-central-1.amazonaws.com/cifar10/IMG_ORIGINAL/jpeg_compression/batch_5_4156.png,https://pilotexp.s3.ca-central-1.amazonaws.com/cifar10/IMG_TRANSFORMED/jpeg_compression/batch_5_4156.png,0,1,1
jpeg_compression/batch_5_4316.png,https://pilotexp.s3.ca-central-1.amazonaws.com/cifar10/IMG_ORIGINAL/jpeg_compression/batch_5_4316.png,https://pilotexp.s3.ca-central-1.amazonaws.com/cifar10/IMG_TRANSFORMED/jpeg_compression/batch_5_4316.png,0,0,0
jpeg_compression/batch_4_8991.png,https://pilotexp.s3.ca-central-1.amazonaws.com/cifar10/IMG_ORIGINAL/jpeg_compression/batch_4_8991.png,https://pilotexp.s3.ca-central-1.amazonaws.com/cifar10/IMG_TRANSFORMED/jpeg_compression/batch_4_8991.png,0,0,0
frost/batch_5_9895.png,https://pilotexp.s3.ca-central-1.amazonaws.com/cifar10/IMG_ORIGINAL/frost/batch_5_9895.png,https://pilotexp.s3.ca-central-1.amazonaws.com/cifar10/IMG_TRANSFORMED/frost/batch_5_9895.png,0,0,0
contrast/batch_4_8979.png,https://pilotexp.s3.ca-central-1.amazonaws.com/cifar10/IMG_ORIGINAL/contrast/batch_4_8979.png,https://pilotexp.s3.ca-central-1.amazonaws.com/cifar10/IMG_TRANSFORMED/contrast/batch_4_8979.png,0,0,0
jpeg_compression/batch_3_6246.png,https://pilotexp.s3.ca-central-1.amazonaws.com/cifar10/IMG_ORIGINAL/jpeg_compression/batch_3_6246.png,https://pilotexp.s3.ca-central-1.amazonaws.com/cifar10/IMG_TRANSFORMED/jpeg_compression/batch_3_6246.png,0,0,0
brightness/batch_5_7304.png,https://pilotexp.s3.ca-central-1.amazonaws.com/cifar10/IMG_ORIGINAL/brightness/batch_5_7304.png,https://pilotexp.s3.ca-central-1.amazonaws.com/cifar10/IMG_TRANSFORMED/brightness/batch_5_7304.png,0,0,0
jpeg_compression/batch_5_9613.png,https://pilotexp.s3.ca-central-1.amazonaws.com/cifar10/IMG_ORIGINAL/jpeg_compression/batch_5_9613.png,https://pilotexp.s3.ca-central-1.amazonaws.com/cifar10/IMG_TRANSFORMED/jpeg_compression/batch_5_9613.png,1,1,0
jpeg_compression/batch_1_2818.png,https://pilotexp.s3.ca-central-1.amazonaws.com/cifar10/IMG_ORIGINAL/jpeg_compression/batch_1_2818.png,https://pilotexp.s3.ca-central-1.amazonaws.com/cifar10/IMG_TRANSFORMED/jpeg_compression/batch_1_2818.png,1,1,0
contrast/batch_3_635.png,https://pilotexp.s3.ca-central-1.amazonaws.com/cifar10/IMG_ORIGINAL/contrast/batch_3_635.png,https://pilotexp.s3.ca-central-1.amazonaws.com/cifar10/IMG_TRANSFORMED/contrast/batch_3_635.png,1,0,1
frost/batch_2_9088.png,https://pilotexp.s3.ca-central-1.amazonaws.com/cifar10/IMG_ORIGINAL/frost/batch_2_9088.png,https://pilotexp.s3.ca-central-1.amazonaws.com/cifar10/IMG_TRANSFORMED/frost/batch_2_9088.png,0,0,0
contrast/batch_4_828.png,https://pilotexp.s3.ca-central-1.amazonaws.com/cifar10/IMG_ORIGINAL/contrast/batch_4_828.png,https://pilotexp.s3.ca-central-1.amazonaws.com/cifar10/IMG_TRANSFORMED/contrast/batch_4_828.png,0,0,0
brightness/batch_1_1632.png,https://pilotexp.s3.ca-central-1.amazonaws.com/cifar10/IMG_ORIGINAL/brightness/batch_1_1632.png,https://pilotexp.s3.ca-central-1.amazonaws.com/cifar10/IMG_TRANSFORMED/brightness/batch_1_1632.png,0,0,0
brightness/batch_3_3396.png,https://pilotexp.s3.ca-central-1.amazonaws.com/cifar10/IMG_ORIGINAL/brightness/batch_3_3396.png,https://pilotexp.s3.ca-central-1.amazonaws.com/cifar10/IMG_TRANSFORMED/brightness/batch_3_3396.png,1,0,1
brightness/batch_2_4558.png,https://pilotexp.s3.ca-central-1.amazonaws.com/cifar10/IMG_ORIGINAL/brightness/batch_2_4558.png,https://pilotexp.s3.ca-central-1.amazonaws.com/cifar10/IMG_TRANSFORMED/brightness/batch_2_4558.png,0,0,0
frost/batch_2_2797.png,https://pilotexp.s3.ca-central-1.amazonaws.com/cifar10/IMG_ORIGINAL/frost/batch_2_2797.png,https://pilotexp.s3.ca-central-1.amazonaws.com/cifar10/IMG_TRANSFORMED/frost/batch_2_2797.png,0,0,0
jpeg_compression/batch_5_8085.png,https://pilotexp.s3.ca-central-1.amazonaws.com/cifar10/IMG_ORIGINAL/jpeg_compression/batch_5_8085.png,https://pilotexp.s3.ca-central-1.amazonaws.com/cifar10/IMG_TRANSFORMED/jpeg_compression/batch_5_8085.png,0,0,0
frost/batch_4_7059.png,https://pilotexp.s3.ca-central-1.amazonaws.com/cifar10/IMG_ORIGINAL/frost/batch_4_7059.png,https://pilotexp.s3.ca-central-1.amazonaws.com/cifar10/IMG_TRANSFORMED/frost/batch_4_7059.png,0,0,0
brightness/batch_5_3311.png,https://pilotexp.s3.ca-central-1.amazonaws.com/cifar10/IMG_ORIGINAL/brightness/batch_5_3311.png,https://pilotexp.s3.ca-central-1.amazonaws.com/cifar10/IMG_TRANSFORMED/brightness/batch_5_3311.png,1,1,0
jpeg_compression/batch_4_6354.png,https://pilotexp.s3.ca-central-1.amazonaws.com/cifar10/IMG_ORIGINAL/jpeg_compression/batch_4_6354.png,https://pilotexp.s3.ca-central-1.amazonaws.com/cifar10/IMG_TRANSFORMED/jpeg_compression/batch_4_6354.png,0,0,0
jpeg_compression/batch_1_9838.png,https://pilotexp.s3.ca-central-1.amazonaws.com/cifar10/IMG_ORIGINAL/jpeg_compression/batch_1_9838.png,https://pilotexp.s3.ca-central-1.amazonaws.com/cifar10/IMG_TRANSFORMED/jpeg_compression/batch_1_9838.png,0,0,0
brightness/batch_4_179.png,https://pilotexp.s3.ca-central-1.amazonaws.com/cifar10/IMG_ORIGINAL/brightness/batch_4_179.png,https://pilotexp.s3.ca-central-1.amazonaws.com/cifar10/IMG_TRANSFORMED/brightness/batch_4_179.png,1,0,1
brightness/batch_4_637.png,https://pilotexp.s3.ca-central-1.amazonaws.com/cifar10/IMG_ORIGINAL/brightness/batch_4_637.png,https://pilotexp.s3.ca-central-1.amazonaws.com/cifar10/IMG_TRANSFORMED/brightness/batch_4_637.png,1,1,0
brightness/batch_2_6206.png,https://pilotexp.s3.ca-central-1.amazonaws.com/cifar10/IMG_ORIGINAL/brightness/batch_2_6206.png,https://pilotexp.s3.ca-central-1.amazonaws.com/cifar10/IMG_TRANSFORMED/brightness/batch_2_6206.png,0,0,0
brightness/batch_2_5736.png,https://pilotexp.s3.ca-central-1.amazonaws.com/cifar10/IMG_ORIGINAL/brightness/batch_2_5736.png,https://pilotexp.s3.ca-central-1.amazonaws.com/cifar10/IMG_TRANSFORMED/brightness/batch_2_5736.png,0,0,0
frost/batch_3_6499.png,https://pilotexp.s3.ca-central-1.amazonaws.com/cifar10/IMG_ORIGINAL/frost/batch_3_6499.png,https://pilotexp.s3.ca-central-1.amazonaws.com/cifar10/IMG_TRANSFORMED/frost/batch_3_6499.png,0,0,0
jpeg_compression/batch_3_9322.png,https://pilotexp.s3.ca-central-1.amazonaws.com/cifar10/IMG_ORIGINAL/jpeg_compression/batch_3_9322.png,https://pilotexp.s3.ca-central-1.amazonaws.com/cifar10/IMG_TRANSFORMED/jpeg_compression/batch_3_9322.png,0,0,0
jpeg_compression/batch_3_504.png,https://pilotexp.s3.ca-central-1.amazonaws.com/cifar10/IMG_ORIGINAL/jpeg_compression/batch_3_504.png,https://pilotexp.s3.ca-central-1.amazonaws.com/cifar10/IMG_TRANSFORMED/jpeg_compression/batch_3_504.png,0,1,1
jpeg_compression/batch_5_8827.png,https://pilotexp.s3.ca-central-1.amazonaws.com/cifar10/IMG_ORIGINAL/jpeg_compression/batch_5_8827.png,https://pilotexp.s3.ca-central-1.amazonaws.com/cifar10/IMG_TRANSFORMED/jpeg_compression/batch_5_8827.png,1,1,0
contrast/batch_1_8457.png,https://pilotexp.s3.ca-central-1.amazonaws.com/cifar10/IMG_ORIGINAL/contrast/batch_1_8457.png,https://pilotexp.s3.ca-central-1.amazonaws.com/cifar10/IMG_TRANSFORMED/contrast/batch_1_8457.png,0,0,0
frost/batch_4_1402.png,https://pilotexp.s3.ca-central-1.amazonaws.com/cifar10/IMG_ORIGINAL/frost/batch_4_1402.png,https://pilotexp.s3.ca-central-1.amazonaws.com/cifar10/IMG_TRANSFORMED/frost/batch_4_1402.png,0,0,0
jpeg_compression/batch_2_548.png,https://pilotexp.s3.ca-central-1.amazonaws.com/cifar10/IMG_ORIGINAL/jpeg_compression/batch_2_548.png,https://pilotexp.s3.ca-central-1.amazonaws.com/cifar10/IMG_TRANSFORMED/jpeg_compression/batch_2_548.png,0,0,0
frost/batch_3_982.png,https://pilotexp.s3.ca-central-1.amazonaws.com/cifar10/IMG_ORIGINAL/frost/batch_3_982.png,https://pilotexp.s3.ca-central-1.amazonaws.com/cifar10/IMG_TRANSFORMED/frost/batch_3_982.png,0,0,0
jpeg_compression/batch_3_9017.png,https://pilotexp.s3.ca-central-1.amazonaws.com/cifar10/IMG_ORIGINAL/jpeg_compression/batch_3_9017.png,https://pilotexp.s3.ca-central-1.amazonaws.com/cifar10/IMG_TRANSFORMED/jpeg_compression/batch_3_9017.png,0,0,0
frost/batch_1_4569.png,https://pilotexp.s3.ca-central-1.amazonaws.com/cifar10/IMG_ORIGINAL/frost/batch_1_4569.png,https://pilotexp.s3.ca-central-1.amazonaws.com/cifar10/IMG_TRANSFORMED/frost/batch_1_4569.png,0,0,0
brightness/batch_4_8614.png,https://pilotexp.s3.ca-central-1.amazonaws.com/cifar10/IMG_ORIGINAL/brightness/batch_4_8614.png,https://pilotexp.s3.ca-central-1.amazonaws.com/cifar10/IMG_TRANSFORMED/brightness/batch_4_8614.png,0,0,0
jpeg_compression/batch_2_9070.png,https://pilotexp.s3.ca-central-1.amazonaws.com/cifar10/IMG_ORIGINAL/jpeg_compression/batch_2_9070.png,https://pilotexp.s3.ca-central-1.amazonaws.com/cifar10/IMG_TRANSFORMED/jpeg_compression/batch_2_9070.png,0,0,0
jpeg_compression/batch_4_3419.png,https://pilotexp.s3.ca-central-1.amazonaws.com/cifar10/IMG_ORIGINAL/jpeg_compression/batch_4_3419.png,https://pilotexp.s3.ca-central-1.amazonaws.com/cifar10/IMG_TRANSFORMED/jpeg_compression/batch_4_3419.png,0,0,0
jpeg_compression/batch_2_7425.png,https://pilotexp.s3.ca-central-1.amazonaws.com/cifar10/IMG_ORIGINAL/jpeg_compression/batch_2_7425.png,https://pilotexp.s3.ca-central-1.amazonaws.com/cifar10/IMG_TRANSFORMED/jpeg_compression/batch_2_7425.png,0,0,0
contrast/batch_4_2120.png,https://pilotexp.s3.ca-central-1.amazonaws.com/cifar10/IMG_ORIGINAL/contrast/batch_4_2120.png,https://pilotexp.s3.ca-central-1.amazonaws.com/cifar10/IMG_TRANSFORMED/contrast/batch_4_2120.png,0,0,0
brightness/batch_3_4845.png,https://pilotexp.s3.ca-central-1.amazonaws.com/cifar10/IMG_ORIGINAL/brightness/batch_3_4845.png,https://pilotexp.s3.ca-central-1.amazonaws.com/cifar10/IMG_TRANSFORMED/brightness/batch_3_4845.png,0,0,0
contrast/batch_3_1942.png,https://pilotexp.s3.ca-central-1.amazonaws.com/cifar10/IMG_ORIGINAL/contrast/batch_3_1942.png,https://pilotexp.s3.ca-central-1.amazonaws.com/cifar10/IMG_TRANSFORMED/contrast/batch_3_1942.png,0,0,0
jpeg_compression/batch_1_4412.png,https://pilotexp.s3.ca-central-1.amazonaws.com/cifar10/IMG_ORIGINAL/jpeg_compression/batch_1_4412.png,https://pilotexp.s3.ca-central-1.amazonaws.com/cifar10/IMG_TRANSFORMED/jpeg_compression/batch_1_4412.png,0,1,1
brightness/batch_5_9847.png,https://pilotexp.s3.ca-central-1.amazonaws.com/cifar10/IMG_ORIGINAL/brightness/batch_5_9847.png,https://pilotexp.s3.ca-central-1.amazonaws.com/cifar10/IMG_TRANSFORMED/brightness/batch_5_9847.png,1,1,0
contrast/batch_2_886.png,https://pilotexp.s3.ca-central-1.amazonaws.com/cifar10/IMG_ORIGINAL/contrast/batch_2_886.png,https://pilotexp.s3.ca-central-1.amazonaws.com/cifar10/IMG_TRANSFORMED/contrast/batch_2_886.png,0,0,0
jpeg_compression/batch_1_2140.png,https://pilotexp.s3.ca-central-1.amazonaws.com/cifar10/IMG_ORIGINAL/jpeg_compression/batch_1_2140.png,https://pilotexp.s3.ca-central-1.amazonaws.com/cifar10/IMG_TRANSFORMED/jpeg_compression/batch_1_2140.png,0,0,0
jpeg_compression/batch_4_6935.png,https://pilotexp.s3.ca-central-1.amazonaws.com/cifar10/IMG_ORIGINAL/jpeg_compression/batch_4_6935.png,https://pilotexp.s3.ca-central-1.amazonaws.com/cifar10/IMG_TRANSFORMED/jpeg_compression/batch_4_6935.png,1,1,0
contrast/batch_3_1807.png,https://pilotexp.s3.ca-central-1.amazonaws.com/cifar10/IMG_ORIGINAL/contrast/batch_3_1807.png,https://pilotexp.s3.ca-central-1.amazonaws.com/cifar10/IMG_TRANSFORMED/contrast/batch_3_1807.png,0,0,0
frost/batch_1_8411.png,https://pilotexp.s3.ca-central-1.amazonaws.com/cifar10/IMG_ORIGINAL/frost/batch_1_8411.png,https://pilotexp.s3.ca-central-1.amazonaws.com/cifar10/IMG_TRANSFORMED/frost/batch_1_8411.png,0,0,0
brightness/batch_1_2409.png,https://pilotexp.s3.ca-central-1.amazonaws.com/cifar10/IMG_ORIGINAL/brightness/batch_1_2409.png,https://pilotexp.s3.ca-central-1.amazonaws.com/cifar10/IMG_TRANSFORMED/brightness/batch_1_2409.png,0,0,0
contrast/batch_5_2061.png,https://pilotexp.s3.ca-central-1.amazonaws.com/cifar10/IMG_ORIGINAL/contrast/batch_5_2061.png,https://pilotexp.s3.ca-central-1.amazonaws.com/cifar10/IMG_TRANSFORMED/contrast/batch_5_2061.png,0,0,0
contrast/batch_5_6178.png,https://pilotexp.s3.ca-central-1.amazonaws.com/cifar10/IMG_ORIGINAL/contrast/batch_5_6178.png,https://pilotexp.s3.ca-central-1.amazonaws.com/cifar10/IMG_TRANSFORMED/contrast/batch_5_6178.png,1,0,1
brightness/batch_5_1679.png,https://pilotexp.s3.ca-central-1.amazonaws.com/cifar10/IMG_ORIGINAL/brightness/batch_5_1679.png,https://pilotexp.s3.ca-central-1.amazonaws.com/cifar10/IMG_TRANSFORMED/brightness/batch_5_1679.png,0,0,0
frost/batch_5_4014.png,https://pilotexp.s3.ca-central-1.amazonaws.com/cifar10/IMG_ORIGINAL/frost/batch_5_4014.png,https://pilotexp.s3.ca-central-1.amazonaws.com/cifar10/IMG_TRANSFORMED/frost/batch_5_4014.png,0,0,0
brightness/batch_1_4594.png,https://pilotexp.s3.ca-central-1.amazonaws.com/cifar10/IMG_ORIGINAL/brightness/batch_1_4594.png,https://pilotexp.s3.ca-central-1.amazonaws.com/cifar10/IMG_TRANSFORMED/brightness/batch_1_4594.png,0,0,0
contrast/batch_1_3118.png,https://pilotexp.s3.ca-central-1.amazonaws.com/cifar10/IMG_ORIGINAL/contrast/batch_1_3118.png,https://pilotexp.s3.ca-central-1.amazonaws.com/cifar10/IMG_TRANSFORMED/contrast/batch_1_3118.png,0,0,0
frost/batch_2_4952.png,https://pilotexp.s3.ca-central-1.amazonaws.com/cifar10/IMG_ORIGINAL/frost/batch_2_4952.png,https://pilotexp.s3.ca-central-1.amazonaws.com/cifar10/IMG_TRANSFORMED/frost/batch_2_4952.png,0,0,0
contrast/batch_1_1640.png,https://pilotexp.s3.ca-central-1.amazonaws.com/cifar10/IMG_ORIGINAL/contrast/batch_1_1640.png,https://pilotexp.s3.ca-central-1.amazonaws.com/cifar10/IMG_TRANSFORMED/contrast/batch_1_1640.png,0,0,0
jpeg_compression/batch_2_9739.png,https://pilotexp.s3.ca-central-1.amazonaws.com/cifar10/IMG_ORIGINAL/jpeg_compression/batch_2_9739.png,https://pilotexp.s3.ca-central-1.amazonaws.com/cifar10/IMG_TRANSFORMED/jpeg_compression/batch_2_9739.png,0,0,0
brightness/batch_3_4058.png,https://pilotexp.s3.ca-central-1.amazonaws.com/cifar10/IMG_ORIGINAL/brightness/batch_3_4058.png,https://pilotexp.s3.ca-central-1.amazonaws.com/cifar10/IMG_TRANSFORMED/brightness/batch_3_4058.png,0,0,0
brightness/batch_4_8334.png,https://pilotexp.s3.ca-central-1.amazonaws.com/cifar10/IMG_ORIGINAL/brightness/batch_4_8334.png,https://pilotexp.s3.ca-central-1.amazonaws.com/cifar10/IMG_TRANSFORMED/brightness/batch_4_8334.png,0,0,0
contrast/batch_2_7669.png,https://pilotexp.s3.ca-central-1.amazonaws.com/cifar10/IMG_ORIGINAL/contrast/batch_2_7669.png,https://pilotexp.s3.ca-central-1.amazonaws.com/cifar10/IMG_TRANSFORMED/contrast/batch_2_7669.png,0,0,0
jpeg_compression/batch_5_1737.png,https://pilotexp.s3.ca-central-1.amazonaws.com/cifar10/IMG_ORIGINAL/jpeg_compression/batch_5_1737.png,https://pilotexp.s3.ca-central-1.amazonaws.com/cifar10/IMG_TRANSFORMED/jpeg_compression/batch_5_1737.png,0,0,0
contrast/batch_1_7028.png,https://pilotexp.s3.ca-central-1.amazonaws.com/cifar10/IMG_ORIGINAL/contrast/batch_1_7028.png,https://pilotexp.s3.ca-central-1.amazonaws.com/cifar10/IMG_TRANSFORMED/contrast/batch_1_7028.png,0,0,0
contrast/batch_4_9534.png,https://pilotexp.s3.ca-central-1.amazonaws.com/cifar10/IMG_ORIGINAL/contrast/batch_4_9534.png,https://pilotexp.s3.ca-central-1.amazonaws.com/cifar10/IMG_TRANSFORMED/contrast/batch_4_9534.png,0,0,0
contrast/batch_1_7417.png,https://pilotexp.s3.ca-central-1.amazonaws.com/cifar10/IMG_ORIGINAL/contrast/batch_1_7417.png,https://pilotexp.s3.ca-central-1.amazonaws.com/cifar10/IMG_TRANSFORMED/contrast/batch_1_7417.png,0,0,0
jpeg_compression/batch_4_9939.png,https://pilotexp.s3.ca-central-1.amazonaws.com/cifar10/IMG_ORIGINAL/jpeg_compression/batch_4_9939.png,https://pilotexp.s3.ca-central-1.amazonaws.com/cifar10/IMG_TRANSFORMED/jpeg_compression/batch_4_9939.png,0,0,0
frost/batch_2_7598.png,https://pilotexp.s3.ca-central-1.amazonaws.com/cifar10/IMG_ORIGINAL/frost/batch_2_7598.png,https://pilotexp.s3.ca-central-1.amazonaws.com/cifar10/IMG_TRANSFORMED/frost/batch_2_7598.png,0,0,0
contrast/batch_1_1023.png,https://pilotexp.s3.ca-central-1.amazonaws.com/cifar10/IMG_ORIGINAL/contrast/batch_1_1023.png,https://pilotexp.s3.ca-central-1.amazonaws.com/cifar10/IMG_TRANSFORMED/contrast/batch_1_1023.png,0,0,0
jpeg_compression/batch_3_1985.png,https://pilotexp.s3.ca-central-1.amazonaws.com/cifar10/IMG_ORIGINAL/jpeg_compression/batch_3_1985.png,https://pilotexp.s3.ca-central-1.amazonaws.com/cifar10/IMG_TRANSFORMED/jpeg_compression/batch_3_1985.png,1,1,0
jpeg_compression/batch_3_818.png,https://pilotexp.s3.ca-central-1.amazonaws.com/cifar10/IMG_ORIGINAL/jpeg_compression/batch_3_818.png,https://pilotexp.s3.ca-central-1.amazonaws.com/cifar10/IMG_TRANSFORMED/jpeg_compression/batch_3_818.png,0,0,0
frost/batch_3_7407.png,https://pilotexp.s3.ca-central-1.amazonaws.com/cifar10/IMG_ORIGINAL/frost/batch_3_7407.png,https://pilotexp.s3.ca-central-1.amazonaws.com/cifar10/IMG_TRANSFORMED/frost/batch_3_7407.png,0,0,0
frost/batch_1_5571.png,https://pilotexp.s3.ca-central-1.amazonaws.com/cifar10/IMG_ORIGINAL/frost/batch_1_5571.png,https://pilotexp.s3.ca-central-1.amazonaws.com/cifar10/IMG_TRANSFORMED/frost/batch_1_5571.png,0,0,0
frost/batch_1_8043.png,https://pilotexp.s3.ca-central-1.amazonaws.com/cifar10/IMG_ORIGINAL/frost/batch_1_8043.png,https://pilotexp.s3.ca-central-1.amazonaws.com/cifar10/IMG_TRANSFORMED/frost/batch_1_8043.png,0,0,0
brightness/batch_4_3523.png,https://pilotexp.s3.ca-central-1.amazonaws.com/cifar10/IMG_ORIGINAL/brightness/batch_4_3523.png,https://pilotexp.s3.ca-central-1.amazonaws.com/cifar10/IMG_TRANSFORMED/brightness/batch_4_3523.png,0,0,0
jpeg_compression/batch_5_7728.png,https://pilotexp.s3.ca-central-1.amazonaws.com/cifar10/IMG_ORIGINAL/jpeg_compression/batch_5_7728.png,https://pilotexp.s3.ca-central-1.amazonaws.com/cifar10/IMG_TRANSFORMED/jpeg_compression/batch_5_7728.png,0,0,0
jpeg_compression/batch_4_8554.png,https://pilotexp.s3.ca-central-1.amazonaws.com/cifar10/IMG_ORIGINAL/jpeg_compression/batch_4_8554.png,https://pilotexp.s3.ca-central-1.amazonaws.com/cifar10/IMG_TRANSFORMED/jpeg_compression/batch_4_8554.png,0,0,0
brightness/batch_1_2206.png,https://pilotexp.s3.ca-central-1.amazonaws.com/cifar10/IMG_ORIGINAL/brightness/batch_1_2206.png,https://pilotexp.s3.ca-central-1.amazonaws.com/cifar10/IMG_TRANSFORMED/brightness/batch_1_2206.png,1,0,1
contrast/batch_2_1059.png,https://pilotexp.s3.ca-central-1.amazonaws.com/cifar10/IMG_ORIGINAL/contrast/batch_2_1059.png,https://pilotexp.s3.ca-central-1.amazonaws.com/cifar10/IMG_TRANSFORMED/contrast/batch_2_1059.png,0,0,0
jpeg_compression/batch_4_2832.png,https://pilotexp.s3.ca-central-1.amazonaws.com/cifar10/IMG_ORIGINAL/jpeg_compression/batch_4_2832.png,https://pilotexp.s3.ca-central-1.amazonaws.com/cifar10/IMG_TRANSFORMED/jpeg_compression/batch_4_2832.png,0,0,0
contrast/batch_1_3577.png,https://pilotexp.s3.ca-central-1.amazonaws.com/cifar10/IMG_ORIGINAL/contrast/batch_1_3577.png,https://pilotexp.s3.ca-central-1.amazonaws.com/cifar10/IMG_TRANSFORMED/contrast/batch_1_3577.png,0,0,0
jpeg_compression/batch_1_9660.png,https://pilotexp.s3.ca-central-1.amazonaws.com/cifar10/IMG_ORIGINAL/jpeg_compression/batch_1_9660.png,https://pilotexp.s3.ca-central-1.amazonaws.com/cifar10/IMG_TRANSFORMED/jpeg_compression/batch_1_9660.png,0,0,0
frost/batch_5_726.png,https://pilotexp.s3.ca-central-1.amazonaws.com/cifar10/IMG_ORIGINAL/frost/batch_5_726.png,https://pilotexp.s3.ca-central-1.amazonaws.com/cifar10/IMG_TRANSFORMED/frost/batch_5_726.png,0,0,0
frost/batch_1_1746.png,https://pilotexp.s3.ca-central-1.amazonaws.com/cifar10/IMG_ORIGINAL/frost/batch_1_1746.png,https://pilotexp.s3.ca-central-1.amazonaws.com/cifar10/IMG_TRANSFORMED/frost/batch_1_1746.png,0,0,0
frost/batch_3_5608.png,https://pilotexp.s3.ca-central-1.amazonaws.com/cifar10/IMG_ORIGINAL/frost/batch_3_5608.png,https://pilotexp.s3.ca-central-1.amazonaws.com/cifar10/IMG_TRANSFORMED/frost/batch_3_5608.png,1,1,0
frost/batch_3_7949.png,https://pilotexp.s3.ca-central-1.amazonaws.com/cifar10/IMG_ORIGINAL/frost/batch_3_7949.png,https://pilotexp.s3.ca-central-1.amazonaws.com/cifar10/IMG_TRANSFORMED/frost/batch_3_7949.png,1,1,0
frost/batch_1_7027.png,https://pilotexp.s3.ca-central-1.amazonaws.com/cifar10/IMG_ORIGINAL/frost/batch_1_7027.png,https://pilotexp.s3.ca-central-1.amazonaws.com/cifar10/IMG_TRANSFORMED/frost/batch_1_7027.png,0,0,0
brightness/batch_4_5551.png,https://pilotexp.s3.ca-central-1.amazonaws.com/cifar10/IMG_ORIGINAL/brightness/batch_4_5551.png,https://pilotexp.s3.ca-central-1.amazonaws.com/cifar10/IMG_TRANSFORMED/brightness/batch_4_5551.png,0,0,0
frost/batch_1_8617.png,https://pilotexp.s3.ca-central-1.amazonaws.com/cifar10/IMG_ORIGINAL/frost/batch_1_8617.png,https://pilotexp.s3.ca-central-1.amazonaws.com/cifar10/IMG_TRANSFORMED/frost/batch_1_8617.png,0,0,0
brightness/batch_5_974.png,https://pilotexp.s3.ca-central-1.amazonaws.com/cifar10/IMG_ORIGINAL/brightness/batch_5_974.png,https://pilotexp.s3.ca-central-1.amazonaws.com/cifar10/IMG_TRANSFORMED/brightness/batch_5_974.png,0,0,0
contrast/batch_1_6241.png,https://pilotexp.s3.ca-central-1.amazonaws.com/cifar10/IMG_ORIGINAL/contrast/batch_1_6241.png,https://pilotexp.s3.ca-central-1.amazonaws.com/cifar10/IMG_TRANSFORMED/contrast/batch_1_6241.png,1,0,1
jpeg_compression/batch_3_4532.png,https://pilotexp.s3.ca-central-1.amazonaws.com/cifar10/IMG_ORIGINAL/jpeg_compression/batch_3_4532.png,https://pilotexp.s3.ca-central-1.amazonaws.com/cifar10/IMG_TRANSFORMED/jpeg_compression/batch_3_4532.png,0,0,0
brightness/batch_1_4186.png,https://pilotexp.s3.ca-central-1.amazonaws.com/cifar10/IMG_ORIGINAL/brightness/batch_1_4186.png,https://pilotexp.s3.ca-central-1.amazonaws.com/cifar10/IMG_TRANSFORMED/brightness/batch_1_4186.png,0,0,0
frost/batch_2_8908.png,https://pilotexp.s3.ca-central-1.amazonaws.com/cifar10/IMG_ORIGINAL/frost/batch_2_8908.png,https://pilotexp.s3.ca-central-1.amazonaws.com/cifar10/IMG_TRANSFORMED/frost/batch_2_8908.png,1,0,1
jpeg_compression/batch_5_6328.png,https://pilotexp.s3.ca-central-1.amazonaws.com/cifar10/IMG_ORIGINAL/jpeg_compression/batch_5_6328.png,https://pilotexp.s3.ca-central-1.amazonaws.com/cifar10/IMG_TRANSFORMED/jpeg_compression/batch_5_6328.png,1,1,0
jpeg_compression/batch_5_9915.png,https://pilotexp.s3.ca-central-1.amazonaws.com/cifar10/IMG_ORIGINAL/jpeg_compression/batch_5_9915.png,https://pilotexp.s3.ca-central-1.amazonaws.com/cifar10/IMG_TRANSFORMED/jpeg_compression/batch_5_9915.png,0,1,1
frost/batch_4_1909.png,https://pilotexp.s3.ca-central-1.amazonaws.com/cifar10/IMG_ORIGINAL/frost/batch_4_1909.png,https://pilotexp.s3.ca-central-1.amazonaws.com/cifar10/IMG_TRANSFORMED/frost/batch_4_1909.png,1,0,1
contrast/batch_4_969.png,https://pilotexp.s3.ca-central-1.amazonaws.com/cifar10/IMG_ORIGINAL/contrast/batch_4_969.png,https://pilotexp.s3.ca-central-1.amazonaws.com/cifar10/IMG_TRANSFORMED/contrast/batch_4_969.png,0,0,0
contrast/batch_3_923.png,https://pilotexp.s3.ca-central-1.amazonaws.com/cifar10/IMG_ORIGINAL/contrast/batch_3_923.png,https://pilotexp.s3.ca-central-1.amazonaws.com/cifar10/IMG_TRANSFORMED/contrast/batch_3_923.png,0,0,0
contrast/batch_1_1422.png,https://pilotexp.s3.ca-central-1.amazonaws.com/cifar10/IMG_ORIGINAL/contrast/batch_1_1422.png,https://pilotexp.s3.ca-central-1.amazonaws.com/cifar10/IMG_TRANSFORMED/contrast/batch_1_1422.png,1,1,0
frost/batch_3_4508.png,https://pilotexp.s3.ca-central-1.amazonaws.com/cifar10/IMG_ORIGINAL/frost/batch_3_4508.png,https://pilotexp.s3.ca-central-1.amazonaws.com/cifar10/IMG_TRANSFORMED/frost/batch_3_4508.png,0,0,0
contrast/batch_4_5607.png,https://pilotexp.s3.ca-central-1.amazonaws.com/cifar10/IMG_ORIGINAL/contrast/batch_4_5607.png,https://pilotexp.s3.ca-central-1.amazonaws.com/cifar10/IMG_TRANSFORMED/contrast/batch_4_5607.png,1,1,0
frost/batch_3_4982.png,https://pilotexp.s3.ca-central-1.amazonaws.com/cifar10/IMG_ORIGINAL/frost/batch_3_4982.png,https://pilotexp.s3.ca-central-1.amazonaws.com/cifar10/IMG_TRANSFORMED/frost/batch_3_4982.png,0,0,0
jpeg_compression/batch_3_2117.png,https://pilotexp.s3.ca-central-1.amazonaws.com/cifar10/IMG_ORIGINAL/jpeg_compression/batch_3_2117.png,https://pilotexp.s3.ca-central-1.amazonaws.com/cifar10/IMG_TRANSFORMED/jpeg_compression/batch_3_2117.png,1,1,0
brightness/batch_5_3651.png,https://pilotexp.s3.ca-central-1.amazonaws.com/cifar10/IMG_ORIGINAL/brightness/batch_5_3651.png,https://pilotexp.s3.ca-central-1.amazonaws.com/cifar10/IMG_TRANSFORMED/brightness/batch_5_3651.png,0,0,0
frost/batch_3_5341.png,https://pilotexp.s3.ca-central-1.amazonaws.com/cifar10/IMG_ORIGINAL/frost/batch_3_5341.png,https://pilotexp.s3.ca-central-1.amazonaws.com/cifar10/IMG_TRANSFORMED/frost/batch_3_5341.png,0,0,0
contrast/batch_3_1964.png,https://pilotexp.s3.ca-central-1.amazonaws.com/cifar10/IMG_ORIGINAL/contrast/batch_3_1964.png,https://pilotexp.s3.ca-central-1.amazonaws.com/cifar10/IMG_TRANSFORMED/contrast/batch_3_1964.png,0,0,0
jpeg_compression/batch_5_9196.png,https://pilotexp.s3.ca-central-1.amazonaws.com/cifar10/IMG_ORIGINAL/jpeg_compression/batch_5_9196.png,https://pilotexp.s3.ca-central-1.amazonaws.com/cifar10/IMG_TRANSFORMED/jpeg_compression/batch_5_9196.png,1,1,0
contrast/batch_3_8865.png,https://pilotexp.s3.ca-central-1.amazonaws.com/cifar10/IMG_ORIGINAL/contrast/batch_3_8865.png,https://pilotexp.s3.ca-central-1.amazonaws.com/cifar10/IMG_TRANSFORMED/contrast/batch_3_8865.png,0,0,0
brightness/batch_3_7973.png,https://pilotexp.s3.ca-central-1.amazonaws.com/cifar10/IMG_ORIGINAL/brightness/batch_3_7973.png,https://pilotexp.s3.ca-central-1.amazonaws.com/cifar10/IMG_TRANSFORMED/brightness/batch_3_7973.png,0,0,0
jpeg_compression/batch_5_6138.png,https://pilotexp.s3.ca-central-1.amazonaws.com/cifar10/IMG_ORIGINAL/jpeg_compression/batch_5_6138.png,https://pilotexp.s3.ca-central-1.amazonaws.com/cifar10/IMG_TRANSFORMED/jpeg_compression/batch_5_6138.png,0,0,0
jpeg_compression/batch_5_7470.png,https://pilotexp.s3.ca-central-1.amazonaws.com/cifar10/IMG_ORIGINAL/jpeg_compression/batch_5_7470.png,https://pilotexp.s3.ca-central-1.amazonaws.com/cifar10/IMG_TRANSFORMED/jpeg_compression/batch_5_7470.png,1,1,0
frost/batch_5_2917.png,https://pilotexp.s3.ca-central-1.amazonaws.com/cifar10/IMG_ORIGINAL/frost/batch_5_2917.png,https://pilotexp.s3.ca-central-1.amazonaws.com/cifar10/IMG_TRANSFORMED/frost/batch_5_2917.png,0,0,0
jpeg_compression/batch_2_9732.png,https://pilotexp.s3.ca-central-1.amazonaws.com/cifar10/IMG_ORIGINAL/jpeg_compression/batch_2_9732.png,https://pilotexp.s3.ca-central-1.amazonaws.com/cifar10/IMG_TRANSFORMED/jpeg_compression/batch_2_9732.png,0,0,0
brightness/batch_1_7730.png,https://pilotexp.s3.ca-central-1.amazonaws.com/cifar10/IMG_ORIGINAL/brightness/batch_1_7730.png,https://pilotexp.s3.ca-central-1.amazonaws.com/cifar10/IMG_TRANSFORMED/brightness/batch_1_7730.png,0,0,0
frost/batch_1_1391.png,https://pilotexp.s3.ca-central-1.amazonaws.com/cifar10/IMG_ORIGINAL/frost/batch_1_1391.png,https://pilotexp.s3.ca-central-1.amazonaws.com/cifar10/IMG_TRANSFORMED/frost/batch_1_1391.png,0,0,0
contrast/batch_4_7296.png,https://pilotexp.s3.ca-central-1.amazonaws.com/cifar10/IMG_ORIGINAL/contrast/batch_4_7296.png,https://pilotexp.s3.ca-central-1.amazonaws.com/cifar10/IMG_TRANSFORMED/contrast/batch_4_7296.png,1,1,0
contrast/batch_2_8757.png,https://pilotexp.s3.ca-central-1.amazonaws.com/cifar10/IMG_ORIGINAL/contrast/batch_2_8757.png,https://pilotexp.s3.ca-central-1.amazonaws.com/cifar10/IMG_TRANSFORMED/contrast/batch_2_8757.png,0,0,0
brightness/batch_1_1140.png,https://pilotexp.s3.ca-central-1.amazonaws.com/cifar10/IMG_ORIGINAL/brightness/batch_1_1140.png,https://pilotexp.s3.ca-central-1.amazonaws.com/cifar10/IMG_TRANSFORMED/brightness/batch_1_1140.png,1,0,0
contrast/batch_5_9544.png,https://pilotexp.s3.ca-central-1.amazonaws.com/cifar10/IMG_ORIGINAL/contrast/batch_5_9544.png,https://pilotexp.s3.ca-central-1.amazonaws.com/cifar10/IMG_TRANSFORMED/contrast/batch_5_9544.png,0,0,0
frost/batch_5_3268.png,https://pilotexp.s3.ca-central-1.amazonaws.com/cifar10/IMG_ORIGINAL/frost/batch_5_3268.png,https://pilotexp.s3.ca-central-1.amazonaws.com/cifar10/IMG_TRANSFORMED/frost/batch_5_3268.png,0,0,0
jpeg_compression/batch_2_6551.png,https://pilotexp.s3.ca-central-1.amazonaws.com/cifar10/IMG_ORIGINAL/jpeg_compression/batch_2_6551.png,https://pilotexp.s3.ca-central-1.amazonaws.com/cifar10/IMG_TRANSFORMED/jpeg_compression/batch_2_6551.png,1,0,1
brightness/batch_5_596.png,https://pilotexp.s3.ca-central-1.amazonaws.com/cifar10/IMG_ORIGINAL/brightness/batch_5_596.png,https://pilotexp.s3.ca-central-1.amazonaws.com/cifar10/IMG_TRANSFORMED/brightness/batch_5_596.png,1,1,0
contrast/batch_2_7115.png,https://pilotexp.s3.ca-central-1.amazonaws.com/cifar10/IMG_ORIGINAL/contrast/batch_2_7115.png,https://pilotexp.s3.ca-central-1.amazonaws.com/cifar10/IMG_TRANSFORMED/contrast/batch_2_7115.png,0,0,0
contrast/batch_4_5975.png,https://pilotexp.s3.ca-central-1.amazonaws.com/cifar10/IMG_ORIGINAL/contrast/batch_4_5975.png,https://pilotexp.s3.ca-central-1.amazonaws.com/cifar10/IMG_TRANSFORMED/contrast/batch_4_5975.png,0,0,0
brightness/batch_5_9893.png,https://pilotexp.s3.ca-central-1.amazonaws.com/cifar10/IMG_ORIGINAL/brightness/batch_5_9893.png,https://pilotexp.s3.ca-central-1.amazonaws.com/cifar10/IMG_TRANSFORMED/brightness/batch_5_9893.png,0,0,0
frost/batch_3_6432.png,https://pilotexp.s3.ca-central-1.amazonaws.com/cifar10/IMG_ORIGINAL/frost/batch_3_6432.png,https://pilotexp.s3.ca-central-1.amazonaws.com/cifar10/IMG_TRANSFORMED/frost/batch_3_6432.png,0,0,0
contrast/batch_2_4275.png,https://pilotexp.s3.ca-central-1.amazonaws.com/cifar10/IMG_ORIGINAL/contrast/batch_2_4275.png,https://pilotexp.s3.ca-central-1.amazonaws.com/cifar10/IMG_TRANSFORMED/contrast/batch_2_4275.png,0,0,0
brightness/batch_4_6771.png,https://pilotexp.s3.ca-central-1.amazonaws.com/cifar10/IMG_ORIGINAL/brightness/batch_4_6771.png,https://pilotexp.s3.ca-central-1.amazonaws.com/cifar10/IMG_TRANSFORMED/brightness/batch_4_6771.png,0,0,0
contrast/batch_2_8051.png,https://pilotexp.s3.ca-central-1.amazonaws.com/cifar10/IMG_ORIGINAL/contrast/batch_2_8051.png,https://pilotexp.s3.ca-central-1.amazonaws.com/cifar10/IMG_TRANSFORMED/contrast/batch_2_8051.png,0,0,0
jpeg_compression/batch_4_7086.png,https://pilotexp.s3.ca-central-1.amazonaws.com/cifar10/IMG_ORIGINAL/jpeg_compression/batch_4_7086.png,https://pilotexp.s3.ca-central-1.amazonaws.com/cifar10/IMG_TRANSFORMED/jpeg_compression/batch_4_7086.png,0,0,0
contrast/batch_2_5626.png,https://pilotexp.s3.ca-central-1.amazonaws.com/cifar10/IMG_ORIGINAL/contrast/batch_2_5626.png,https://pilotexp.s3.ca-central-1.amazonaws.com/cifar10/IMG_TRANSFORMED/contrast/batch_2_5626.png,0,0,0
frost/batch_4_9672.png,https://pilotexp.s3.ca-central-1.amazonaws.com/cifar10/IMG_ORIGINAL/frost/batch_4_9672.png,https://pilotexp.s3.ca-central-1.amazonaws.com/cifar10/IMG_TRANSFORMED/frost/batch_4_9672.png,1,0,1
contrast/batch_5_3553.png,https://pilotexp.s3.ca-central-1.amazonaws.com/cifar10/IMG_ORIGINAL/contrast/batch_5_3553.png,https://pilotexp.s3.ca-central-1.amazonaws.com/cifar10/IMG_TRANSFORMED/contrast/batch_5_3553.png,0,0,0
brightness/batch_3_4206.png,https://pilotexp.s3.ca-central-1.amazonaws.com/cifar10/IMG_ORIGINAL/brightness/batch_3_4206.png,https://pilotexp.s3.ca-central-1.amazonaws.com/cifar10/IMG_TRANSFORMED/brightness/batch_3_4206.png,1,1,0
contrast/batch_5_2199.png,https://pilotexp.s3.ca-central-1.amazonaws.com/cifar10/IMG_ORIGINAL/contrast/batch_5_2199.png,https://pilotexp.s3.ca-central-1.amazonaws.com/cifar10/IMG_TRANSFORMED/contrast/batch_5_2199.png,0,0,0
brightness/batch_5_3873.png,https://pilotexp.s3.ca-central-1.amazonaws.com/cifar10/IMG_ORIGINAL/brightness/batch_5_3873.png,https://pilotexp.s3.ca-central-1.amazonaws.com/cifar10/IMG_TRANSFORMED/brightness/batch_5_3873.png,0,0,0
brightness/batch_2_4251.png,https://pilotexp.s3.ca-central-1.amazonaws.com/cifar10/IMG_ORIGINAL/brightness/batch_2_4251.png,https://pilotexp.s3.ca-central-1.amazonaws.com/cifar10/IMG_TRANSFORMED/brightness/batch_2_4251.png,0,0,0
brightness/batch_3_8993.png,https://pilotexp.s3.ca-central-1.amazonaws.com/cifar10/IMG_ORIGINAL/brightness/batch_3_8993.png,https://pilotexp.s3.ca-central-1.amazonaws.com/cifar10/IMG_TRANSFORMED/brightness/batch_3_8993.png,0,0,0
jpeg_compression/batch_5_6545.png,https://pilotexp.s3.ca-central-1.amazonaws.com/cifar10/IMG_ORIGINAL/jpeg_compression/batch_5_6545.png,https://pilotexp.s3.ca-central-1.amazonaws.com/cifar10/IMG_TRANSFORMED/jpeg_compression/batch_5_6545.png,0,0,0
jpeg_compression/batch_1_4424.png,https://pilotexp.s3.ca-central-1.amazonaws.com/cifar10/IMG_ORIGINAL/jpeg_compression/batch_1_4424.png,https://pilotexp.s3.ca-central-1.amazonaws.com/cifar10/IMG_TRANSFORMED/jpeg_compression/batch_1_4424.png,0,0,0
jpeg_compression/batch_4_7092.png,https://pilotexp.s3.ca-central-1.amazonaws.com/cifar10/IMG_ORIGINAL/jpeg_compression/batch_4_7092.png,https://pilotexp.s3.ca-central-1.amazonaws.com/cifar10/IMG_TRANSFORMED/jpeg_compression/batch_4_7092.png,1,0,1
jpeg_compression/batch_3_2735.png,https://pilotexp.s3.ca-central-1.amazonaws.com/cifar10/IMG_ORIGINAL/jpeg_compression/batch_3_2735.png,https://pilotexp.s3.ca-central-1.amazonaws.com/cifar10/IMG_TRANSFORMED/jpeg_compression/batch_3_2735.png,0,0,0
frost/batch_4_5864.png,https://pilotexp.s3.ca-central-1.amazonaws.com/cifar10/IMG_ORIGINAL/frost/batch_4_5864.png,https://pilotexp.s3.ca-central-1.amazonaws.com/cifar10/IMG_TRANSFORMED/frost/batch_4_5864.png,0,1,1
frost/batch_4_7281.png,https://pilotexp.s3.ca-central-1.amazonaws.com/cifar10/IMG_ORIGINAL/frost/batch_4_7281.png,https://pilotexp.s3.ca-central-1.amazonaws.com/cifar10/IMG_TRANSFORMED/frost/batch_4_7281.png,0,0,0
contrast/batch_3_9798.png,https://pilotexp.s3.ca-central-1.amazonaws.com/cifar10/IMG_ORIGINAL/contrast/batch_3_9798.png,https://pilotexp.s3.ca-central-1.amazonaws.com/cifar10/IMG_TRANSFORMED/contrast/batch_3_9798.png,0,0,0
jpeg_compression/batch_4_8473.png,https://pilotexp.s3.ca-central-1.amazonaws.com/cifar10/IMG_ORIGINAL/jpeg_compression/batch_4_8473.png,https://pilotexp.s3.ca-central-1.amazonaws.com/cifar10/IMG_TRANSFORMED/jpeg_compression/batch_4_8473.png,1,1,0
frost/batch_3_6144.png,https://pilotexp.s3.ca-central-1.amazonaws.com/cifar10/IMG_ORIGINAL/frost/batch_3_6144.png,https://pilotexp.s3.ca-central-1.amazonaws.com/cifar10/IMG_TRANSFORMED/frost/batch_3_6144.png,0,1,1
contrast/batch_1_4779.png,https://pilotexp.s3.ca-central-1.amazonaws.com/cifar10/IMG_ORIGINAL/contrast/batch_1_4779.png,https://pilotexp.s3.ca-central-1.amazonaws.com/cifar10/IMG_TRANSFORMED/contrast/batch_1_4779.png,0,0,0
brightness/batch_1_545.png,https://pilotexp.s3.ca-central-1.amazonaws.com/cifar10/IMG_ORIGINAL/brightness/batch_1_545.png,https://pilotexp.s3.ca-central-1.amazonaws.com/cifar10/IMG_TRANSFORMED/brightness/batch_1_545.png,0,0,0
frost/batch_1_1058.png,https://pilotexp.s3.ca-central-1.amazonaws.com/cifar10/IMG_ORIGINAL/frost/batch_1_1058.png,https://pilotexp.s3.ca-central-1.amazonaws.com/cifar10/IMG_TRANSFORMED/frost/batch_1_1058.png,0,0,0
jpeg_compression/batch_3_908.png,https://pilotexp.s3.ca-central-1.amazonaws.com/cifar10/IMG_ORIGINAL/jpeg_compression/batch_3_908.png,https://pilotexp.s3.ca-central-1.amazonaws.com/cifar10/IMG_TRANSFORMED/jpeg_compression/batch_3_908.png,0,0,0
jpeg_compression/batch_5_3957.png,https://pilotexp.s3.ca-central-1.amazonaws.com/cifar10/IMG_ORIGINAL/jpeg_compression/batch_5_3957.png,https://pilotexp.s3.ca-central-1.amazonaws.com/cifar10/IMG_TRANSFORMED/jpeg_compression/batch_5_3957.png,0,0,0
jpeg_compression/batch_5_8808.png,https://pilotexp.s3.ca-central-1.amazonaws.com/cifar10/IMG_ORIGINAL/jpeg_compression/batch_5_8808.png,https://pilotexp.s3.ca-central-1.amazonaws.com/cifar10/IMG_TRANSFORMED/jpeg_compression/batch_5_8808.png,0,0,0
jpeg_compression/batch_1_6510.png,https://pilotexp.s3.ca-central-1.amazonaws.com/cifar10/IMG_ORIGINAL/jpeg_compression/batch_1_6510.png,https://pilotexp.s3.ca-central-1.amazonaws.com/cifar10/IMG_TRANSFORMED/jpeg_compression/batch_1_6510.png,0,0,0
contrast/batch_1_5770.png,https://pilotexp.s3.ca-central-1.amazonaws.com/cifar10/IMG_ORIGINAL/contrast/batch_1_5770.png,https://pilotexp.s3.ca-central-1.amazonaws.com/cifar10/IMG_TRANSFORMED/contrast/batch_1_5770.png,0,0,0
frost/batch_3_152.png,https://pilotexp.s3.ca-central-1.amazonaws.com/cifar10/IMG_ORIGINAL/frost/batch_3_152.png,https://pilotexp.s3.ca-central-1.amazonaws.com/cifar10/IMG_TRANSFORMED/frost/batch_3_152.png,0,0,0
frost/batch_5_4192.png,https://pilotexp.s3.ca-central-1.amazonaws.com/cifar10/IMG_ORIGINAL/frost/batch_5_4192.png,https://pilotexp.s3.ca-central-1.amazonaws.com/cifar10/IMG_TRANSFORMED/frost/batch_5_4192.png,0,0,0
brightness/batch_5_1016.png,https://pilotexp.s3.ca-central-1.amazonaws.com/cifar10/IMG_ORIGINAL/brightness/batch_5_1016.png,https://pilotexp.s3.ca-central-1.amazonaws.com/cifar10/IMG_TRANSFORMED/brightness/batch_5_1016.png,0,0,0
brightness/batch_3_170.png,https://pilotexp.s3.ca-central-1.amazonaws.com/cifar10/IMG_ORIGINAL/brightness/batch_3_170.png,https://pilotexp.s3.ca-central-1.amazonaws.com/cifar10/IMG_TRANSFORMED/brightness/batch_3_170.png,0,0,0
brightness/batch_3_2093.png,https://pilotexp.s3.ca-central-1.amazonaws.com/cifar10/IMG_ORIGINAL/brightness/batch_3_2093.png,https://pilotexp.s3.ca-central-1.amazonaws.com/cifar10/IMG_TRANSFORMED/brightness/batch_3_2093.png,1,1,0
jpeg_compression/batch_4_837.png,https://pilotexp.s3.ca-central-1.amazonaws.com/cifar10/IMG_ORIGINAL/jpeg_compression/batch_4_837.png,https://pilotexp.s3.ca-central-1.amazonaws.com/cifar10/IMG_TRANSFORMED/jpeg_compression/batch_4_837.png,0,0,0
contrast/batch_2_1719.png,https://pilotexp.s3.ca-central-1.amazonaws.com/cifar10/IMG_ORIGINAL/contrast/batch_2_1719.png,https://pilotexp.s3.ca-central-1.amazonaws.com/cifar10/IMG_TRANSFORMED/contrast/batch_2_1719.png,0,0,0
brightness/batch_5_9257.png,https://pilotexp.s3.ca-central-1.amazonaws.com/cifar10/IMG_ORIGINAL/brightness/batch_5_9257.png,https://pilotexp.s3.ca-central-1.amazonaws.com/cifar10/IMG_TRANSFORMED/brightness/batch_5_9257.png,0,0,0
frost/batch_1_1511.png,https://pilotexp.s3.ca-central-1.amazonaws.com/cifar10/IMG_ORIGINAL/frost/batch_1_1511.png,https://pilotexp.s3.ca-central-1.amazonaws.com/cifar10/IMG_TRANSFORMED/frost/batch_1_1511.png,0,0,0
jpeg_compression/batch_1_912.png,https://pilotexp.s3.ca-central-1.amazonaws.com/cifar10/IMG_ORIGINAL/jpeg_compression/batch_1_912.png,https://pilotexp.s3.ca-central-1.amazonaws.com/cifar10/IMG_TRANSFORMED/jpeg_compression/batch_1_912.png,0,0,0
brightness/batch_1_3131.png,https://pilotexp.s3.ca-central-1.amazonaws.com/cifar10/IMG_ORIGINAL/brightness/batch_1_3131.png,https://pilotexp.s3.ca-central-1.amazonaws.com/cifar10/IMG_TRANSFORMED/brightness/batch_1_3131.png,1,1,0
brightness/batch_1_7944.png,https://pilotexp.s3.ca-central-1.amazonaws.com/cifar10/IMG_ORIGINAL/brightness/batch_1_7944.png,https://pilotexp.s3.ca-central-1.amazonaws.com/cifar10/IMG_TRANSFORMED/brightness/batch_1_7944.png,1,1,0
contrast/batch_3_3536.png,https://pilotexp.s3.ca-central-1.amazonaws.com/cifar10/IMG_ORIGINAL/contrast/batch_3_3536.png,https://pilotexp.s3.ca-central-1.amazonaws.com/cifar10/IMG_TRANSFORMED/contrast/batch_3_3536.png,0,0,0
frost/batch_3_9403.png,https://pilotexp.s3.ca-central-1.amazonaws.com/cifar10/IMG_ORIGINAL/frost/batch_3_9403.png,https://pilotexp.s3.ca-central-1.amazonaws.com/cifar10/IMG_TRANSFORMED/frost/batch_3_9403.png,0,0,0
jpeg_compression/batch_4_6177.png,https://pilotexp.s3.ca-central-1.amazonaws.com/cifar10/IMG_ORIGINAL/jpeg_compression/batch_4_6177.png,https://pilotexp.s3.ca-central-1.amazonaws.com/cifar10/IMG_TRANSFORMED/jpeg_compression/batch_4_6177.png,0,0,0
frost/batch_3_4189.png,https://pilotexp.s3.ca-central-1.amazonaws.com/cifar10/IMG_ORIGINAL/frost/batch_3_4189.png,https://pilotexp.s3.ca-central-1.amazonaws.com/cifar10/IMG_TRANSFORMED/frost/batch_3_4189.png,0,0,0
jpeg_compression/batch_3_6173.png,https://pilotexp.s3.ca-central-1.amazonaws.com/cifar10/IMG_ORIGINAL/jpeg_compression/batch_3_6173.png,https://pilotexp.s3.ca-central-1.amazonaws.com/cifar10/IMG_TRANSFORMED/jpeg_compression/batch_3_6173.png,0,0,0
frost/batch_4_7401.png,https://pilotexp.s3.ca-central-1.amazonaws.com/cifar10/IMG_ORIGINAL/frost/batch_4_7401.png,https://pilotexp.s3.ca-central-1.amazonaws.com/cifar10/IMG_TRANSFORMED/frost/batch_4_7401.png,1,1,0
jpeg_compression/batch_3_4072.png,https://pilotexp.s3.ca-central-1.amazonaws.com/cifar10/IMG_ORIGINAL/jpeg_compression/batch_3_4072.png,https://pilotexp.s3.ca-central-1.amazonaws.com/cifar10/IMG_TRANSFORMED/jpeg_compression/batch_3_4072.png,0,0,0
brightness/batch_3_4272.png,https://pilotexp.s3.ca-central-1.amazonaws.com/cifar10/IMG_ORIGINAL/brightness/batch_3_4272.png,https://pilotexp.s3.ca-central-1.amazonaws.com/cifar10/IMG_TRANSFORMED/brightness/batch_3_4272.png,0,0,0
frost/batch_3_2743.png,https://pilotexp.s3.ca-central-1.amazonaws.com/cifar10/IMG_ORIGINAL/frost/batch_3_2743.png,https://pilotexp.s3.ca-central-1.amazonaws.com/cifar10/IMG_TRANSFORMED/frost/batch_3_2743.png,0,0,0
frost/batch_4_9788.png,https://pilotexp.s3.ca-central-1.amazonaws.com/cifar10/IMG_ORIGINAL/frost/batch_4_9788.png,https://pilotexp.s3.ca-central-1.amazonaws.com/cifar10/IMG_TRANSFORMED/frost/batch_4_9788.png,0,0,0
jpeg_compression/batch_2_2900.png,https://pilotexp.s3.ca-central-1.amazonaws.com/cifar10/IMG_ORIGINAL/jpeg_compression/batch_2_2900.png,https://pilotexp.s3.ca-central-1.amazonaws.com/cifar10/IMG_TRANSFORMED/jpeg_compression/batch_2_2900.png,0,0,0
brightness/batch_3_3080.png,https://pilotexp.s3.ca-central-1.amazonaws.com/cifar10/IMG_ORIGINAL/brightness/batch_3_3080.png,https://pilotexp.s3.ca-central-1.amazonaws.com/cifar10/IMG_TRANSFORMED/brightness/batch_3_3080.png,0,1,1
frost/batch_2_8699.png,https://pilotexp.s3.ca-central-1.amazonaws.com/cifar10/IMG_ORIGINAL/frost/batch_2_8699.png,https://pilotexp.s3.ca-central-1.amazonaws.com/cifar10/IMG_TRANSFORMED/frost/batch_2_8699.png,0,0,0
brightness/batch_1_5956.png,https://pilotexp.s3.ca-central-1.amazonaws.com/cifar10/IMG_ORIGINAL/brightness/batch_1_5956.png,https://pilotexp.s3.ca-central-1.amazonaws.com/cifar10/IMG_TRANSFORMED/brightness/batch_1_5956.png,0,0,0
contrast/batch_1_367.png,https://pilotexp.s3.ca-central-1.amazonaws.com/cifar10/IMG_ORIGINAL/contrast/batch_1_367.png,https://pilotexp.s3.ca-central-1.amazonaws.com/cifar10/IMG_TRANSFORMED/contrast/batch_1_367.png,0,0,0
jpeg_compression/batch_2_2443.png,https://pilotexp.s3.ca-central-1.amazonaws.com/cifar10/IMG_ORIGINAL/jpeg_compression/batch_2_2443.png,https://pilotexp.s3.ca-central-1.amazonaws.com/cifar10/IMG_TRANSFORMED/jpeg_compression/batch_2_2443.png,0,0,0
frost/batch_4_7300.png,https://pilotexp.s3.ca-central-1.amazonaws.com/cifar10/IMG_ORIGINAL/frost/batch_4_7300.png,https://pilotexp.s3.ca-central-1.amazonaws.com/cifar10/IMG_TRANSFORMED/frost/batch_4_7300.png,0,0,0
jpeg_compression/batch_4_7503.png,https://pilotexp.s3.ca-central-1.amazonaws.com/cifar10/IMG_ORIGINAL/jpeg_compression/batch_4_7503.png,https://pilotexp.s3.ca-central-1.amazonaws.com/cifar10/IMG_TRANSFORMED/jpeg_compression/batch_4_7503.png,0,0,0
brightness/batch_3_162.png,https://pilotexp.s3.ca-central-1.amazonaws.com/cifar10/IMG_ORIGINAL/brightness/batch_3_162.png,https://pilotexp.s3.ca-central-1.amazonaws.com/cifar10/IMG_TRANSFORMED/brightness/batch_3_162.png,1,1,0
frost/batch_5_953.png,https://pilotexp.s3.ca-central-1.amazonaws.com/cifar10/IMG_ORIGINAL/frost/batch_5_953.png,https://pilotexp.s3.ca-central-1.amazonaws.com/cifar10/IMG_TRANSFORMED/frost/batch_5_953.png,1,0,1
contrast/batch_5_1324.png,https://pilotexp.s3.ca-central-1.amazonaws.com/cifar10/IMG_ORIGINAL/contrast/batch_5_1324.png,https://pilotexp.s3.ca-central-1.amazonaws.com/cifar10/IMG_TRANSFORMED/contrast/batch_5_1324.png,0,0,0
brightness/batch_1_3043.png,https://pilotexp.s3.ca-central-1.amazonaws.com/cifar10/IMG_ORIGINAL/brightness/batch_1_3043.png,https://pilotexp.s3.ca-central-1.amazonaws.com/cifar10/IMG_TRANSFORMED/brightness/batch_1_3043.png,0,0,0
frost/batch_3_3315.png,https://pilotexp.s3.ca-central-1.amazonaws.com/cifar10/IMG_ORIGINAL/frost/batch_3_3315.png,https://pilotexp.s3.ca-central-1.amazonaws.com/cifar10/IMG_TRANSFORMED/frost/batch_3_3315.png,0,0,0
jpeg_compression/batch_1_170.png,https://pilotexp.s3.ca-central-1.amazonaws.com/cifar10/IMG_ORIGINAL/jpeg_compression/batch_1_170.png,https://pilotexp.s3.ca-central-1.amazonaws.com/cifar10/IMG_TRANSFORMED/jpeg_compression/batch_1_170.png,0,1,1
jpeg_compression/batch_5_7137.png,https://pilotexp.s3.ca-central-1.amazonaws.com/cifar10/IMG_ORIGINAL/jpeg_compression/batch_5_7137.png,https://pilotexp.s3.ca-central-1.amazonaws.com/cifar10/IMG_TRANSFORMED/jpeg_compression/batch_5_7137.png,0,0,0
brightness/batch_4_8540.png,https://pilotexp.s3.ca-central-1.amazonaws.com/cifar10/IMG_ORIGINAL/brightness/batch_4_8540.png,https://pilotexp.s3.ca-central-1.amazonaws.com/cifar10/IMG_TRANSFORMED/brightness/batch_4_8540.png,0,0,0
brightness/batch_5_5472.png,https://pilotexp.s3.ca-central-1.amazonaws.com/cifar10/IMG_ORIGINAL/brightness/batch_5_5472.png,https://pilotexp.s3.ca-central-1.amazonaws.com/cifar10/IMG_TRANSFORMED/brightness/batch_5_5472.png,1,1,0
contrast/batch_4_2648.png,https://pilotexp.s3.ca-central-1.amazonaws.com/cifar10/IMG_ORIGINAL/contrast/batch_4_2648.png,https://pilotexp.s3.ca-central-1.amazonaws.com/cifar10/IMG_TRANSFORMED/contrast/batch_4_2648.png,0,0,0
contrast/batch_2_7148.png,https://pilotexp.s3.ca-central-1.amazonaws.com/cifar10/IMG_ORIGINAL/contrast/batch_2_7148.png,https://pilotexp.s3.ca-central-1.amazonaws.com/cifar10/IMG_TRANSFORMED/contrast/batch_2_7148.png,0,0,0
frost/batch_1_5164.png,https://pilotexp.s3.ca-central-1.amazonaws.com/cifar10/IMG_ORIGINAL/frost/batch_1_5164.png,https://pilotexp.s3.ca-central-1.amazonaws.com/cifar10/IMG_TRANSFORMED/frost/batch_1_5164.png,1,1,0
frost/batch_1_1959.png,https://pilotexp.s3.ca-central-1.amazonaws.com/cifar10/IMG_ORIGINAL/frost/batch_1_1959.png,https://pilotexp.s3.ca-central-1.amazonaws.com/cifar10/IMG_TRANSFORMED/frost/batch_1_1959.png,0,0,0
brightness/batch_2_9952.png,https://pilotexp.s3.ca-central-1.amazonaws.com/cifar10/IMG_ORIGINAL/brightness/batch_2_9952.png,https://pilotexp.s3.ca-central-1.amazonaws.com/cifar10/IMG_TRANSFORMED/brightness/batch_2_9952.png,0,0,0
brightness/batch_3_6519.png,https://pilotexp.s3.ca-central-1.amazonaws.com/cifar10/IMG_ORIGINAL/brightness/batch_3_6519.png,https://pilotexp.s3.ca-central-1.amazonaws.com/cifar10/IMG_TRANSFORMED/brightness/batch_3_6519.png,1,1,0
frost/batch_5_1029.png,https://pilotexp.s3.ca-central-1.amazonaws.com/cifar10/IMG_ORIGINAL/frost/batch_5_1029.png,https://pilotexp.s3.ca-central-1.amazonaws.com/cifar10/IMG_TRANSFORMED/frost/batch_5_1029.png,0,0,0
brightness/batch_3_5444.png,https://pilotexp.s3.ca-central-1.amazonaws.com/cifar10/IMG_ORIGINAL/brightness/batch_3_5444.png,https://pilotexp.s3.ca-central-1.amazonaws.com/cifar10/IMG_TRANSFORMED/brightness/batch_3_5444.png,0,0,0
contrast/batch_2_1321.png,https://pilotexp.s3.ca-central-1.amazonaws.com/cifar10/IMG_ORIGINAL/contrast/batch_2_1321.png,https://pilotexp.s3.ca-central-1.amazonaws.com/cifar10/IMG_TRANSFORMED/contrast/batch_2_1321.png,0,0,0
contrast/batch_5_5515.png,https://pilotexp.s3.ca-central-1.amazonaws.com/cifar10/IMG_ORIGINAL/contrast/batch_5_5515.png,https://pilotexp.s3.ca-central-1.amazonaws.com/cifar10/IMG_TRANSFORMED/contrast/batch_5_5515.png,0,0,0
brightness/batch_4_5392.png,https://pilotexp.s3.ca-central-1.amazonaws.com/cifar10/IMG_ORIGINAL/brightness/batch_4_5392.png,https://pilotexp.s3.ca-central-1.amazonaws.com/cifar10/IMG_TRANSFORMED/brightness/batch_4_5392.png,0,0,0
jpeg_compression/batch_2_5739.png,https://pilotexp.s3.ca-central-1.amazonaws.com/cifar10/IMG_ORIGINAL/jpeg_compression/batch_2_5739.png,https://pilotexp.s3.ca-central-1.amazonaws.com/cifar10/IMG_TRANSFORMED/jpeg_compression/batch_2_5739.png,0,0,0
brightness/batch_5_3978.png,https://pilotexp.s3.ca-central-1.amazonaws.com/cifar10/IMG_ORIGINAL/brightness/batch_5_3978.png,https://pilotexp.s3.ca-central-1.amazonaws.com/cifar10/IMG_TRANSFORMED/brightness/batch_5_3978.png,0,0,0
brightness/batch_3_9777.png,https://pilotexp.s3.ca-central-1.amazonaws.com/cifar10/IMG_ORIGINAL/brightness/batch_3_9777.png,https://pilotexp.s3.ca-central-1.amazonaws.com/cifar10/IMG_TRANSFORMED/brightness/batch_3_9777.png,1,1,0
frost/batch_1_6169.png,https://pilotexp.s3.ca-central-1.amazonaws.com/cifar10/IMG_ORIGINAL/frost/batch_1_6169.png,https://pilotexp.s3.ca-central-1.amazonaws.com/cifar10/IMG_TRANSFORMED/frost/batch_1_6169.png,0,0,0
jpeg_compression/batch_5_3450.png,https://pilotexp.s3.ca-central-1.amazonaws.com/cifar10/IMG_ORIGINAL/jpeg_compression/batch_5_3450.png,https://pilotexp.s3.ca-central-1.amazonaws.com/cifar10/IMG_TRANSFORMED/jpeg_compression/batch_5_3450.png,0,0,0
contrast/batch_1_2775.png,https://pilotexp.s3.ca-central-1.amazonaws.com/cifar10/IMG_ORIGINAL/contrast/batch_1_2775.png,https://pilotexp.s3.ca-central-1.amazonaws.com/cifar10/IMG_TRANSFORMED/contrast/batch_1_2775.png,1,1,0
jpeg_compression/batch_1_2667.png,https://pilotexp.s3.ca-central-1.amazonaws.com/cifar10/IMG_ORIGINAL/jpeg_compression/batch_1_2667.png,https://pilotexp.s3.ca-central-1.amazonaws.com/cifar10/IMG_TRANSFORMED/jpeg_compression/batch_1_2667.png,1,0,1
contrast/batch_2_1145.png,https://pilotexp.s3.ca-central-1.amazonaws.com/cifar10/IMG_ORIGINAL/contrast/batch_2_1145.png,https://pilotexp.s3.ca-central-1.amazonaws.com/cifar10/IMG_TRANSFORMED/contrast/batch_2_1145.png,0,0,0
jpeg_compression/batch_2_3646.png,https://pilotexp.s3.ca-central-1.amazonaws.com/cifar10/IMG_ORIGINAL/jpeg_compression/batch_2_3646.png,https://pilotexp.s3.ca-central-1.amazonaws.com/cifar10/IMG_TRANSFORMED/jpeg_compression/batch_2_3646.png,0,0,0
frost/batch_5_3993.png,https://pilotexp.s3.ca-central-1.amazonaws.com/cifar10/IMG_ORIGINAL/frost/batch_5_3993.png,https://pilotexp.s3.ca-central-1.amazonaws.com/cifar10/IMG_TRANSFORMED/frost/batch_5_3993.png,0,0,0
brightness/batch_2_8054.png,https://pilotexp.s3.ca-central-1.amazonaws.com/cifar10/IMG_ORIGINAL/brightness/batch_2_8054.png,https://pilotexp.s3.ca-central-1.amazonaws.com/cifar10/IMG_TRANSFORMED/brightness/batch_2_8054.png,0,0,0
frost/batch_1_810.png,https://pilotexp.s3.ca-central-1.amazonaws.com/cifar10/IMG_ORIGINAL/frost/batch_1_810.png,https://pilotexp.s3.ca-central-1.amazonaws.com/cifar10/IMG_TRANSFORMED/frost/batch_1_810.png,0,0,0
frost/batch_1_2434.png,https://pilotexp.s3.ca-central-1.amazonaws.com/cifar10/IMG_ORIGINAL/frost/batch_1_2434.png,https://pilotexp.s3.ca-central-1.amazonaws.com/cifar10/IMG_TRANSFORMED/frost/batch_1_2434.png,0,0,0
jpeg_compression/batch_3_3024.png,https://pilotexp.s3.ca-central-1.amazonaws.com/cifar10/IMG_ORIGINAL/jpeg_compression/batch_3_3024.png,https://pilotexp.s3.ca-central-1.amazonaws.com/cifar10/IMG_TRANSFORMED/jpeg_compression/batch_3_3024.png,0,0,0
jpeg_compression/batch_3_3985.png,https://pilotexp.s3.ca-central-1.amazonaws.com/cifar10/IMG_ORIGINAL/jpeg_compression/batch_3_3985.png,https://pilotexp.s3.ca-central-1.amazonaws.com/cifar10/IMG_TRANSFORMED/jpeg_compression/batch_3_3985.png,0,0,0
brightness/batch_3_2667.png,https://pilotexp.s3.ca-central-1.amazonaws.com/cifar10/IMG_ORIGINAL/brightness/batch_3_2667.png,https://pilotexp.s3.ca-central-1.amazonaws.com/cifar10/IMG_TRANSFORMED/brightness/batch_3_2667.png,0,0,0
jpeg_compression/batch_1_796.png,https://pilotexp.s3.ca-central-1.amazonaws.com/cifar10/IMG_ORIGINAL/jpeg_compression/batch_1_796.png,https://pilotexp.s3.ca-central-1.amazonaws.com/cifar10/IMG_TRANSFORMED/jpeg_compression/batch_1_796.png,0,0,0
jpeg_compression/batch_3_6243.png,https://pilotexp.s3.ca-central-1.amazonaws.com/cifar10/IMG_ORIGINAL/jpeg_compression/batch_3_6243.png,https://pilotexp.s3.ca-central-1.amazonaws.com/cifar10/IMG_TRANSFORMED/jpeg_compression/batch_3_6243.png,0,0,0
jpeg_compression/batch_5_5609.png,https://pilotexp.s3.ca-central-1.amazonaws.com/cifar10/IMG_ORIGINAL/jpeg_compression/batch_5_5609.png,https://pilotexp.s3.ca-central-1.amazonaws.com/cifar10/IMG_TRANSFORMED/jpeg_compression/batch_5_5609.png,0,0,0
brightness/batch_4_3305.png,https://pilotexp.s3.ca-central-1.amazonaws.com/cifar10/IMG_ORIGINAL/brightness/batch_4_3305.png,https://pilotexp.s3.ca-central-1.amazonaws.com/cifar10/IMG_TRANSFORMED/brightness/batch_4_3305.png,1,0,1
jpeg_compression/batch_2_7886.png,https://pilotexp.s3.ca-central-1.amazonaws.com/cifar10/IMG_ORIGINAL/jpeg_compression/batch_2_7886.png,https://pilotexp.s3.ca-central-1.amazonaws.com/cifar10/IMG_TRANSFORMED/jpeg_compression/batch_2_7886.png,0,0,0
brightness/batch_3_1660.png,https://pilotexp.s3.ca-central-1.amazonaws.com/cifar10/IMG_ORIGINAL/brightness/batch_3_1660.png,https://pilotexp.s3.ca-central-1.amazonaws.com/cifar10/IMG_TRANSFORMED/brightness/batch_3_1660.png,0,0,0
contrast/batch_2_376.png,https://pilotexp.s3.ca-central-1.amazonaws.com/cifar10/IMG_ORIGINAL/contrast/batch_2_376.png,https://pilotexp.s3.ca-central-1.amazonaws.com/cifar10/IMG_TRANSFORMED/contrast/batch_2_376.png,0,0,0
brightness/batch_4_5585.png,https://pilotexp.s3.ca-central-1.amazonaws.com/cifar10/IMG_ORIGINAL/brightness/batch_4_5585.png,https://pilotexp.s3.ca-central-1.amazonaws.com/cifar10/IMG_TRANSFORMED/brightness/batch_4_5585.png,0,0,0
jpeg_compression/batch_2_3113.png,https://pilotexp.s3.ca-central-1.amazonaws.com/cifar10/IMG_ORIGINAL/jpeg_compression/batch_2_3113.png,https://pilotexp.s3.ca-central-1.amazonaws.com/cifar10/IMG_TRANSFORMED/jpeg_compression/batch_2_3113.png,0,0,0
jpeg_compression/batch_1_3777.png,https://pilotexp.s3.ca-central-1.amazonaws.com/cifar10/IMG_ORIGINAL/jpeg_compression/batch_1_3777.png,https://pilotexp.s3.ca-central-1.amazonaws.com/cifar10/IMG_TRANSFORMED/jpeg_compression/batch_1_3777.png,0,1,1
contrast/batch_1_7725.png,https://pilotexp.s3.ca-central-1.amazonaws.com/cifar10/IMG_ORIGINAL/contrast/batch_1_7725.png,https://pilotexp.s3.ca-central-1.amazonaws.com/cifar10/IMG_TRANSFORMED/contrast/batch_1_7725.png,0,0,0
frost/batch_4_5996.png,https://pilotexp.s3.ca-central-1.amazonaws.com/cifar10/IMG_ORIGINAL/frost/batch_4_5996.png,https://pilotexp.s3.ca-central-1.amazonaws.com/cifar10/IMG_TRANSFORMED/frost/batch_4_5996.png,0,0,0
jpeg_compression/batch_2_1770.png,https://pilotexp.s3.ca-central-1.amazonaws.com/cifar10/IMG_ORIGINAL/jpeg_compression/batch_2_1770.png,https://pilotexp.s3.ca-central-1.amazonaws.com/cifar10/IMG_TRANSFORMED/jpeg_compression/batch_2_1770.png,0,0,0
brightness/batch_5_8545.png,https://pilotexp.s3.ca-central-1.amazonaws.com/cifar10/IMG_ORIGINAL/brightness/batch_5_8545.png,https://pilotexp.s3.ca-central-1.amazonaws.com/cifar10/IMG_TRANSFORMED/brightness/batch_5_8545.png,0,0,0
jpeg_compression/batch_4_2286.png,https://pilotexp.s3.ca-central-1.amazonaws.com/cifar10/IMG_ORIGINAL/jpeg_compression/batch_4_2286.png,https://pilotexp.s3.ca-central-1.amazonaws.com/cifar10/IMG_TRANSFORMED/jpeg_compression/batch_4_2286.png,0,0,0
contrast/batch_3_1048.png,https://pilotexp.s3.ca-central-1.amazonaws.com/cifar10/IMG_ORIGINAL/contrast/batch_3_1048.png,https://pilotexp.s3.ca-central-1.amazonaws.com/cifar10/IMG_TRANSFORMED/contrast/batch_3_1048.png,0,0,0
contrast/batch_4_3446.png,https://pilotexp.s3.ca-central-1.amazonaws.com/cifar10/IMG_ORIGINAL/contrast/batch_4_3446.png,https://pilotexp.s3.ca-central-1.amazonaws.com/cifar10/IMG_TRANSFORMED/contrast/batch_4_3446.png,0,0,0
frost/batch_3_4244.png,https://pilotexp.s3.ca-central-1.amazonaws.com/cifar10/IMG_ORIGINAL/frost/batch_3_4244.png,https://pilotexp.s3.ca-central-1.amazonaws.com/cifar10/IMG_TRANSFORMED/frost/batch_3_4244.png,0,0,0
contrast/batch_2_1619.png,https://pilotexp.s3.ca-central-1.amazonaws.com/cifar10/IMG_ORIGINAL/contrast/batch_2_1619.png,https://pilotexp.s3.ca-central-1.amazonaws.com/cifar10/IMG_TRANSFORMED/contrast/batch_2_1619.png,1,1,0
contrast/batch_2_8581.png,https://pilotexp.s3.ca-central-1.amazonaws.com/cifar10/IMG_ORIGINAL/contrast/batch_2_8581.png,https://pilotexp.s3.ca-central-1.amazonaws.com/cifar10/IMG_TRANSFORMED/contrast/batch_2_8581.png,0,0,0
jpeg_compression/batch_2_3029.png,https://pilotexp.s3.ca-central-1.amazonaws.com/cifar10/IMG_ORIGINAL/jpeg_compression/batch_2_3029.png,https://pilotexp.s3.ca-central-1.amazonaws.com/cifar10/IMG_TRANSFORMED/jpeg_compression/batch_2_3029.png,0,0,0
frost/batch_4_9899.png,https://pilotexp.s3.ca-central-1.amazonaws.com/cifar10/IMG_ORIGINAL/frost/batch_4_9899.png,https://pilotexp.s3.ca-central-1.amazonaws.com/cifar10/IMG_TRANSFORMED/frost/batch_4_9899.png,0,0,0
brightness/batch_2_5166.png,https://pilotexp.s3.ca-central-1.amazonaws.com/cifar10/IMG_ORIGINAL/brightness/batch_2_5166.png,https://pilotexp.s3.ca-central-1.amazonaws.com/cifar10/IMG_TRANSFORMED/brightness/batch_2_5166.png,0,0,0
contrast/batch_5_8553.png,https://pilotexp.s3.ca-central-1.amazonaws.com/cifar10/IMG_ORIGINAL/contrast/batch_5_8553.png,https://pilotexp.s3.ca-central-1.amazonaws.com/cifar10/IMG_TRANSFORMED/contrast/batch_5_8553.png,0,0,0
frost/batch_2_7885.png,https://pilotexp.s3.ca-central-1.amazonaws.com/cifar10/IMG_ORIGINAL/frost/batch_2_7885.png,https://pilotexp.s3.ca-central-1.amazonaws.com/cifar10/IMG_TRANSFORMED/frost/batch_2_7885.png,1,0,1
frost/batch_1_380.png,https://pilotexp.s3.ca-central-1.amazonaws.com/cifar10/IMG_ORIGINAL/frost/batch_1_380.png,https://pilotexp.s3.ca-central-1.amazonaws.com/cifar10/IMG_TRANSFORMED/frost/batch_1_380.png,0,0,0
contrast/batch_2_2360.png,https://pilotexp.s3.ca-central-1.amazonaws.com/cifar10/IMG_ORIGINAL/contrast/batch_2_2360.png,https://pilotexp.s3.ca-central-1.amazonaws.com/cifar10/IMG_TRANSFORMED/contrast/batch_2_2360.png,1,0,0
frost/batch_1_6217.png,https://pilotexp.s3.ca-central-1.amazonaws.com/cifar10/IMG_ORIGINAL/frost/batch_1_6217.png,https://pilotexp.s3.ca-central-1.amazonaws.com/cifar10/IMG_TRANSFORMED/frost/batch_1_6217.png,0,0,0
frost/batch_2_1651.png,https://pilotexp.s3.ca-central-1.amazonaws.com/cifar10/IMG_ORIGINAL/frost/batch_2_1651.png,https://pilotexp.s3.ca-central-1.amazonaws.com/cifar10/IMG_TRANSFORMED/frost/batch_2_1651.png,0,0,0
frost/batch_2_7956.png,https://pilotexp.s3.ca-central-1.amazonaws.com/cifar10/IMG_ORIGINAL/frost/batch_2_7956.png,https://pilotexp.s3.ca-central-1.amazonaws.com/cifar10/IMG_TRANSFORMED/frost/batch_2_7956.png,0,0,0
frost/batch_5_6837.png,https://pilotexp.s3.ca-central-1.amazonaws.com/cifar10/IMG_ORIGINAL/frost/batch_5_6837.png,https://pilotexp.s3.ca-central-1.amazonaws.com/cifar10/IMG_TRANSFORMED/frost/batch_5_6837.png,0,0,0
brightness/batch_4_6290.png,https://pilotexp.s3.ca-central-1.amazonaws.com/cifar10/IMG_ORIGINAL/brightness/batch_4_6290.png,https://pilotexp.s3.ca-central-1.amazonaws.com/cifar10/IMG_TRANSFORMED/brightness/batch_4_6290.png,0,0,0
contrast/batch_4_9576.png,https://pilotexp.s3.ca-central-1.amazonaws.com/cifar10/IMG_ORIGINAL/contrast/batch_4_9576.png,https://pilotexp.s3.ca-central-1.amazonaws.com/cifar10/IMG_TRANSFORMED/contrast/batch_4_9576.png,0,0,0
contrast/batch_3_1055.png,https://pilotexp.s3.ca-central-1.amazonaws.com/cifar10/IMG_ORIGINAL/contrast/batch_3_1055.png,https://pilotexp.s3.ca-central-1.amazonaws.com/cifar10/IMG_TRANSFORMED/contrast/batch_3_1055.png,0,0,0
jpeg_compression/batch_4_8246.png,https://pilotexp.s3.ca-central-1.amazonaws.com/cifar10/IMG_ORIGINAL/jpeg_compression/batch_4_8246.png,https://pilotexp.s3.ca-central-1.amazonaws.com/cifar10/IMG_TRANSFORMED/jpeg_compression/batch_4_8246.png,0,0,0
brightness/batch_4_8423.png,https://pilotexp.s3.ca-central-1.amazonaws.com/cifar10/IMG_ORIGINAL/brightness/batch_4_8423.png,https://pilotexp.s3.ca-central-1.amazonaws.com/cifar10/IMG_TRANSFORMED/brightness/batch_4_8423.png,0,0,0
jpeg_compression/batch_4_2962.png,https://pilotexp.s3.ca-central-1.amazonaws.com/cifar10/IMG_ORIGINAL/jpeg_compression/batch_4_2962.png,https://pilotexp.s3.ca-central-1.amazonaws.com/cifar10/IMG_TRANSFORMED/jpeg_compression/batch_4_2962.png,1,1,0
frost/batch_3_6117.png,https://pilotexp.s3.ca-central-1.amazonaws.com/cifar10/IMG_ORIGINAL/frost/batch_3_6117.png,https://pilotexp.s3.ca-central-1.amazonaws.com/cifar10/IMG_TRANSFORMED/frost/batch_3_6117.png,1,0,1
brightness/batch_5_2594.png,https://pilotexp.s3.ca-central-1.amazonaws.com/cifar10/IMG_ORIGINAL/brightness/batch_5_2594.png,https://pilotexp.s3.ca-central-1.amazonaws.com/cifar10/IMG_TRANSFORMED/brightness/batch_5_2594.png,0,0,0
jpeg_compression/batch_5_903.png,https://pilotexp.s3.ca-central-1.amazonaws.com/cifar10/IMG_ORIGINAL/jpeg_compression/batch_5_903.png,https://pilotexp.s3.ca-central-1.amazonaws.com/cifar10/IMG_TRANSFORMED/jpeg_compression/batch_5_903.png,1,1,0
contrast/batch_5_9166.png,https://pilotexp.s3.ca-central-1.amazonaws.com/cifar10/IMG_ORIGINAL/contrast/batch_5_9166.png,https://pilotexp.s3.ca-central-1.amazonaws.com/cifar10/IMG_TRANSFORMED/contrast/batch_5_9166.png,0,0,0
contrast/batch_4_4449.png,https://pilotexp.s3.ca-central-1.amazonaws.com/cifar10/IMG_ORIGINAL/contrast/batch_4_4449.png,https://pilotexp.s3.ca-central-1.amazonaws.com/cifar10/IMG_TRANSFORMED/contrast/batch_4_4449.png,0,0,0
brightness/batch_3_3482.png,https://pilotexp.s3.ca-central-1.amazonaws.com/cifar10/IMG_ORIGINAL/brightness/batch_3_3482.png,https://pilotexp.s3.ca-central-1.amazonaws.com/cifar10/IMG_TRANSFORMED/brightness/batch_3_3482.png,0,0,0
brightness/batch_2_4759.png,https://pilotexp.s3.ca-central-1.amazonaws.com/cifar10/IMG_ORIGINAL/brightness/batch_2_4759.png,https://pilotexp.s3.ca-central-1.amazonaws.com/cifar10/IMG_TRANSFORMED/brightness/batch_2_4759.png,0,0,0
frost/batch_1_3363.png,https://pilotexp.s3.ca-central-1.amazonaws.com/cifar10/IMG_ORIGINAL/frost/batch_1_3363.png,https://pilotexp.s3.ca-central-1.amazonaws.com/cifar10/IMG_TRANSFORMED/frost/batch_1_3363.png,1,1,0
frost/batch_3_1454.png,https://pilotexp.s3.ca-central-1.amazonaws.com/cifar10/IMG_ORIGINAL/frost/batch_3_1454.png,https://pilotexp.s3.ca-central-1.amazonaws.com/cifar10/IMG_TRANSFORMED/frost/batch_3_1454.png,0,1,1
brightness/batch_5_3372.png,https://pilotexp.s3.ca-central-1.amazonaws.com/cifar10/IMG_ORIGINAL/brightness/batch_5_3372.png,https://pilotexp.s3.ca-central-1.amazonaws.com/cifar10/IMG_TRANSFORMED/brightness/batch_5_3372.png,1,1,0
contrast/batch_1_3375.png,https://pilotexp.s3.ca-central-1.amazonaws.com/cifar10/IMG_ORIGINAL/contrast/batch_1_3375.png,https://pilotexp.s3.ca-central-1.amazonaws.com/cifar10/IMG_TRANSFORMED/contrast/batch_1_3375.png,0,0,0
brightness/batch_2_4378.png,https://pilotexp.s3.ca-central-1.amazonaws.com/cifar10/IMG_ORIGINAL/brightness/batch_2_4378.png,https://pilotexp.s3.ca-central-1.amazonaws.com/cifar10/IMG_TRANSFORMED/brightness/batch_2_4378.png,1,1,0
brightness/batch_4_356.png,https://pilotexp.s3.ca-central-1.amazonaws.com/cifar10/IMG_ORIGINAL/brightness/batch_4_356.png,https://pilotexp.s3.ca-central-1.amazonaws.com/cifar10/IMG_TRANSFORMED/brightness/batch_4_356.png,0,0,0
brightness/batch_5_3563.png,https://pilotexp.s3.ca-central-1.amazonaws.com/cifar10/IMG_ORIGINAL/brightness/batch_5_3563.png,https://pilotexp.s3.ca-central-1.amazonaws.com/cifar10/IMG_TRANSFORMED/brightness/batch_5_3563.png,0,0,0
jpeg_compression/batch_2_4524.png,https://pilotexp.s3.ca-central-1.amazonaws.com/cifar10/IMG_ORIGINAL/jpeg_compression/batch_2_4524.png,https://pilotexp.s3.ca-central-1.amazonaws.com/cifar10/IMG_TRANSFORMED/jpeg_compression/batch_2_4524.png,1,1,0
frost/batch_5_3792.png,https://pilotexp.s3.ca-central-1.amazonaws.com/cifar10/IMG_ORIGINAL/frost/batch_5_3792.png,https://pilotexp.s3.ca-central-1.amazonaws.com/cifar10/IMG_TRANSFORMED/frost/batch_5_3792.png,0,0,0
frost/batch_5_251.png,https://pilotexp.s3.ca-central-1.amazonaws.com/cifar10/IMG_ORIGINAL/frost/batch_5_251.png,https://pilotexp.s3.ca-central-1.amazonaws.com/cifar10/IMG_TRANSFORMED/frost/batch_5_251.png,0,0,0
jpeg_compression/batch_3_2521.png,https://pilotexp.s3.ca-central-1.amazonaws.com/cifar10/IMG_ORIGINAL/jpeg_compression/batch_3_2521.png,https://pilotexp.s3.ca-central-1.amazonaws.com/cifar10/IMG_TRANSFORMED/jpeg_compression/batch_3_2521.png,0,1,1
jpeg_compression/batch_4_8640.png,https://pilotexp.s3.ca-central-1.amazonaws.com/cifar10/IMG_ORIGINAL/jpeg_compression/batch_4_8640.png,https://pilotexp.s3.ca-central-1.amazonaws.com/cifar10/IMG_TRANSFORMED/jpeg_compression/batch_4_8640.png,0,0,0
contrast/batch_2_1061.png,https://pilotexp.s3.ca-central-1.amazonaws.com/cifar10/IMG_ORIGINAL/contrast/batch_2_1061.png,https://pilotexp.s3.ca-central-1.amazonaws.com/cifar10/IMG_TRANSFORMED/contrast/batch_2_1061.png,0,0,0
